iso3,country,region,income,year,gdppc,arrivals,pop
ABW,Aruba,Latin America & Caribbean,High income,1980,,,59909.0
ABW,Aruba,Latin America & Caribbean,High income,1981,,,60563.0
ABW,Aruba,Latin America & Caribbean,High income,1982,,,61276.0
ABW,Aruba,Latin America & Caribbean,High income,1983,,,62228.0
ABW,Aruba,Latin America & Caribbean,High income,1984,,,62901.0
ABW,Aruba,Latin America & Caribbean,High income,1985,,,61728.0
ABW,Aruba,Latin America & Caribbean,High income,1986,16150.6510725001,,59931.0
ABW,Aruba,Latin America & Caribbean,High income,1987,18992.0683778812,,59159.0
ABW,Aruba,Latin America & Caribbean,High income,1988,22468.5071202357,,59331.0
ABW,Aruba,Latin America & Caribbean,High income,1989,24730.3964479092,,60443.0
ABW,Aruba,Latin America & Caribbean,High income,1990,24763.6538099384,,62753.0
ABW,Aruba,Latin America & Caribbean,High income,1991,25460.3630272927,,65896.0
ABW,Aruba,Latin America & Caribbean,High income,1992,25743.4455010025,,69005.0
ABW,Aruba,Latin America & Caribbean,High income,1993,25870.1533960504,,73685.0
ABW,Aruba,Latin America & Caribbean,High income,1994,26581.9767488997,,77595.0
ABW,Aruba,Latin America & Caribbean,High income,1995,26504.1864180809,912000.0,79805.0
ABW,Aruba,Latin America & Caribbean,High income,1996,25779.5979282247,957000.0,83021.0
ABW,Aruba,Latin America & Caribbean,High income,1997,26547.4166076696,947000.0,86301.0
ABW,Aruba,Latin America & Caribbean,High income,1998,26418.0883302727,906000.0,88451.0
ABW,Aruba,Latin America & Caribbean,High income,1999,26384.8105935137,972000.0,89659.0
ABW,Aruba,Latin America & Caribbean,High income,2000,28104.8954362859,1211000.0,90588.0
ABW,Aruba,Latin America & Caribbean,High income,2001,29007.7386958774,1178000.0,91439.0
ABW,Aruba,Latin America & Caribbean,High income,2002,28535.4639480222,1225000.0,92074.0
ABW,Aruba,Latin America & Caribbean,High income,2003,28525.8077063839,1184000.0,93128.0
ABW,Aruba,Latin America & Caribbean,High income,2004,29959.7748189582,1304000.0,95138.0
ABW,Aruba,Latin America & Caribbean,High income,2005,29081.7066997897,1286000.0,97635.0
ABW,Aruba,Latin America & Caribbean,High income,2006,28885.9118700469,1285000.0,99405.0
ABW,Aruba,Latin America & Caribbean,High income,2007,29556.8384686554,1254000.0,100150.0
ABW,Aruba,Latin America & Caribbean,High income,2008,29870.6648077005,1383000.0,100917.0
ABW,Aruba,Latin America & Caribbean,High income,2009,26204.0597361984,1420000.0,101604.0
ABW,Aruba,Latin America & Caribbean,High income,2010,25429.2180974853,1394000.0,101838.0
ABW,Aruba,Latin America & Caribbean,High income,2011,26093.0542083227,1469000.0,102591.0
ABW,Aruba,Latin America & Caribbean,High income,2012,25444.7336646687,1481000.0,104110.0
ABW,Aruba,Latin America & Caribbean,High income,2013,26680.1411206342,1667000.0,105675.0
ABW,Aruba,Latin America & Caribbean,High income,2014,26773.8229102391,1739000.0,106807.0
ABW,Aruba,Latin America & Caribbean,High income,2015,27458.2201537506,1832000.0,107906.0
ABW,Aruba,Latin America & Caribbean,High income,2016,27587.2498040483,1758000.0,108727.0
ABW,Aruba,Latin America & Caribbean,High income,2017,28548.8904317739,1863000.0,108735.0
ABW,Aruba,Latin America & Caribbean,High income,2018,29419.208623316,1897000.0,108908.0
ABW,Aruba,Latin America & Caribbean,High income,2019,29700.3634670565,1951000.0,109203.0
ABW,Aruba,Latin America & Caribbean,High income,2020,22718.2294445007,,108587.0
ABW,Aruba,Latin America & Caribbean,High income,2021,26303.0397202375,,107700.0
ABW,Aruba,Latin America & Caribbean,High income,2022,29198.9903584827,,107310.0
ABW,Aruba,Latin America & Caribbean,High income,2023,31963.0764505349,,107359.0
ABW,Aruba,Latin America & Caribbean,High income,2024,33938.9541769192,,107995.0
AFG,Afghanistan,"Middle East, North Africa, Afghanistan & Pakistan",Low income,1980,,,13169311.0
AFG,Afghanistan,"Middle East, North Africa, Afghanistan & Pakistan",Low income,1981,,,11937581.0
AFG,Afghanistan,"Middle East, North Africa, Afghanistan & Pakistan",Low income,1982,,,10991378.0
AFG,Afghanistan,"Middle East, North Africa, Afghanistan & Pakistan",Low income,1983,,,10917982.0
AFG,Afghanistan,"Middle East, North Africa, Afghanistan & Pakistan",Low income,1984,,,11190221.0
AFG,Afghanistan,"Middle East, North Africa, Afghanistan & Pakistan",Low income,1985,,,11426852.0
AFG,Afghanistan,"Middle East, North Africa, Afghanistan & Pakistan",Low income,1986,,,11420074.0
AFG,Afghanistan,"Middle East, North Africa, Afghanistan & Pakistan",Low income,1987,,,11387818.0
AFG,Afghanistan,"Middle East, North Africa, Afghanistan & Pakistan",Low income,1988,,,11523298.0
AFG,Afghanistan,"Middle East, North Africa, Afghanistan & Pakistan",Low income,1989,,,11874088.0
AFG,Afghanistan,"Middle East, North Africa, Afghanistan & Pakistan",Low income,1990,,,12045660.0
AFG,Afghanistan,"Middle East, North Africa, Afghanistan & Pakistan",Low income,1991,,,12238879.0
AFG,Afghanistan,"Middle East, North Africa, Afghanistan & Pakistan",Low income,1992,,,13278974.0
AFG,Afghanistan,"Middle East, North Africa, Afghanistan & Pakistan",Low income,1993,,,14943172.0
AFG,Afghanistan,"Middle East, North Africa, Afghanistan & Pakistan",Low income,1994,,,16250794.0
AFG,Afghanistan,"Middle East, North Africa, Afghanistan & Pakistan",Low income,1995,,,17065836.0
AFG,Afghanistan,"Middle East, North Africa, Afghanistan & Pakistan",Low income,1996,,,17763266.0
AFG,Afghanistan,"Middle East, North Africa, Afghanistan & Pakistan",Low income,1997,,,18452091.0
AFG,Afghanistan,"Middle East, North Africa, Afghanistan & Pakistan",Low income,1998,,,19159996.0
AFG,Afghanistan,"Middle East, North Africa, Afghanistan & Pakistan",Low income,1999,,,19887785.0
AFG,Afghanistan,"Middle East, North Africa, Afghanistan & Pakistan",Low income,2000,308.318269746638,,20130327.0
AFG,Afghanistan,"Middle East, North Africa, Afghanistan & Pakistan",Low income,2001,277.118051443941,,20284307.0
AFG,Afghanistan,"Middle East, North Africa, Afghanistan & Pakistan",Low income,2002,338.139973643387,,21378117.0
AFG,Afghanistan,"Middle East, North Africa, Afghanistan & Pakistan",Low income,2003,346.071627096223,,22733049.0
AFG,Afghanistan,"Middle East, North Africa, Afghanistan & Pakistan",Low income,2004,338.637273888197,,23560654.0
AFG,Afghanistan,"Middle East, North Africa, Afghanistan & Pakistan",Low income,2005,363.640141436773,,24404567.0
AFG,Afghanistan,"Middle East, North Africa, Afghanistan & Pakistan",Low income,2006,367.75831169358,,25424094.0
AFG,Afghanistan,"Middle East, North Africa, Afghanistan & Pakistan",Low income,2007,410.757728879097,,25909852.0
AFG,Afghanistan,"Middle East, North Africa, Afghanistan & Pakistan",Low income,2008,417.647282647498,,26482622.0
AFG,Afghanistan,"Middle East, North Africa, Afghanistan & Pakistan",Low income,2009,488.830652491949,,27466101.0
AFG,Afghanistan,"Middle East, North Africa, Afghanistan & Pakistan",Low income,2010,542.871030476037,,28284089.0
AFG,Afghanistan,"Middle East, North Africa, Afghanistan & Pakistan",Low income,2011,525.42698276582,,29347708.0
AFG,Afghanistan,"Middle East, North Africa, Afghanistan & Pakistan",Low income,2012,568.929021458341,,30560034.0
AFG,Afghanistan,"Middle East, North Africa, Afghanistan & Pakistan",Low income,2013,580.603833333096,,31622704.0
AFG,Afghanistan,"Middle East, North Africa, Afghanistan & Pakistan",Low income,2014,575.146245808546,,32792523.0
AFG,Afghanistan,"Middle East, North Africa, Afghanistan & Pakistan",Low income,2015,565.569730408751,,33831764.0
AFG,Afghanistan,"Middle East, North Africa, Afghanistan & Pakistan",Low income,2016,563.872336723147,,34700612.0
AFG,Afghanistan,"Middle East, North Africa, Afghanistan & Pakistan",Low income,2017,562.769574140988,,35688935.0
AFG,Afghanistan,"Middle East, North Africa, Afghanistan & Pakistan",Low income,2018,553.125151688293,,36743039.0
AFG,Afghanistan,"Middle East, North Africa, Afghanistan & Pakistan",Low income,2019,557.861533207459,,37856121.0
AFG,Afghanistan,"Middle East, North Africa, Afghanistan & Pakistan",Low income,2020,527.834554499306,,39068979.0
AFG,Afghanistan,"Middle East, North Africa, Afghanistan & Pakistan",Low income,2021,408.625855217403,,40000412.0
AFG,Afghanistan,"Middle East, North Africa, Afghanistan & Pakistan",Low income,2022,377.665627080705,,40578842.0
AFG,Afghanistan,"Middle East, North Africa, Afghanistan & Pakistan",Low income,2023,378.06630312259,,41454761.0
AFG,Afghanistan,"Middle East, North Africa, Afghanistan & Pakistan",Low income,2024,374.37669620849,,42647492.0
AGO,Angola,Sub-Saharan Africa,Lower middle income,1980,3186.73959671623,,8133872.0
AGO,Angola,Sub-Saharan Africa,Lower middle income,1981,2937.55129348153,,8435607.0
AGO,Angola,Sub-Saharan Africa,Lower middle income,1982,2831.46994190715,,8751648.0
AGO,Angola,Sub-Saharan Africa,Lower middle income,1983,2842.76539929869,,9082983.0
AGO,Angola,Sub-Saharan Africa,Lower middle income,1984,2903.70027038757,,9425917.0
AGO,Angola,Sub-Saharan Africa,Lower middle income,1985,2896.78303599316,,9779120.0
AGO,Angola,Sub-Saharan Africa,Lower middle income,1986,2874.86018426177,,10139450.0
AGO,Angola,Sub-Saharan Africa,Lower middle income,1987,2890.075475723,,10497858.0
AGO,Angola,Sub-Saharan Africa,Lower middle income,1988,2964.57234489924,,10861291.0
AGO,Angola,Sub-Saharan Africa,Lower middle income,1989,2866.24611382809,,11238562.0
AGO,Angola,Sub-Saharan Africa,Lower middle income,1990,2675.05239369334,,11626360.0
AGO,Angola,Sub-Saharan Africa,Lower middle income,1991,2612.33170519933,,12023529.0
AGO,Angola,Sub-Saharan Africa,Lower middle income,1992,2380.58274214001,,12423712.0
AGO,Angola,Sub-Saharan Africa,Lower middle income,1993,1752.7231866103,,12827135.0
AGO,Angola,Sub-Saharan Africa,Lower middle income,1994,1719.54294463666,,13249764.0
AGO,Angola,Sub-Saharan Africa,Lower middle income,1995,1912.51777520778,9000.0,13699778.0
AGO,Angola,Sub-Saharan Africa,Lower middle income,1996,2099.35045383251,21000.0,14170973.0
AGO,Angola,Sub-Saharan Africa,Lower middle income,1997,2176.87757983993,45000.0,14660413.0
AGO,Angola,Sub-Saharan Africa,Lower middle income,1998,2203.98692701402,52000.0,15159370.0
AGO,Angola,Sub-Saharan Africa,Lower middle income,1999,2179.06426973197,45000.0,15667235.0
AGO,Angola,Sub-Saharan Africa,Lower middle income,2000,2172.46326718726,51000.0,16194869.0
AGO,Angola,Sub-Saharan Africa,Lower middle income,2001,2189.17352158048,67000.0,16747208.0
AGO,Angola,Sub-Saharan Africa,Lower middle income,2002,2404.97792071735,91000.0,17327699.0
AGO,Angola,Sub-Saharan Africa,Lower middle income,2003,2403.40415157242,107000.0,17943712.0
AGO,Angola,Sub-Saharan Africa,Lower middle income,2004,2583.32411461508,194000.0,18600423.0
AGO,Angola,Sub-Saharan Africa,Lower middle income,2005,2843.39663579921,210000.0,19291161.0
AGO,Angola,Sub-Saharan Africa,Lower middle income,2006,3065.05576244155,121000.0,20015279.0
AGO,Angola,Sub-Saharan Africa,Lower middle income,2007,3336.36332465491,195000.0,20778561.0
AGO,Angola,Sub-Saharan Africa,Lower middle income,2008,3559.19522512538,294000.0,21578655.0
AGO,Angola,Sub-Saharan Africa,Lower middle income,2009,3494.80724466468,366000.0,22414773.0
AGO,Angola,Sub-Saharan Africa,Lower middle income,2010,3540.79159568681,425000.0,23294825.0
AGO,Angola,Sub-Saharan Africa,Lower middle income,2011,3528.16824373698,481000.0,24218352.0
AGO,Angola,Sub-Saharan Africa,Lower middle income,2012,3682.35229323075,528000.0,25177394.0
AGO,Angola,Sub-Saharan Africa,Lower middle income,2013,3716.29718727597,650000.0,26165620.0
AGO,Angola,Sub-Saharan Africa,Lower middle income,2014,3746.81619978931,595000.0,27160769.0
AGO,Angola,Sub-Saharan Africa,Lower middle income,2015,3641.72893920253,592000.0,28157798.0
AGO,Angola,Sub-Saharan Africa,Lower middle income,2016,3505.59634681792,397000.0,29183070.0
AGO,Angola,Sub-Saharan Africa,Lower middle income,2017,3378.07588102598,261000.0,30234839.0
AGO,Angola,Sub-Saharan Africa,Lower middle income,2018,3246.87857140997,218000.0,31297155.0
AGO,Angola,Sub-Saharan Africa,Lower middle income,2019,3105.59971242672,218000.0,32375632.0
AGO,Angola,Sub-Saharan Africa,Lower middle income,2020,2847.24241578243,,33451132.0
AGO,Angola,Sub-Saharan Africa,Lower middle income,2021,2788.16737086685,,34532429.0
AGO,Angola,Sub-Saharan Africa,Lower middle income,2022,2798.01717317688,,35635029.0
AGO,Angola,Sub-Saharan Africa,Lower middle income,2023,2748.95196954248,,36749906.0
AGO,Angola,Sub-Saharan Africa,Lower middle income,2024,2798.59392792708,,37885849.0
ALB,Albania,Europe & Central Asia,Upper middle income,1980,1823.48926046182,,2671997.0
ALB,Albania,Europe & Central Asia,Upper middle income,1981,1890.02197487257,,2726056.0
ALB,Albania,Europe & Central Asia,Upper middle income,1982,1905.06352710108,,2784278.0
ALB,Albania,Europe & Central Asia,Upper middle income,1983,1885.6927997741,,2843960.0
ALB,Albania,Europe & Central Asia,Upper middle income,1984,1823.32356317723,,2904429.0
ALB,Albania,Europe & Central Asia,Upper middle income,1985,1818.02506971777,,2964762.0
ALB,Albania,Europe & Central Asia,Upper middle income,1986,1883.74041369284,,3022635.0
ALB,Albania,Europe & Central Asia,Upper middle income,1987,1831.94703921937,,3083605.0
ALB,Albania,Europe & Central Asia,Upper middle income,1988,1772.17935790921,,3142336.0
ALB,Albania,Europe & Central Asia,Upper middle income,1989,1894.87827425617,,3227943.0
ALB,Albania,Europe & Central Asia,Upper middle income,1990,1682.8810874018,,3286542.0
ALB,Albania,Europe & Central Asia,Upper middle income,1991,1218.96427317362,,3266790.0
ALB,Albania,Europe & Central Asia,Upper middle income,1992,1138.23773998809,,3247039.0
ALB,Albania,Europe & Central Asia,Upper middle income,1993,1254.67888414888,,3227287.0
ALB,Albania,Europe & Central Asia,Upper middle income,1994,1367.22058963712,,3207536.0
ALB,Albania,Europe & Central Asia,Upper middle income,1995,1558.96638565461,304000.0,3187784.0
ALB,Albania,Europe & Central Asia,Upper middle income,1996,1683.76965547424,287000.0,3168033.0
ALB,Albania,Europe & Central Asia,Upper middle income,1997,1495.90035328523,119000.0,3148281.0
ALB,Albania,Europe & Central Asia,Upper middle income,1998,1630.43874131845,184000.0,3128530.0
ALB,Albania,Europe & Central Asia,Upper middle income,1999,1841.80762760566,371000.0,3108778.0
ALB,Albania,Europe & Central Asia,Upper middle income,2000,1991.91435867116,317000.0,3089027.0
ALB,Albania,Europe & Central Asia,Upper middle income,2001,2188.91854451375,354000.0,3060173.0
ALB,Albania,Europe & Central Asia,Upper middle income,2002,2297.10853513924,470000.0,3051010.0
ALB,Albania,Europe & Central Asia,Upper middle income,2003,2428.68934653563,557000.0,3039616.0
ALB,Albania,Europe & Central Asia,Upper middle income,2004,2567.29763687121,645000.0,3026939.0
ALB,Albania,Europe & Central Asia,Upper middle income,2005,2712.86983830331,748000.0,3011487.0
ALB,Albania,Europe & Central Asia,Upper middle income,2006,2894.36032580174,937000.0,2992547.0
ALB,Albania,Europe & Central Asia,Upper middle income,2007,3105.8796756386,1127000.0,2970017.0
ALB,Albania,Europe & Central Asia,Upper middle income,2008,3345.98161761476,1420000.0,2947314.0
ALB,Albania,Europe & Central Asia,Upper middle income,2009,3459.24695646692,1856000.0,2927519.0
ALB,Albania,Europe & Central Asia,Upper middle income,2010,3579.82413181046,2417000.0,2913021.0
ALB,Albania,Europe & Central Asia,Upper middle income,2011,3677.89457937717,2932000.0,2905195.0
ALB,Albania,Europe & Central Asia,Upper middle income,2012,3771.84781862015,3514000.0,2860708.0
ALB,Albania,Europe & Central Asia,Upper middle income,2013,3895.89975621942,3256000.0,2816902.0
ALB,Albania,Europe & Central Asia,Upper middle income,2014,4045.11934884933,3673000.0,2773767.0
ALB,Albania,Europe & Central Asia,Upper middle income,2015,4199.53912925398,4131000.0,2731293.0
ALB,Albania,Europe & Central Asia,Upper middle income,2016,4431.55635814168,4736000.0,2689469.0
ALB,Albania,Europe & Central Asia,Upper middle income,2017,4648.23078660658,5118000.0,2648285.0
ALB,Albania,Europe & Central Asia,Upper middle income,2018,4893.82375538717,5927000.0,2607733.0
ALB,Albania,Europe & Central Asia,Upper middle income,2019,5072.43648354739,6406000.0,2567801.0
ALB,Albania,Europe & Central Asia,Upper middle income,2020,4980.61699524696,2658000.0,2528480.0
ALB,Albania,Europe & Central Asia,Upper middle income,2021,5511.75743402862,,2489762.0
ALB,Albania,Europe & Central Asia,Upper middle income,2022,5867.65096230557,,2451636.0
ALB,Albania,Europe & Central Asia,Upper middle income,2023,6204.43525612114,,2411658.0
ALB,Albania,Europe & Central Asia,Upper middle income,2024,6549.23387415397,,2377128.0
AND,Andorra,Europe & Central Asia,High income,1980,34281.7439470011,,35782.0
AND,Andorra,Europe & Central Asia,High income,1981,32958.7650434369,,37169.0
AND,Andorra,Europe & Central Asia,High income,1982,31996.5442033019,,38764.0
AND,Andorra,Europe & Central Asia,High income,1983,31117.1962264429,,40565.0
AND,Andorra,Europe & Central Asia,High income,1984,30392.8420669422,,42273.0
AND,Andorra,Europe & Central Asia,High income,1985,29997.0862678001,,43825.0
AND,Andorra,Europe & Central Asia,High income,1986,29680.1329452757,,45734.0
AND,Andorra,Europe & Central Asia,High income,1987,30064.9979685293,,47653.0
AND,Andorra,Europe & Central Asia,High income,1988,30469.3442419146,,49416.0
AND,Andorra,Europe & Central Asia,High income,1989,31180.4123341226,,50620.0
AND,Andorra,Europe & Central Asia,High income,1990,31143.1468757172,,52597.0
AND,Andorra,Europe & Central Asia,High income,1991,29642.3059817481,,56667.0
AND,Andorra,Europe & Central Asia,High income,1992,28161.9424937627,,60200.0
AND,Andorra,Europe & Central Asia,High income,1993,26518.2336337044,,63272.0
AND,Andorra,Europe & Central Asia,High income,1994,26587.1383046901,,64612.0
AND,Andorra,Europe & Central Asia,High income,1995,27619.5060618267,,63912.0
AND,Andorra,Europe & Central Asia,High income,1996,28871.2160752297,,63984.0
AND,Andorra,Europe & Central Asia,High income,1997,31140.6896819813,,64700.0
AND,Andorra,Europe & Central Asia,High income,1998,31800.3640678661,,65382.0
AND,Andorra,Europe & Central Asia,High income,1999,32938.6437411832,9422000.0,65710.0
AND,Andorra,Europe & Central Asia,High income,2000,34113.8173783949,10991000.0,65685.0
AND,Andorra,Europe & Central Asia,High income,2001,36790.1037086022,11351000.0,65852.0
AND,Andorra,Europe & Central Asia,High income,2002,38084.4843108589,11507000.0,66506.0
AND,Andorra,Europe & Central Asia,High income,2003,39620.3201605161,11601000.0,69486.0
AND,Andorra,Europe & Central Asia,High income,2004,40054.3211531421,11668000.0,74325.0
AND,Andorra,Europe & Central Asia,High income,2005,40528.17486238,11049000.0,77421.0
AND,Andorra,Europe & Central Asia,High income,2006,41322.0529213846,10737000.0,79585.0
AND,Andorra,Europe & Central Asia,High income,2007,40789.1589697748,10743000.0,81877.0
AND,Andorra,Europe & Central Asia,High income,2008,37775.1261404342,10194000.0,83495.0
AND,Andorra,Europe & Central Asia,High income,2009,35604.3840098196,9112000.0,83888.0
AND,Andorra,Europe & Central Asia,High income,2010,36277.2644425331,8551000.0,80706.0
AND,Andorra,Europe & Central Asia,High income,2011,37637.4868342866,7983000.0,77783.0
AND,Andorra,Europe & Central Asia,High income,2012,36206.9784356446,7900000.0,76834.0
AND,Andorra,Europe & Central Asia,High income,2013,35684.1694347737,7676000.0,75194.0
AND,Andorra,Europe & Central Asia,High income,2014,37300.6244197096,7797000.0,73737.0
AND,Andorra,Europe & Central Asia,High income,2015,38654.9347217207,7850000.0,72174.0
AND,Andorra,Europe & Central Asia,High income,2016,40085.020598622,8025000.0,72181.0
AND,Andorra,Europe & Central Asia,High income,2017,39361.0622648699,8152000.0,73763.0
AND,Andorra,Europe & Central Asia,High income,2018,39242.1448975099,8328000.0,75162.0
AND,Andorra,Europe & Central Asia,High income,2019,39346.275035865,8235000.0,76474.0
AND,Andorra,Europe & Central Asia,High income,2020,34536.6499222556,5207000.0,77380.0
AND,Andorra,Europe & Central Asia,High income,2021,36929.0191528644,,78364.0
AND,Andorra,Europe & Central Asia,High income,2022,39780.3966130791,,79705.0
AND,Andorra,Europe & Central Asia,High income,2023,40227.23352974,,80856.0
AND,Andorra,Europe & Central Asia,High income,2024,41223.9924906603,,81938.0
ARE,United Arab Emirates,"Middle East, North Africa, Afghanistan & Pakistan",High income,1980,117073.349209195,,1015700.0
ARE,United Arab Emirates,"Middle East, North Africa, Afghanistan & Pakistan",High income,1981,113153.021056465,,1099855.0
ARE,United Arab Emirates,"Middle East, North Africa, Afghanistan & Pakistan",High income,1982,99530.8620333545,,1166370.0
ARE,United Arab Emirates,"Middle East, North Africa, Afghanistan & Pakistan",High income,1983,89516.4418303787,,1235305.0
ARE,United Arab Emirates,"Middle East, North Africa, Afghanistan & Pakistan",High income,1984,88072.4472005835,,1305996.0
ARE,United Arab Emirates,"Middle East, North Africa, Afghanistan & Pakistan",High income,1985,80474.9846535844,,1377911.0
ARE,United Arab Emirates,"Middle East, North Africa, Afghanistan & Pakistan",High income,1986,64264.8083407516,,1467383.0
ARE,United Arab Emirates,"Middle East, North Africa, Afghanistan & Pakistan",High income,1987,61928.0314785734,,1574244.0
ARE,United Arab Emirates,"Middle East, North Africa, Afghanistan & Pakistan",High income,1988,56449.7552349159,,1681788.0
ARE,United Arab Emirates,"Middle East, North Africa, Afghanistan & Pakistan",High income,1989,59586.0443169486,,1789851.0
ARE,United Arab Emirates,"Middle East, North Africa, Afghanistan & Pakistan",High income,1990,66481.5897466438,,1898220.0
ARE,United Arab Emirates,"Middle East, North Africa, Afghanistan & Pakistan",High income,1991,63430.906618065,,2006626.0
ARE,United Arab Emirates,"Middle East, North Africa, Afghanistan & Pakistan",High income,1992,62201.818382813,,2114730.0
ARE,United Arab Emirates,"Middle East, North Africa, Afghanistan & Pakistan",High income,1993,59942.9907988351,,2222093.0
ARE,United Arab Emirates,"Middle East, North Africa, Afghanistan & Pakistan",High income,1994,61156.7439104734,,2328188.0
ARE,United Arab Emirates,"Middle East, North Africa, Afghanistan & Pakistan",High income,1995,62393.299324125,,2434662.0
ARE,United Arab Emirates,"Middle East, North Africa, Afghanistan & Pakistan",High income,1996,61871.4211109814,,2597564.0
ARE,United Arab Emirates,"Middle East, North Africa, Afghanistan & Pakistan",High income,1997,61715.5311994502,,2817410.0
ARE,United Arab Emirates,"Middle East, North Africa, Afghanistan & Pakistan",High income,1998,57355.8965054096,,3040421.0
ARE,United Arab Emirates,"Middle East, North Africa, Afghanistan & Pakistan",High income,1999,54943.770569469,,3266009.0
ARE,United Arab Emirates,"Middle East, North Africa, Afghanistan & Pakistan",High income,2000,56939.3600767998,,3493575.0
ARE,United Arab Emirates,"Middle East, North Africa, Afghanistan & Pakistan",High income,2001,54169.4135701565,,3723590.0
ARE,United Arab Emirates,"Middle East, North Africa, Afghanistan & Pakistan",High income,2002,52216.8318338175,,3956826.0
ARE,United Arab Emirates,"Middle East, North Africa, Afghanistan & Pakistan",High income,2003,53619.1662875958,,4192457.0
ARE,United Arab Emirates,"Middle East, North Africa, Afghanistan & Pakistan",High income,2004,55611.4376344125,,4428967.0
ARE,United Arab Emirates,"Middle East, North Africa, Afghanistan & Pakistan",High income,2005,55363.5818196998,,4664790.0
ARE,United Arab Emirates,"Middle East, North Africa, Afghanistan & Pakistan",High income,2006,56629.9713117545,,5009100.0
ARE,United Arab Emirates,"Middle East, North Africa, Afghanistan & Pakistan",High income,2007,52038.6229393122,,5624635.0
ARE,United Arab Emirates,"Middle East, North Africa, Afghanistan & Pakistan",High income,2008,47922.6941430472,,6302664.0
ARE,United Arab Emirates,"Middle East, North Africa, Afghanistan & Pakistan",High income,2009,42672.1946222627,,6707058.0
ARE,United Arab Emirates,"Middle East, North Africa, Afghanistan & Pakistan",High income,2010,42328.84668186,,6869838.0
ARE,United Arab Emirates,"Middle East, North Africa, Afghanistan & Pakistan",High income,2011,43687.7919424546,,7104538.0
ARE,United Arab Emirates,"Middle East, North Africa, Afghanistan & Pakistan",High income,2012,43958.5779670713,,7391448.0
ARE,United Arab Emirates,"Middle East, North Africa, Afghanistan & Pakistan",High income,2013,44312.6320463505,,7693031.0
ARE,United Arab Emirates,"Middle East, North Africa, Afghanistan & Pakistan",High income,2014,44257.6652085451,,8059440.0
ARE,United Arab Emirates,"Middle East, North Africa, Afghanistan & Pakistan",High income,2015,44910.3458860776,19313000.0,8505237.0
ARE,United Arab Emirates,"Middle East, North Africa, Afghanistan & Pakistan",High income,2016,45168.4955973912,20894000.0,8935095.0
ARE,United Arab Emirates,"Middle East, North Africa, Afghanistan & Pakistan",High income,2017,43293.0202360765,21805000.0,9223225.0
ARE,United Arab Emirates,"Middle East, North Africa, Afghanistan & Pakistan",High income,2018,43377.802601486,23092000.0,9346701.0
ARE,United Arab Emirates,"Middle East, North Africa, Afghanistan & Pakistan",High income,2019,43468.4534705013,25282000.0,9445785.0
ARE,United Arab Emirates,"Middle East, North Africa, Afghanistan & Pakistan",High income,2020,39878.4663896389,8084000.0,9401038.0
ARE,United Arab Emirates,"Middle East, North Africa, Afghanistan & Pakistan",High income,2021,40935.8915482084,,9575152.0
ARE,United Arab Emirates,"Middle East, North Africa, Afghanistan & Pakistan",High income,2022,41828.5686923546,,10074977.0
ARE,United Arab Emirates,"Middle East, North Africa, Afghanistan & Pakistan",High income,2023,41926.5773498407,,10483751.0
ARE,United Arab Emirates,"Middle East, North Africa, Afghanistan & Pakistan",High income,2024,41605.4138706908,,10986400.0
ARG,Argentina,Latin America & Caribbean,Upper middle income,1980,10275.7987023886,,28011596.0
ARG,Argentina,Latin America & Caribbean,Upper middle income,1981,9587.67379423426,,28463959.0
ARG,Argentina,Latin America & Caribbean,Upper middle income,1982,9365.68465387847,,28924262.0
ARG,Argentina,Latin America & Caribbean,Upper middle income,1983,9617.7000569575,,29391332.0
ARG,Argentina,Latin America & Caribbean,Upper middle income,1984,9614.44726215357,,29863093.0
ARG,Argentina,Latin America & Caribbean,Upper middle income,1985,8973.31874865813,,30336441.0
ARG,Argentina,Latin America & Caribbean,Upper middle income,1986,9378.46866394349,,30811980.0
ARG,Argentina,Latin America & Caribbean,Upper middle income,1987,9484.45876638052,,31291762.0
ARG,Argentina,Latin America & Caribbean,Upper middle income,1988,9236.80771302535,,31780532.0
ARG,Argentina,Latin America & Caribbean,Upper middle income,1989,8445.4100923428,,32270948.0
ARG,Argentina,Latin America & Caribbean,Upper middle income,1990,8115.09386370753,,32755901.0
ARG,Argentina,Latin America & Caribbean,Upper middle income,1991,8729.82318518892,,33230294.0
ARG,Argentina,Latin America & Caribbean,Upper middle income,1992,9293.18692251748,,33693527.0
ARG,Argentina,Latin America & Caribbean,Upper middle income,1993,9920.67358582437,,34152717.0
ARG,Argentina,Latin America & Caribbean,Upper middle income,1994,10359.8927204871,,34613491.0
ARG,Argentina,Latin America & Caribbean,Upper middle income,1995,9934.10776139515,2289000.0,35070020.0
ARG,Argentina,Latin America & Caribbean,Upper middle income,1996,10352.1400002191,2614000.0,35513793.0
ARG,Argentina,Latin America & Caribbean,Upper middle income,1997,11056.6881331002,2764000.0,35947791.0
ARG,Argentina,Latin America & Caribbean,Upper middle income,1998,11348.2022124673,3012000.0,36372860.0
ARG,Argentina,Latin America & Caribbean,Upper middle income,1999,10838.3199346387,2898000.0,36794682.0
ARG,Argentina,Latin America & Caribbean,Upper middle income,2000,10631.6503639029,2909000.0,37213984.0
ARG,Argentina,Latin America & Caribbean,Upper middle income,2001,10051.9448463043,2620000.0,37624825.0
ARG,Argentina,Latin America & Caribbean,Upper middle income,2002,8861.56199282278,2820000.0,38029349.0
ARG,Argentina,Latin America & Caribbean,Upper middle income,2003,9545.53194119994,2995000.0,38424282.0
ARG,Argentina,Latin America & Caribbean,Upper middle income,2004,10302.4465316428,3457000.0,38815916.0
ARG,Argentina,Latin America & Caribbean,Upper middle income,2005,11099.7509190602,3823000.0,39216789.0
ARG,Argentina,Latin America & Caribbean,Upper middle income,2006,11870.2791559298,4173000.0,39622115.0
ARG,Argentina,Latin America & Caribbean,Upper middle income,2007,12811.9021206578,4562000.0,40016763.0
ARG,Argentina,Latin America & Caribbean,Upper middle income,2008,13197.3570267029,4700000.0,40424148.0
ARG,Argentina,Latin America & Caribbean,Upper middle income,2009,12285.3784651865,4308000.0,40854831.0
ARG,Argentina,Latin America & Caribbean,Upper middle income,2010,13387.1553748458,6800000.0,41288694.0
ARG,Argentina,Latin America & Caribbean,Upper middle income,2011,14040.6189124444,6703000.0,41730660.0
ARG,Argentina,Latin America & Caribbean,Upper middle income,2012,13754.4254235596,6497000.0,42161721.0
ARG,Argentina,Latin America & Caribbean,Upper middle income,2013,13946.0950832252,6510000.0,42582455.0
ARG,Argentina,Latin America & Caribbean,Upper middle income,2014,13456.1319159151,7165000.0,43024071.0
ARG,Argentina,Latin America & Caribbean,Upper middle income,2015,13679.6264980954,6816000.0,43477012.0
ARG,Argentina,Latin America & Caribbean,Upper middle income,2016,13265.8860639123,6668000.0,43900313.0
ARG,Argentina,Latin America & Caribbean,Upper middle income,2017,13520.1129846159,6711000.0,44288894.0
ARG,Argentina,Latin America & Caribbean,Upper middle income,2018,13058.3285449954,6942000.0,44654882.0
ARG,Argentina,Latin America & Caribbean,Upper middle income,2019,12706.3978108968,7399000.0,44973465.0
ARG,Argentina,Latin America & Caribbean,Upper middle income,2020,11393.0505957877,,45191965.0
ARG,Argentina,Latin America & Caribbean,Upper middle income,2021,12549.2811699342,,45312281.0
ARG,Argentina,Latin America & Caribbean,Upper middle income,2022,13276.8232110189,,45407904.0
ARG,Argentina,Latin America & Caribbean,Upper middle income,2023,12993.0928872416,,45538401.0
ARG,Argentina,Latin America & Caribbean,Upper middle income,2024,12774.3506596628,,45696159.0
ARM,Armenia,Europe & Central Asia,Upper middle income,1980,,,3107415.0
ARM,Armenia,Europe & Central Asia,Upper middle income,1981,,,3135349.0
ARM,Armenia,Europe & Central Asia,Upper middle income,1982,,,3163144.0
ARM,Armenia,Europe & Central Asia,Upper middle income,1983,,,3191539.0
ARM,Armenia,Europe & Central Asia,Upper middle income,1984,,,3224547.0
ARM,Armenia,Europe & Central Asia,Upper middle income,1985,,,3260432.0
ARM,Armenia,Europe & Central Asia,Upper middle income,1986,,,3294847.0
ARM,Armenia,Europe & Central Asia,Upper middle income,1987,,,3328520.0
ARM,Armenia,Europe & Central Asia,Upper middle income,1988,,,3355125.0
ARM,Armenia,Europe & Central Asia,Upper middle income,1989,,,3443100.0
ARM,Armenia,Europe & Central Asia,Upper middle income,1990,1644.02214502158,,3552128.0
ARM,Armenia,Europe & Central Asia,Upper middle income,1991,1426.82791357144,,3613977.0
ARM,Armenia,Europe & Central Asia,Upper middle income,1992,840.205259177402,,3571861.0
ARM,Armenia,Europe & Central Asia,Upper middle income,1993,792.567859246381,,3453332.0
ARM,Armenia,Europe & Central Asia,Upper middle income,1994,857.394474812969,,3364610.0
ARM,Armenia,Europe & Central Asia,Upper middle income,1995,932.357829471807,12000.0,3307581.0
ARM,Armenia,Europe & Central Asia,Upper middle income,1996,995.728275319872,13000.0,3278735.0
ARM,Armenia,Europe & Central Asia,Upper middle income,1997,1039.0798243009,23000.0,3246289.0
ARM,Armenia,Europe & Central Asia,Upper middle income,1998,1128.09888845227,32000.0,3208401.0
ARM,Armenia,Europe & Central Asia,Upper middle income,1999,1180.45341995952,41000.0,3167286.0
ARM,Armenia,Europe & Central Asia,Upper middle income,2000,1229.21510436102,45000.0,3221100.0
ARM,Armenia,Europe & Central Asia,Upper middle income,2001,1351.12072694555,123000.0,3211800.0
ARM,Armenia,Europe & Central Asia,Upper middle income,2002,1535.20452885187,162000.0,3199800.0
ARM,Armenia,Europe & Central Asia,Upper middle income,2003,1759.64684829386,206000.0,3182500.0
ARM,Armenia,Europe & Central Asia,Upper middle income,2004,1955.22262459229,263000.0,3164900.0
ARM,Armenia,Europe & Central Asia,Upper middle income,2005,2240.09273209788,319000.0,3146400.0
ARM,Armenia,Europe & Central Asia,Upper middle income,2006,2551.43546358452,382000.0,3127100.0
ARM,Armenia,Europe & Central Asia,Upper middle income,2007,2919.3734936373,511000.0,3107400.0
ARM,Armenia,Europe & Central Asia,Upper middle income,2008,3141.33193500774,558000.0,3087100.0
ARM,Armenia,Europe & Central Asia,Upper middle income,2009,2716.97436280471,575000.0,3066000.0
ARM,Armenia,Europe & Central Asia,Upper middle income,2010,2796.08143428043,684000.0,3044800.0
ARM,Armenia,Europe & Central Asia,Upper middle income,2011,2943.83687119315,758000.0,3027900.0
ARM,Armenia,Europe & Central Asia,Upper middle income,2012,3159.75860786889,963000.0,3024100.0
ARM,Armenia,Europe & Central Asia,Upper middle income,2013,3266.29882999873,1084000.0,3022000.0
ARM,Armenia,Europe & Central Asia,Upper middle income,2014,3393.09252326884,1204000.0,3013800.0
ARM,Armenia,Europe & Central Asia,Upper middle income,2015,3512.39350276709,1192000.0,3004600.0
ARM,Armenia,Europe & Central Asia,Upper middle income,2016,3533.88503607007,1260000.0,2992300.0
ARM,Armenia,Europe & Central Asia,Upper middle income,2017,3815.3747426037,1495000.0,2979400.0
ARM,Armenia,Europe & Central Asia,Upper middle income,2018,4027.83393010979,1652000.0,2969000.0
ARM,Armenia,Europe & Central Asia,Upper middle income,2019,4343.45839583019,1894000.0,2962500.0
ARM,Armenia,Europe & Central Asia,Upper middle income,2020,4032.09043454955,375000.0,2961500.0
ARM,Armenia,Europe & Central Asia,Upper middle income,2021,4264.79961505187,,2962300.0
ARM,Armenia,Europe & Central Asia,Upper middle income,2022,4791.00481712183,,2969200.0
ARM,Armenia,Europe & Central Asia,Upper middle income,2023,5197.23509013575,,2964300.0
ARM,Armenia,Europe & Central Asia,Upper middle income,2024,5378.31799981682,,3033500.0
ASM,American Samoa,East Asia & Pacific,High income,1980,,,32403.0
ASM,American Samoa,East Asia & Pacific,High income,1981,,,33584.0
ASM,American Samoa,East Asia & Pacific,High income,1982,,,34909.0
ASM,American Samoa,East Asia & Pacific,High income,1983,,,36271.0
ASM,American Samoa,East Asia & Pacific,High income,1984,,,37667.0
ASM,American Samoa,East Asia & Pacific,High income,1985,,,39103.0
ASM,American Samoa,East Asia & Pacific,High income,1986,,,40571.0
ASM,American Samoa,East Asia & Pacific,High income,1987,,,42072.0
ASM,American Samoa,East Asia & Pacific,High income,1988,,,43615.0
ASM,American Samoa,East Asia & Pacific,High income,1989,,,45191.0
ASM,American Samoa,East Asia & Pacific,High income,1990,,,46640.0
ASM,American Samoa,East Asia & Pacific,High income,1991,,,47882.0
ASM,American Samoa,East Asia & Pacific,High income,1992,,,49038.0
ASM,American Samoa,East Asia & Pacific,High income,1993,,,50159.0
ASM,American Samoa,East Asia & Pacific,High income,1994,,,51251.0
ASM,American Samoa,East Asia & Pacific,High income,1995,,34000.0,52316.0
ASM,American Samoa,East Asia & Pacific,High income,1996,,35000.0,53353.0
ASM,American Samoa,East Asia & Pacific,High income,1997,,26000.0,54362.0
ASM,American Samoa,East Asia & Pacific,High income,1998,,36000.0,55334.0
ASM,American Samoa,East Asia & Pacific,High income,1999,,41000.0,56248.0
ASM,American Samoa,East Asia & Pacific,High income,2000,,44000.0,56855.0
ASM,American Samoa,East Asia & Pacific,High income,2001,,36000.0,57053.0
ASM,American Samoa,East Asia & Pacific,High income,2002,13054.6364326897,,57062.0
ASM,American Samoa,East Asia & Pacific,High income,2003,13201.7347516166,,56971.0
ASM,American Samoa,East Asia & Pacific,High income,2004,13291.5356626851,,56818.0
ASM,American Samoa,East Asia & Pacific,High income,2005,13284.2791128875,24500.0,56617.0
ASM,American Samoa,East Asia & Pacific,High income,2006,12794.7565021718,25299.9992370605,56374.0
ASM,American Samoa,East Asia & Pacific,High income,2007,13092.3111393408,24100.0003814697,56113.0
ASM,American Samoa,East Asia & Pacific,High income,2008,12809.4633079683,24299.9992370605,55828.0
ASM,American Samoa,East Asia & Pacific,High income,2009,12342.0575384016,23500.0,55528.0
ASM,American Samoa,East Asia & Pacific,High income,2010,12446.3086265015,23100.0003814697,55228.0
ASM,American Samoa,East Asia & Pacific,High income,2011,12521.8095058644,22600.0003814697,54895.0
ASM,American Samoa,East Asia & Pacific,High income,2012,12068.2667374983,22600.0003814697,54489.0
ASM,American Samoa,East Asia & Pacific,High income,2013,11871.7937192729,20799.9992370605,54006.0
ASM,American Samoa,East Asia & Pacific,High income,2014,12203.0894714284,21600.0003814697,53466.0
ASM,American Samoa,East Asia & Pacific,High income,2015,12727.4102651386,20299.9992370605,52878.0
ASM,American Samoa,East Asia & Pacific,High income,2016,12665.2829921268,20100.0003814697,52245.0
ASM,American Samoa,East Asia & Pacific,High income,2017,11930.7771236826,20000.0,51586.0
ASM,American Samoa,East Asia & Pacific,High income,2018,12412.6024074562,20200.0007629395,50908.0
ASM,American Samoa,East Asia & Pacific,High income,2019,12524.0160252283,19200.0007629395,50209.0
ASM,American Samoa,East Asia & Pacific,High income,2020,13194.274740128,899.999976158142,49761.0
ASM,American Samoa,East Asia & Pacific,High income,2021,13233.5784817341,,49225.0
ASM,American Samoa,East Asia & Pacific,High income,2022,13709.0974895473,,48342.0
ASM,American Samoa,East Asia & Pacific,High income,2023,,,47521.0
ASM,American Samoa,East Asia & Pacific,High income,2024,,,46765.0
ATG,Antigua and Barbuda,Latin America & Caribbean,High income,1980,7323.12585537909,,64513.0
ATG,Antigua and Barbuda,Latin America & Caribbean,High income,1981,7584.59252748296,,64665.0
ATG,Antigua and Barbuda,Latin America & Caribbean,High income,1982,7564.22182367711,,64785.0
ATG,Antigua and Barbuda,Latin America & Caribbean,High income,1983,7951.66482552649,,64934.0
ATG,Antigua and Barbuda,Latin America & Caribbean,High income,1984,8766.9905761522,,64882.0
ATG,Antigua and Barbuda,Latin America & Caribbean,High income,1985,9479.64251106372,,64591.0
ATG,Antigua and Barbuda,Latin America & Caribbean,High income,1986,10620.9981924893,,64276.0
ATG,Antigua and Barbuda,Latin America & Caribbean,High income,1987,11383.2024679696,,63946.0
ATG,Antigua and Barbuda,Latin America & Caribbean,High income,1988,12037.4265333265,,63623.0
ATG,Antigua and Barbuda,Latin America & Caribbean,High income,1989,12729.2904324833,,63325.0
ATG,Antigua and Barbuda,Latin America & Caribbean,High income,1990,13166.5241173582,,63066.0
ATG,Antigua and Barbuda,Latin America & Caribbean,High income,1991,13385.0114363295,,63387.0
ATG,Antigua and Barbuda,Latin America & Caribbean,High income,1992,13326.2728796496,,64404.0
ATG,Antigua and Barbuda,Latin America & Caribbean,High income,1993,13776.8264136781,,65587.0
ATG,Antigua and Barbuda,Latin America & Caribbean,High income,1994,14420.4693979194,,66843.0
ATG,Antigua and Barbuda,Latin America & Caribbean,High income,1995,13519.5287711166,447000.0,68189.0
ATG,Antigua and Barbuda,Latin America & Caribbean,High income,1996,14117.8679127333,498000.0,69612.0
ATG,Antigua and Barbuda,Latin America & Caribbean,High income,1997,14588.3079841576,526000.0,71053.0
ATG,Antigua and Barbuda,Latin America & Caribbean,High income,1998,14991.7802610684,570000.0,72412.0
ATG,Antigua and Barbuda,Latin America & Caribbean,High income,1999,15282.9733985907,560000.0,73666.0
ATG,Antigua and Barbuda,Latin America & Caribbean,High income,2000,15961.0918359058,634000.0,74912.0
ATG,Antigua and Barbuda,Latin America & Caribbean,High income,2001,15003.4389169034,624000.0,76069.0
ATG,Antigua and Barbuda,Latin America & Caribbean,High income,2002,14968.0703013883,528000.0,77032.0
ATG,Antigua and Barbuda,Latin America & Caribbean,High income,2003,15703.9347145491,623000.0,77884.0
ATG,Antigua and Barbuda,Latin America & Caribbean,High income,2004,16433.4130541483,769000.0,78719.0
ATG,Antigua and Barbuda,Latin America & Caribbean,High income,2005,17301.2134317518,712000.0,79611.0
ATG,Antigua and Barbuda,Latin America & Caribbean,High income,2006,19259.6486517907,838000.0,80604.0
ATG,Antigua and Barbuda,Latin America & Caribbean,High income,2007,20770.2689732844,935000.0,81704.0
ATG,Antigua and Barbuda,Latin America & Caribbean,High income,2008,20464.786306605,863000.0,82912.0
ATG,Antigua and Barbuda,Latin America & Caribbean,High income,2009,17746.700856041,944000.0,84173.0
ATG,Antigua and Barbuda,Latin America & Caribbean,High income,2010,16135.397384487,788000.0,85320.0
ATG,Antigua and Barbuda,Latin America & Caribbean,High income,2011,15633.9091131821,848000.0,86332.0
ATG,Antigua and Barbuda,Latin America & Caribbean,High income,2012,15989.3900199779,819000.0,87260.0
ATG,Antigua and Barbuda,Latin America & Caribbean,High income,2013,15748.1952024226,777000.0,88064.0
ATG,Antigua and Barbuda,Latin America & Caribbean,High income,2014,15967.284996712,771000.0,88765.0
ATG,Antigua and Barbuda,Latin America & Caribbean,High income,2015,16077.6340769406,894000.0,89409.0
ATG,Antigua and Barbuda,Latin America & Caribbean,High income,2016,16635.895232831,874000.0,89969.0
ATG,Antigua and Barbuda,Latin America & Caribbean,High income,2017,16992.9327495236,1040000.0,90468.0
ATG,Antigua and Barbuda,Latin America & Caribbean,High income,2018,18042.1596435727,1064000.0,90926.0
ATG,Antigua and Barbuda,Latin America & Caribbean,High income,2019,18525.2588907167,1035000.0,91364.0
ATG,Antigua and Barbuda,Latin America & Caribbean,High income,2020,14950.8942397208,384500.0,91846.0
ATG,Antigua and Barbuda,Latin America & Caribbean,High income,2021,16084.7214406048,,92349.0
ATG,Antigua and Barbuda,Latin America & Caribbean,High income,2022,17359.2674811108,,92840.0
ATG,Antigua and Barbuda,Latin America & Caribbean,High income,2023,17938.3186828047,,93316.0
ATG,Antigua and Barbuda,Latin America & Caribbean,High income,2024,18304.5836762037,,93772.0
AUS,Australia,East Asia & Pacific,High income,1980,30796.9990737135,,14692000.0
AUS,Australia,East Asia & Pacific,High income,1981,31333.1633085396,,14923260.0
AUS,Australia,East Asia & Pacific,High income,1982,31819.6532938973,,15184247.0
AUS,Australia,East Asia & Pacific,High income,1983,30688.5439685755,,15393472.0
AUS,Australia,East Asia & Pacific,High income,1984,31706.3733417014,,15579391.0
AUS,Australia,East Asia & Pacific,High income,1985,32939.2895127443,,15788312.0
AUS,Australia,East Asia & Pacific,High income,1986,33755.0847823788,,16018350.0
AUS,Australia,East Asia & Pacific,High income,1987,34095.5190957953,,16263874.0
AUS,Australia,East Asia & Pacific,High income,1988,35474.6950998214,,16532164.0
AUS,Australia,East Asia & Pacific,High income,1989,36232.1764714618,,16814416.0
AUS,Australia,East Asia & Pacific,High income,1990,36975.4199007908,,17065128.0
AUS,Australia,East Asia & Pacific,High income,1991,36366.6962397612,,17284036.0
AUS,Australia,East Asia & Pacific,High income,1992,36117.5446503441,,17478635.0
AUS,Australia,East Asia & Pacific,High income,1993,37246.0044332363,,17634808.0
AUS,Australia,East Asia & Pacific,High income,1994,38356.7691976693,,17805468.0
AUS,Australia,East Asia & Pacific,High income,1995,39407.5647528439,3726000.0,18004882.0
AUS,Australia,East Asia & Pacific,High income,1996,40437.0941864857,4165000.0,18224767.0
AUS,Australia,East Asia & Pacific,High income,1997,41569.1653679391,4318000.0,18423037.0
AUS,Australia,East Asia & Pacific,High income,1998,43081.7201718179,4167000.0,18607584.0
AUS,Australia,East Asia & Pacific,High income,1999,44755.6599721318,4459000.0,18812264.0
AUS,Australia,East Asia & Pacific,High income,2000,45979.0765654048,4931000.0,19028802.0
AUS,Australia,East Asia & Pacific,High income,2001,46314.6235297968,4856000.0,19274701.0
AUS,Australia,East Asia & Pacific,High income,2002,47599.4079289312,4841000.0,19495210.0
AUS,Australia,East Asia & Pacific,High income,2003,48509.6632180363,4746000.0,19720737.0
AUS,Australia,East Asia & Pacific,High income,2004,50018.5904483861,5215000.0,19932722.0
AUS,Australia,East Asia & Pacific,High income,2005,50972.640519744,5499000.0,20176844.0
AUS,Australia,East Asia & Pacific,High income,2006,51682.8925230537,5532000.0,20450966.0
AUS,Australia,East Asia & Pacific,High income,2007,52671.325846724,5644000.0,20827622.0
AUS,Australia,East Asia & Pacific,High income,2008,53497.275355342,5586000.0,21249199.0
AUS,Australia,East Asia & Pacific,High income,2009,53430.5274781651,5490000.0,21691653.0
AUS,Australia,East Asia & Pacific,High income,2010,53768.349733441,5790000.0,22031750.0
AUS,Australia,East Asia & Pacific,High income,2011,54296.2321324814,5771000.0,22340024.0
AUS,Australia,East Asia & Pacific,High income,2012,55465.4462872577,6032000.0,22733465.0
AUS,Australia,East Asia & Pacific,High income,2013,55966.1509270561,6482000.0,23128129.0
AUS,Australia,East Asia & Pacific,High income,2014,56571.8062524437,6922000.0,23475686.0
AUS,Australia,East Asia & Pacific,High income,2015,56970.3613028094,7449000.0,23815995.0
AUS,Australia,East Asia & Pacific,High income,2016,57632.9995925594,8269000.0,24190907.0
AUS,Australia,East Asia & Pacific,High income,2017,57991.771347333,8815000.0,24592588.0
AUS,Australia,East Asia & Pacific,High income,2018,58772.7063152213,9246000.0,24963258.0
AUS,Australia,East Asia & Pacific,High income,2019,59181.2997904131,9466000.0,25334826.0
AUS,Australia,East Asia & Pacific,High income,2020,58377.7670517802,1828000.0,25649248.0
AUS,Australia,East Asia & Pacific,High income,2021,59465.535671364,,25685412.0
AUS,Australia,East Asia & Pacific,High income,2022,61200.4588964781,,26018721.0
AUS,Australia,East Asia & Pacific,High income,2023,61869.082498576,,26659922.0
AUS,Australia,East Asia & Pacific,High income,2024,61486.38147544,,27194286.0
AUT,Austria,Europe & Central Asia,High income,1980,25379.462993097,,7549433.0
AUT,Austria,Europe & Central Asia,High income,1981,25278.295236062,,7568710.0
AUT,Austria,Europe & Central Asia,High income,1982,25768.2192735584,,7574140.0
AUT,Austria,Europe & Central Asia,High income,1983,26577.2454719789,,7561910.0
AUT,Austria,Europe & Central Asia,High income,1984,26592.5469190439,,7561434.0
AUT,Austria,Europe & Central Asia,High income,1985,27244.2148386511,,7564985.0
AUT,Austria,Europe & Central Asia,High income,1986,27853.5049872765,,7569794.0
AUT,Austria,Europe & Central Asia,High income,1987,28213.6633992636,,7574586.0
AUT,Austria,Europe & Central Asia,High income,1988,29102.3222540003,,7585317.0
AUT,Austria,Europe & Central Asia,High income,1989,30097.6512878468,,7619567.0
AUT,Austria,Europe & Central Asia,High income,1990,31167.1857978698,,7677850.0
AUT,Austria,Europe & Central Asia,High income,1991,31919.5573520278,,7754891.0
AUT,Austria,Europe & Central Asia,High income,1992,32231.1216141522,,7840709.0
AUT,Austria,Europe & Central Asia,High income,1993,32134.8299135937,,7905633.0
AUT,Austria,Europe & Central Asia,High income,1994,32780.3419423369,,7936118.0
AUT,Austria,Europe & Central Asia,High income,1995,33603.4278263558,17173000.0,7948278.0
AUT,Austria,Europe & Central Asia,High income,1996,34301.6562151382,17090000.0,7959017.0
AUT,Austria,Europe & Central Asia,High income,1997,34998.0321173934,16647000.0,7968041.0
AUT,Austria,Europe & Central Asia,High income,1998,36180.7490571265,17352000.0,7976789.0
AUT,Austria,Europe & Central Asia,High income,1999,37468.8698869794,17467000.0,7992324.0
AUT,Austria,Europe & Central Asia,High income,2000,38571.0858780001,17982000.0,8011566.0
AUT,Austria,Europe & Central Asia,High income,2001,38929.753800545,18180000.0,8042293.0
AUT,Austria,Europe & Central Asia,High income,2002,39313.7225107545,18611000.0,8081957.0
AUT,Austria,Europe & Central Asia,High income,2003,39569.2885567329,19078000.0,8121423.0
AUT,Austria,Europe & Central Asia,High income,2004,40333.3307183894,19374000.0,8171966.0
AUT,Austria,Europe & Central Asia,High income,2005,40989.0131778975,19952000.0,8227829.0
AUT,Austria,Europe & Central Asia,High income,2006,42120.1557002022,20269000.0,8268641.0
AUT,Austria,Europe & Central Asia,High income,2007,43568.8302243941,20773000.0,8295487.0
AUT,Austria,Europe & Central Asia,High income,2008,44063.8642019916,21935000.0,8321496.0
AUT,Austria,Europe & Central Asia,High income,2009,42372.4758254763,21355000.0,8343323.0
AUT,Austria,Europe & Central Asia,High income,2010,43035.4073531933,22004000.0,8363404.0
AUT,Austria,Europe & Central Asia,High income,2011,44146.1956805294,23012000.0,8391643.0
AUT,Austria,Europe & Central Asia,High income,2012,44221.4599530893,24151000.0,8429991.0
AUT,Austria,Europe & Central Asia,High income,2013,43851.3675497404,24813000.0,8479823.0
AUT,Austria,Europe & Central Asia,High income,2014,43838.8345892137,25291000.0,8546356.0
AUT,Austria,Europe & Central Asia,High income,2015,43915.228020857,26728000.0,8642699.0
AUT,Austria,Europe & Central Asia,High income,2016,44362.6702805116,28121000.0,8736668.0
AUT,Austria,Europe & Central Asia,High income,2017,45056.6385912412,29460000.0,8797566.0
AUT,Austria,Europe & Central Asia,High income,2018,45951.5819164034,30816000.0,8840521.0
AUT,Austria,Europe & Central Asia,High income,2019,46550.5622459492,31884000.0,8879920.0
AUT,Austria,Europe & Central Asia,High income,2020,43428.6983137234,15091000.0,8916864.0
AUT,Austria,Europe & Central Asia,High income,2021,45368.6434337368,,8955797.0
AUT,Austria,Europe & Central Asia,High income,2022,47332.4240357971,,9041851.0
AUT,Austria,Europe & Central Asia,High income,2023,46497.9114640341,,9131761.0
AUT,Austria,Europe & Central Asia,High income,2024,45958.8250071261,,9177982.0
AZE,Azerbaijan,Europe & Central Asia,Upper middle income,1980,,,6160500.0
AZE,Azerbaijan,Europe & Central Asia,Upper middle income,1981,,,6257750.0
AZE,Azerbaijan,Europe & Central Asia,Upper middle income,1982,,,6357550.0
AZE,Azerbaijan,Europe & Central Asia,Upper middle income,1983,,,6459800.0
AZE,Azerbaijan,Europe & Central Asia,Upper middle income,1984,,,6567850.0
AZE,Azerbaijan,Europe & Central Asia,Upper middle income,1985,,,6670150.0
AZE,Azerbaijan,Europe & Central Asia,Upper middle income,1986,,,6770300.0
AZE,Azerbaijan,Europe & Central Asia,Upper middle income,1987,,,6875350.0
AZE,Azerbaijan,Europe & Central Asia,Upper middle income,1988,,,6974600.0
AZE,Azerbaijan,Europe & Central Asia,Upper middle income,1989,,,7076550.0
AZE,Azerbaijan,Europe & Central Asia,Upper middle income,1990,2866.41060718579,,7175200.0
AZE,Azerbaijan,Europe & Central Asia,Upper middle income,1991,2808.72744444906,,7271300.0
AZE,Azerbaijan,Europe & Central Asia,Upper middle income,1992,2141.34003837017,,7382050.0
AZE,Azerbaijan,Europe & Central Asia,Upper middle income,1993,1621.91809395607,,7494800.0
AZE,Azerbaijan,Europe & Central Asia,Upper middle income,1994,1284.95555073458,,7596550.0
AZE,Azerbaijan,Europe & Central Asia,Upper middle income,1995,1120.30867792344,93000.0,7684850.0
AZE,Azerbaijan,Europe & Central Asia,Upper middle income,1996,1123.44793844504,210000.0,7763000.0
AZE,Azerbaijan,Europe & Central Asia,Upper middle income,1997,1177.19685990232,306000.0,7838250.0
AZE,Azerbaijan,Europe & Central Asia,Upper middle income,1998,1282.68413749503,483000.0,7913000.0
AZE,Azerbaijan,Europe & Central Asia,Upper middle income,1999,1365.56585147028,602000.0,7982750.0
AZE,Azerbaijan,Europe & Central Asia,Upper middle income,2000,1504.73106706035,681000.0,8048600.0
AZE,Azerbaijan,Europe & Central Asia,Upper middle income,2001,1640.93664540398,767000.0,8111200.0
AZE,Azerbaijan,Europe & Central Asia,Upper middle income,2002,1782.47319183639,834000.0,8171950.0
AZE,Azerbaijan,Europe & Central Asia,Upper middle income,2003,1949.60608417331,1038000.0,8234100.0
AZE,Azerbaijan,Europe & Central Asia,Upper middle income,2004,2111.4533834475,1279000.0,8306500.0
AZE,Azerbaijan,Europe & Central Asia,Upper middle income,2005,2674.3688564996,1177000.0,8391850.0
AZE,Azerbaijan,Europe & Central Asia,Upper middle income,2006,3556.83212858133,1194000.0,8484550.0
AZE,Azerbaijan,Europe & Central Asia,Upper middle income,2007,4412.20326117932,1333000.0,8581300.0
AZE,Azerbaijan,Europe & Central Asia,Upper middle income,2008,4778.12452736673,1899000.0,8763400.0
AZE,Azerbaijan,Europe & Central Asia,Upper middle income,2009,5118.43395494687,1830000.0,8947243.0
AZE,Azerbaijan,Europe & Central Asia,Upper middle income,2010,5300.11048729062,1963000.0,9054332.0
AZE,Azerbaijan,Europe & Central Asia,Upper middle income,2011,5149.20665913206,2239000.0,9173082.0
AZE,Azerbaijan,Europe & Central Asia,Upper middle income,2012,5193.17501119552,2484000.0,9295784.0
AZE,Azerbaijan,Europe & Central Asia,Upper middle income,2013,5425.99559780578,2509000.0,9416801.0
AZE,Azerbaijan,Europe & Central Asia,Upper middle income,2014,5508.60265612676,2298000.0,9535079.0
AZE,Azerbaijan,Europe & Central Asia,Upper middle income,2015,5500.50364628486,2006000.0,9649341.0
AZE,Azerbaijan,Europe & Central Asia,Upper middle income,2016,5272.71817141861,2249000.0,9757812.0
AZE,Azerbaijan,Europe & Central Asia,Upper middle income,2017,5229.25259993413,2697000.0,9854033.0
AZE,Azerbaijan,Europe & Central Asia,Upper middle income,2018,5261.92938234432,2850000.0,9939771.0
AZE,Azerbaijan,Europe & Central Asia,Upper middle income,2019,5346.95318604114,3170000.0,10024283.0
AZE,Azerbaijan,Europe & Central Asia,Upper middle income,2020,5087.50022783627,796000.0,10093121.0
AZE,Azerbaijan,Europe & Central Asia,Upper middle income,2021,5349.58226071425,,10137750.0
AZE,Azerbaijan,Europe & Central Asia,Upper middle income,2022,5599.58524971025,,10141756.0
AZE,Azerbaijan,Europe & Central Asia,Upper middle income,2023,5668.61021317029,,10153958.0
AZE,Azerbaijan,Europe & Central Asia,Upper middle income,2024,5876.03295533913,,10202830.0
BDI,Burundi,Sub-Saharan Africa,Low income,1980,307.578267460065,,4383706.0
BDI,Burundi,Sub-Saharan Africa,Low income,1981,331.215392246246,,4566014.0
BDI,Burundi,Sub-Saharan Africa,Low income,1982,319.648687347883,,4681390.0
BDI,Burundi,Sub-Saharan Africa,Low income,1983,322.759132903385,,4808528.0
BDI,Burundi,Sub-Saharan Africa,Low income,1984,315.522461859928,,4926465.0
BDI,Burundi,Sub-Saharan Africa,Low income,1985,345.163854234518,,5034042.0
BDI,Burundi,Sub-Saharan Africa,Low income,1986,349.756030266147,,5129414.0
BDI,Burundi,Sub-Saharan Africa,Low income,1987,360.679923797347,,5247787.0
BDI,Burundi,Sub-Saharan Africa,Low income,1988,370.526755664209,,5365327.0
BDI,Burundi,Sub-Saharan Africa,Low income,1989,368.226157097932,,5471706.0
BDI,Burundi,Sub-Saharan Africa,Low income,1990,373.245241687992,,5587052.0
BDI,Burundi,Sub-Saharan Africa,Low income,1991,383.870358589191,,5703857.0
BDI,Burundi,Sub-Saharan Africa,Low income,1992,377.518319697874,,5858407.0
BDI,Burundi,Sub-Saharan Africa,Low income,1993,365.282012271705,,5676843.0
BDI,Burundi,Sub-Saharan Africa,Low income,1994,349.016249237768,,5713854.0
BDI,Burundi,Sub-Saharan Africa,Low income,1995,302.701844524604,34000.0,6066316.0
BDI,Burundi,Sub-Saharan Africa,Low income,1996,278.293479866983,27000.0,6070506.0
BDI,Burundi,Sub-Saharan Africa,Low income,1997,273.889548332896,11000.0,6070042.0
BDI,Burundi,Sub-Saharan Africa,Low income,1998,281.470892716422,15000.0,6187108.0
BDI,Burundi,Sub-Saharan Africa,Low income,1999,272.030864788973,26000.0,6337155.0
BDI,Burundi,Sub-Saharan Africa,Low income,2000,264.154407180223,29000.0,6470194.0
BDI,Burundi,Sub-Saharan Africa,Low income,2001,262.913885774384,36000.0,6634365.0
BDI,Burundi,Sub-Saharan Africa,Low income,2002,266.968141648342,74000.0,6824132.0
BDI,Burundi,Sub-Saharan Africa,Low income,2003,255.500823385612,74000.0,7043154.0
BDI,Burundi,Sub-Saharan Africa,Low income,2004,258.050009115333,133000.0,7310656.0
BDI,Burundi,Sub-Saharan Africa,Low income,2005,250.878933475935,148000.0,7587299.0
BDI,Burundi,Sub-Saharan Africa,Low income,2006,255.105582251925,214000.0,7865547.0
BDI,Burundi,Sub-Saharan Africa,Low income,2007,254.311725516331,192000.0,8161874.0
BDI,Burundi,Sub-Saharan Africa,Low income,2008,256.012461554496,202000.0,8505637.0
BDI,Burundi,Sub-Saharan Africa,Low income,2009,252.582019875886,212000.0,8947646.0
BDI,Burundi,Sub-Saharan Africa,Low income,2010,253.308577749924,142000.0,9376444.0
BDI,Burundi,Sub-Saharan Africa,Low income,2011,254.242110648215,144000.0,9717978.0
BDI,Burundi,Sub-Saharan Africa,Low income,2012,256.180393931874,147000.0,10071028.0
BDI,Burundi,Sub-Saharan Africa,Low income,2013,259.311117203355,234000.0,10439341.0
BDI,Burundi,Sub-Saharan Africa,Low income,2014,261.296721752002,235000.0,10799785.0
BDI,Burundi,Sub-Saharan Africa,Low income,2015,254.402585226788,131000.0,11047580.0
BDI,Burundi,Sub-Saharan Africa,Low income,2016,258.061970804063,187000.0,11239451.0
BDI,Burundi,Sub-Saharan Africa,Low income,2017,261.725839287239,299000.0,11506762.0
BDI,Burundi,Sub-Saharan Africa,Low income,2018,267.508692172687,,11859446.0
BDI,Burundi,Sub-Saharan Africa,Low income,2019,270.411005710809,,12255336.0
BDI,Burundi,Sub-Saharan Africa,Low income,2020,263.463876362597,,12617036.0
BDI,Burundi,Sub-Saharan Africa,Low income,2021,264.682651658422,,12965481.0
BDI,Burundi,Sub-Saharan Africa,Low income,2022,263.587550049119,,13321097.0
BDI,Burundi,Sub-Saharan Africa,Low income,2023,264.84330794512,,13689450.0
BDI,Burundi,Sub-Saharan Africa,Low income,2024,268.700857389911,,14047786.0
BEL,Belgium,Europe & Central Asia,High income,1980,24532.4569582102,,9859242.0
BEL,Belgium,Europe & Central Asia,High income,1981,24464.5869932428,,9858982.0
BEL,Belgium,Europe & Central Asia,High income,1982,24616.83722877,,9856303.0
BEL,Belgium,Europe & Central Asia,High income,1983,24695.5649688117,,9855520.0
BEL,Belgium,Europe & Central Asia,High income,1984,25305.0320542767,,9855372.0
BEL,Belgium,Europe & Central Asia,High income,1985,25715.3579688704,,9858308.0
BEL,Belgium,Europe & Central Asia,High income,1986,26174.7550878409,,9861823.0
BEL,Belgium,Europe & Central Asia,High income,1987,26755.6980811501,,9870234.0
BEL,Belgium,Europe & Central Asia,High income,1988,27930.4858968463,,9901664.0
BEL,Belgium,Europe & Central Asia,High income,1989,28794.6548841575,,9937697.0
BEL,Belgium,Europe & Central Asia,High income,1990,29609.6207516724,,9967379.0
BEL,Belgium,Europe & Central Asia,High income,1991,30040.5508404095,,10004486.0
BEL,Belgium,Europe & Central Asia,High income,1992,30376.8745342462,,10045158.0
BEL,Belgium,Europe & Central Asia,High income,1993,29967.3944241601,,10084475.0
BEL,Belgium,Europe & Central Asia,High income,1994,30839.2414336465,,10115603.0
BEL,Belgium,Europe & Central Asia,High income,1995,31508.622663522,5560000.0,10136811.0
BEL,Belgium,Europe & Central Asia,High income,1996,31862.6693868132,5829000.0,10156637.0
BEL,Belgium,Europe & Central Asia,High income,1997,32991.5010116146,6037000.0,10181245.0
BEL,Belgium,Europe & Central Asia,High income,1998,33566.9875919507,6179000.0,10203008.0
BEL,Belgium,Europe & Central Asia,High income,1999,34676.6051555263,6369000.0,10226419.0
BEL,Belgium,Europe & Central Asia,High income,2000,35878.3153586195,6457000.0,10251250.0
BEL,Belgium,Europe & Central Asia,High income,2001,36148.2880924306,6452000.0,10286570.0
BEL,Belgium,Europe & Central Asia,High income,2002,36600.862592332,6720000.0,10332785.0
BEL,Belgium,Europe & Central Asia,High income,2003,36826.2699296094,6690000.0,10376133.0
BEL,Belgium,Europe & Central Asia,High income,2004,37976.6972967442,6710000.0,10421137.0
BEL,Belgium,Europe & Central Asia,High income,2005,38645.2605193362,6747000.0,10478617.0
BEL,Belgium,Europe & Central Asia,High income,2006,39371.0858277448,6995000.0,10547958.0
BEL,Belgium,Europe & Central Asia,High income,2007,40520.0843207009,7045000.0,10625700.0
BEL,Belgium,Europe & Central Asia,High income,2008,40380.9075004042,7165000.0,10709973.0
BEL,Belgium,Europe & Central Asia,High income,2009,39293.637546825,6815000.0,10796493.0
BEL,Belgium,Europe & Central Asia,High income,2010,39991.5646206286,7186000.0,10895586.0
BEL,Belgium,Europe & Central Asia,High income,2011,40236.9596308558,7494000.0,11038264.0
BEL,Belgium,Europe & Central Asia,High income,2012,40074.492800399,7560000.0,11106932.0
BEL,Belgium,Europe & Central Asia,High income,2013,40007.8997891411,7684000.0,11159407.0
BEL,Belgium,Europe & Central Asia,High income,2014,40533.9135027898,7887000.0,11209057.0
BEL,Belgium,Europe & Central Asia,High income,2015,40893.804537772,8355000.0,11274196.0
BEL,Belgium,Europe & Central Asia,High income,2016,41172.8862831209,7481000.0,11331422.0
BEL,Belgium,Europe & Central Asia,High income,2017,41619.328629169,8385000.0,11375158.0
BEL,Belgium,Europe & Central Asia,High income,2018,42208.3625650272,9119000.0,11427054.0
BEL,Belgium,Europe & Central Asia,High income,2019,43006.4042308863,9343000.0,11488980.0
BEL,Belgium,Europe & Central Asia,High income,2020,40769.0218072962,2584000.0,11538604.0
BEL,Belgium,Europe & Central Asia,High income,2021,43140.9676652971,,11586195.0
BEL,Belgium,Europe & Central Asia,High income,2022,44516.002160801,,11680210.0
BEL,Belgium,Europe & Central Asia,High income,2023,44828.2274521244,,11779946.0
BEL,Belgium,Europe & Central Asia,High income,2024,45019.6989654607,,11858610.0
BEN,Benin,Sub-Saharan Africa,Lower middle income,1980,733.490637341118,,3925251.0
BEN,Benin,Sub-Saharan Africa,Lower middle income,1981,783.925193667226,,4038307.0
BEN,Benin,Sub-Saharan Africa,Lower middle income,1982,778.638765032765,,4156596.0
BEN,Benin,Sub-Saharan Africa,Lower middle income,1983,723.483520668885,,4278978.0
BEN,Benin,Sub-Saharan Africa,Lower middle income,1984,758.361165674301,,4405895.0
BEN,Benin,Sub-Saharan Africa,Lower middle income,1985,791.727164830118,,4538012.0
BEN,Benin,Sub-Saharan Africa,Lower middle income,1986,785.143070110497,,4675420.0
BEN,Benin,Sub-Saharan Africa,Lower middle income,1987,750.403840602099,,4818486.0
BEN,Benin,Sub-Saharan Africa,Lower middle income,1988,752.704034985609,,4967341.0
BEN,Benin,Sub-Saharan Africa,Lower middle income,1989,709.188907710243,,5121657.0
BEN,Benin,Sub-Saharan Africa,Lower middle income,1990,749.459666582926,,5281479.0
BEN,Benin,Sub-Saharan Africa,Lower middle income,1991,757.403145107877,,5446932.0
BEN,Benin,Sub-Saharan Africa,Lower middle income,1992,756.080888165851,,5617844.0
BEN,Benin,Sub-Saharan Africa,Lower middle income,1993,765.479914438342,,5872706.0
BEN,Benin,Sub-Saharan Africa,Lower middle income,1994,752.277508740764,,6096506.0
BEN,Benin,Sub-Saharan Africa,Lower middle income,1995,781.0647884601,580000.0,6226773.0
BEN,Benin,Sub-Saharan Africa,Lower middle income,1996,793.7950526962,516000.0,6391858.0
BEN,Benin,Sub-Saharan Africa,Lower middle income,1997,814.901395438676,541000.0,6583365.0
BEN,Benin,Sub-Saharan Africa,Lower middle income,1998,821.459971433599,575000.0,6789489.0
BEN,Benin,Sub-Saharan Africa,Lower middle income,1999,838.976786975768,941000.0,7002818.0
BEN,Benin,Sub-Saharan Africa,Lower middle income,2000,861.213292013209,1068000.0,7221619.0
BEN,Benin,Sub-Saharan Africa,Lower middle income,2001,879.854463773645,1155000.0,7445596.0
BEN,Benin,Sub-Saharan Africa,Lower middle income,2002,893.137100961634,853000.0,7675426.0
BEN,Benin,Sub-Saharan Africa,Lower middle income,2003,896.146763201736,850000.0,7913070.0
BEN,Benin,Sub-Saharan Africa,Lower middle income,2004,907.624431209378,845000.0,8159094.0
BEN,Benin,Sub-Saharan Africa,Lower middle income,2005,893.91536869992,960000.0,8426144.0
BEN,Benin,Sub-Saharan Africa,Lower middle income,2006,900.62053578735,975000.0,8693242.0
BEN,Benin,Sub-Saharan Africa,Lower middle income,2007,926.740113754071,1010000.0,8953969.0
BEN,Benin,Sub-Saharan Africa,Lower middle income,2008,943.203380303862,1027000.0,9228466.0
BEN,Benin,Sub-Saharan Africa,Lower middle income,2009,936.565651071554,,9509423.0
BEN,Benin,Sub-Saharan Africa,Lower middle income,2010,928.246655329144,,9797484.0
BEN,Benin,Sub-Saharan Africa,Lower middle income,2011,927.716412836707,222000.0,10093623.0
BEN,Benin,Sub-Saharan Africa,Lower middle income,2012,943.918771531001,232000.0,10397657.0
BEN,Benin,Sub-Saharan Africa,Lower middle income,2013,982.399206290516,252000.0,10708834.0
BEN,Benin,Sub-Saharan Africa,Lower middle income,2014,1014.4330062135,265000.0,11030004.0
BEN,Benin,Sub-Saharan Africa,Lower middle income,2015,1002.41886879614,279000.0,11360681.0
BEN,Benin,Sub-Saharan Africa,Lower middle income,2016,1006.03926633023,292000.0,11697842.0
BEN,Benin,Sub-Saharan Africa,Lower middle income,2017,1032.90471194182,307000.0,12039780.0
BEN,Benin,Sub-Saharan Africa,Lower middle income,2018,1071.50452156932,322000.0,12383347.0
BEN,Benin,Sub-Saharan Africa,Lower middle income,2019,1114.17304526443,337000.0,12726755.0
BEN,Benin,Sub-Saharan Africa,Lower middle income,2020,1126.65404122154,,13070169.0
BEN,Benin,Sub-Saharan Africa,Lower middle income,2021,1176.37727637273,,13413417.0
BEN,Benin,Sub-Saharan Africa,Lower middle income,2022,1218.49668929091,,13759501.0
BEN,Benin,Sub-Saharan Africa,Lower middle income,2023,1263.62158336368,,14111034.0
BEN,Benin,Sub-Saharan Africa,Lower middle income,2024,1324.78312597434,,14462724.0
BFA,Burkina Faso,Sub-Saharan Africa,Low income,1980,309.805283645997,,6947900.0
BFA,Burkina Faso,Sub-Saharan Africa,Low income,1981,314.286582559959,,7140271.0
BFA,Burkina Faso,Sub-Saharan Africa,Low income,1982,334.96046501527,,7340197.0
BFA,Burkina Faso,Sub-Saharan Africa,Low income,1983,326.730273513319,,7551129.0
BFA,Burkina Faso,Sub-Saharan Africa,Low income,1984,311.788334185274,,7772256.0
BFA,Burkina Faso,Sub-Saharan Africa,Low income,1985,328.715164630481,,7999935.0
BFA,Burkina Faso,Sub-Saharan Africa,Low income,1986,344.993912306641,,8228847.0
BFA,Burkina Faso,Sub-Saharan Africa,Low income,1987,334.888996959212,,8457109.0
BFA,Burkina Faso,Sub-Saharan Africa,Low income,1988,344.904464201203,,8687435.0
BFA,Burkina Faso,Sub-Saharan Africa,Low income,1989,343.089820260752,,8921175.0
BFA,Burkina Faso,Sub-Saharan Africa,Low income,1990,332.153276660935,,9159356.0
BFA,Burkina Faso,Sub-Saharan Africa,Low income,1991,353.206720757378,,9394632.0
BFA,Burkina Faso,Sub-Saharan Africa,Low income,1992,345.401816823349,,9629275.0
BFA,Burkina Faso,Sub-Saharan Africa,Low income,1993,348.581211032689,,9871713.0
BFA,Burkina Faso,Sub-Saharan Africa,Low income,1994,344.371184069503,,10123798.0
BFA,Burkina Faso,Sub-Saharan Africa,Low income,1995,354.841188502861,124000.0,10386722.0
BFA,Burkina Faso,Sub-Saharan Africa,Low income,1996,383.973583031147,131000.0,10655942.0
BFA,Burkina Faso,Sub-Saharan Africa,Low income,1997,397.838955257373,138000.0,10934223.0
BFA,Burkina Faso,Sub-Saharan Africa,Low income,1998,415.273513470241,160000.0,11240664.0
BFA,Burkina Faso,Sub-Saharan Africa,Low income,1999,433.104727597234,117000.0,11574928.0
BFA,Burkina Faso,Sub-Saharan Africa,Low income,2000,428.309796566198,126000.0,11925546.0
BFA,Burkina Faso,Sub-Saharan Africa,Low income,2001,442.914122870048,128000.0,12295001.0
BFA,Burkina Faso,Sub-Saharan Africa,Low income,2002,448.128856317091,150000.0,12680897.0
BFA,Burkina Faso,Sub-Saharan Africa,Low income,2003,468.263047790124,163000.0,13082532.0
BFA,Burkina Faso,Sub-Saharan Africa,Low income,2004,474.086412333459,222000.0,13500533.0
BFA,Burkina Faso,Sub-Saharan Africa,Low income,2005,499.192797571217,245000.0,13932123.0
BFA,Burkina Faso,Sub-Saharan Africa,Low income,2006,514.113131757062,264000.0,14373707.0
BFA,Burkina Faso,Sub-Saharan Africa,Low income,2007,519.26101218434,289000.0,14816307.0
BFA,Burkina Faso,Sub-Saharan Africa,Low income,2008,533.471299938288,272000.0,15258093.0
BFA,Burkina Faso,Sub-Saharan Africa,Low income,2009,533.470084831931,269000.0,15710066.0
BFA,Burkina Faso,Sub-Saharan Africa,Low income,2010,561.847221302489,274000.0,16176498.0
BFA,Burkina Faso,Sub-Saharan Africa,Low income,2011,581.603658737407,238000.0,16661908.0
BFA,Burkina Faso,Sub-Saharan Africa,Low income,2012,600.731343697818,237000.0,17172287.0
BFA,Burkina Faso,Sub-Saharan Africa,Low income,2013,616.741331164082,218000.0,17695409.0
BFA,Burkina Faso,Sub-Saharan Africa,Low income,2014,624.576885187665,191000.0,18229461.0
BFA,Burkina Faso,Sub-Saharan Africa,Low income,2015,630.124750752312,163000.0,18777487.0
BFA,Burkina Faso,Sub-Saharan Africa,Low income,2016,648.420480176012,152000.0,19334856.0
BFA,Burkina Faso,Sub-Saharan Africa,Low income,2017,669.276310328333,143000.0,19894407.0
BFA,Burkina Faso,Sub-Saharan Africa,Low income,2018,694.492813126351,144000.0,20438288.0
BFA,Burkina Faso,Sub-Saharan Africa,Low income,2019,717.021595096634,143000.0,20961952.0
BFA,Burkina Faso,Sub-Saharan Africa,Low income,2020,713.8421779224,67000.0,21478690.0
BFA,Burkina Faso,Sub-Saharan Africa,Low income,2021,745.472563435144,,21995243.0
BFA,Burkina Faso,Sub-Saharan Africa,Low income,2022,740.306319930259,,22509038.0
BFA,Burkina Faso,Sub-Saharan Africa,Low income,2023,745.405334618409,,23025776.0
BFA,Burkina Faso,Sub-Saharan Africa,Low income,2024,764.082625588818,,23548781.0
BGD,Bangladesh,South Asia,Lower middle income,1980,405.226770259517,,88016432.0
BGD,Bangladesh,South Asia,Lower middle income,1981,423.537122867473,,90303105.0
BGD,Bangladesh,South Asia,Lower middle income,1982,420.872004532951,,92814507.0
BGD,Bangladesh,South Asia,Lower middle income,1983,425.646571168568,,95335155.0
BGD,Bangladesh,South Asia,Lower middle income,1984,434.782351604307,,97814966.0
BGD,Bangladesh,South Asia,Lower middle income,1985,438.382478828439,,100253825.0
BGD,Bangladesh,South Asia,Lower middle income,1986,446.08025306417,,102635572.0
BGD,Bangladesh,South Asia,Lower middle income,1987,452.659756923731,,104959291.0
BGD,Bangladesh,South Asia,Lower middle income,1988,453.839236883479,,107216008.0
BGD,Bangladesh,South Asia,Lower middle income,1989,457.254334777705,,109433799.0
BGD,Bangladesh,South Asia,Lower middle income,1990,473.444821021085,,111633717.0
BGD,Bangladesh,South Asia,Lower middle income,1991,480.673358976087,,113787109.0
BGD,Bangladesh,South Asia,Lower middle income,1992,497.371173735323,,115952192.0
BGD,Bangladesh,South Asia,Lower middle income,1993,511.193509421294,,118132360.0
BGD,Bangladesh,South Asia,Lower middle income,1994,521.323144726555,,120343179.0
BGD,Bangladesh,South Asia,Lower middle income,1995,537.931946643983,156000.0,122600370.0
BGD,Bangladesh,South Asia,Lower middle income,1996,552.077107138767,166000.0,124862179.0
BGD,Bangladesh,South Asia,Lower middle income,1997,566.271140847632,182000.0,127198069.0
BGD,Bangladesh,South Asia,Lower middle income,1998,584.448175174047,172000.0,129622332.0
BGD,Bangladesh,South Asia,Lower middle income,1999,600.232323162952,173000.0,132108065.0
BGD,Bangladesh,South Asia,Lower middle income,2000,620.560472822105,199000.0,134544304.0
BGD,Bangladesh,South Asia,Lower middle income,2001,641.288922876274,207000.0,136805810.0
BGD,Bangladesh,South Asia,Lower middle income,2002,655.672139362272,207000.0,138933658.0
BGD,Bangladesh,South Asia,Lower middle income,2003,676.826252046427,245000.0,140970351.0
BGD,Bangladesh,South Asia,Lower middle income,2004,702.656357081873,271000.0,142902856.0
BGD,Bangladesh,South Asia,Lower middle income,2005,739.203718353409,208000.0,144715786.0
BGD,Bangladesh,South Asia,Lower middle income,2006,779.419570444998,200000.0,146405973.0
BGD,Bangladesh,South Asia,Lower middle income,2007,825.508229964537,289000.0,147989278.0
BGD,Bangladesh,South Asia,Lower middle income,2008,866.45815762135,467000.0,149474264.0
BGD,Bangladesh,South Asia,Lower middle income,2009,901.729626251937,267000.0,150873714.0
BGD,Bangladesh,South Asia,Lower middle income,2010,943.66422864236,139000.0,152201981.0
BGD,Bangladesh,South Asia,Lower middle income,2011,995.579947155662,157000.0,153591076.0
BGD,Bangladesh,South Asia,Lower middle income,2012,1050.39140404066,160000.0,155070101.0
BGD,Bangladesh,South Asia,Lower middle income,2013,1103.15695907123,104000.0,156532141.0
BGD,Bangladesh,South Asia,Lower middle income,2014,1159.40753475981,134000.0,157964929.0
BGD,Bangladesh,South Asia,Lower middle income,2015,1224.38647668165,126000.0,159383179.0
BGD,Bangladesh,South Asia,Lower middle income,2016,1299.83091360792,182000.0,160811932.0
BGD,Bangladesh,South Asia,Lower middle income,2017,1373.75363740186,237000.0,162186147.0
BGD,Bangladesh,South Asia,Lower middle income,2018,1462.25050255713,267000.0,163523103.0
BGD,Bangladesh,South Asia,Lower middle income,2019,1564.20802445636,323000.0,164913055.0
BGD,Bangladesh,South Asia,Lower middle income,2020,1604.6659234742,,166298024.0
BGD,Bangladesh,South Asia,Lower middle income,2021,1702.08028414189,,167658854.0
BGD,Bangladesh,South Asia,Lower middle income,2022,1804.3493461776,,169384897.0
BGD,Bangladesh,South Asia,Lower middle income,2023,1885.37733613545,,171466990.0
BGD,Bangladesh,South Asia,Lower middle income,2024,1941.27874360025,,173562364.0
BGR,Bulgaria,Europe & Central Asia,High income,1980,3427.23918150896,,8861535.0
BGR,Bulgaria,Europe & Central Asia,High income,1981,3583.21784298575,,8891117.0
BGR,Bulgaria,Europe & Central Asia,High income,1982,3656.03933021005,,8917457.0
BGR,Bulgaria,Europe & Central Asia,High income,1983,3772.02799797802,,8939738.0
BGR,Bulgaria,Europe & Central Asia,High income,1984,3891.02819888176,,8960679.0
BGR,Bulgaria,Europe & Central Asia,High income,1985,3995.50040762131,,8960547.0
BGR,Bulgaria,Europe & Central Asia,High income,1986,4164.71951636054,,8958171.0
BGR,Bulgaria,Europe & Central Asia,High income,1987,4410.38020522991,,8971359.0
BGR,Bulgaria,Europe & Central Asia,High income,1988,4887.5873353325,,8981446.0
BGR,Bulgaria,Europe & Central Asia,High income,1989,4782.42156117242,,8876972.0
BGR,Bulgaria,Europe & Central Asia,High income,1990,4425.49955286164,,8718289.0
BGR,Bulgaria,Europe & Central Asia,High income,1991,4092.07934990466,,8632367.0
BGR,Bulgaria,Europe & Central Asia,High income,1992,3835.45427951087,,8540164.0
BGR,Bulgaria,Europe & Central Asia,High income,1993,3808.94310683811,,8472313.0
BGR,Bulgaria,Europe & Central Asia,High income,1994,3891.38232617785,,8443591.0
BGR,Bulgaria,Europe & Central Asia,High income,1995,4022.19748673152,8005000.0,8406067.0
BGR,Bulgaria,Europe & Central Asia,High income,1996,4253.45199440193,6811000.0,8362826.0
BGR,Bulgaria,Europe & Central Asia,High income,1997,3675.36877811444,7543000.0,8312068.0
BGR,Bulgaria,Europe & Central Asia,High income,1998,3840.17297697202,5240000.0,8256786.0
BGR,Bulgaria,Europe & Central Asia,High income,1999,3537.52626953376,5056000.0,8210624.0
BGR,Bulgaria,Europe & Central Asia,High income,2000,3718.11895993863,4922000.0,8170172.0
BGR,Bulgaria,Europe & Central Asia,High income,2001,3937.90285118373,5104000.0,8009142.0
BGR,Bulgaria,Europe & Central Asia,High income,2002,4260.62251956893,5563000.0,7837161.0
BGR,Bulgaria,Europe & Central Asia,High income,2003,4519.415326977,6241000.0,7775327.0
BGR,Bulgaria,Europe & Central Asia,High income,2004,4850.11917184577,6982000.0,7716860.0
BGR,Bulgaria,Europe & Central Asia,High income,2005,5231.60538607098,7282000.0,7658972.0
BGR,Bulgaria,Europe & Central Asia,High income,2006,5630.08907245392,7499000.0,7601022.0
BGR,Bulgaria,Europe & Central Asia,High income,2007,6049.05136726418,7726000.0,7545338.0
BGR,Bulgaria,Europe & Central Asia,High income,2008,6465.05231071194,8533000.0,7492561.0
BGR,Bulgaria,Europe & Central Asia,High income,2009,6289.04666609216,7873000.0,7444443.0
BGR,Bulgaria,Europe & Central Asia,High income,2010,6429.04599233108,8374000.0,7395599.0
BGR,Bulgaria,Europe & Central Asia,High income,2011,6605.64616736859,8713000.0,7348328.0
BGR,Bulgaria,Europe & Central Asia,High income,2012,6693.76983060797,8867000.0,7305888.0
BGR,Bulgaria,Europe & Central Asia,High income,2013,6793.08253592745,9192000.0,7160005.0
BGR,Bulgaria,Europe & Central Asia,High income,2014,6941.37319825776,9409000.0,7073572.0
BGR,Bulgaria,Europe & Central Asia,High income,2015,7269.02586513711,9317000.0,6984225.0
BGR,Bulgaria,Europe & Central Asia,High income,2016,7586.89174668116,10604000.0,6894139.0
BGR,Bulgaria,Europe & Central Asia,High income,2017,7899.11056589871,11596000.0,6803468.0
BGR,Bulgaria,Europe & Central Asia,High income,2018,8194.79296320014,12368000.0,6710798.0
BGR,Bulgaria,Europe & Central Asia,High income,2019,8626.5750265742,12552000.0,6616726.0
BGR,Bulgaria,Europe & Central Asia,High income,2020,8440.51416964556,4973000.0,6550696.0
BGR,Bulgaria,Europe & Central Asia,High income,2021,9161.94541759347,,6507301.0
BGR,Bulgaria,Europe & Central Asia,High income,2022,9598.35828571579,,6465097.0
BGR,Bulgaria,Europe & Central Asia,High income,2023,9787.76510584614,,6446596.0
BGR,Bulgaria,Europe & Central Asia,High income,2024,10127.4152566236,,6441421.0
BHR,Bahrain,"Middle East, North Africa, Afghanistan & Pakistan",High income,1980,22551.9860925815,,358978.0
BHR,Bahrain,"Middle East, North Africa, Afghanistan & Pakistan",High income,1981,20521.425016103,,373524.0
BHR,Bahrain,"Middle East, North Africa, Afghanistan & Pakistan",High income,1982,18310.9908591644,,386983.0
BHR,Bahrain,"Middle East, North Africa, Afghanistan & Pakistan",High income,1983,18811.4380955493,,400707.0
BHR,Bahrain,"Middle East, North Africa, Afghanistan & Pakistan",High income,1984,19065.3191478664,,415154.0
BHR,Bahrain,"Middle East, North Africa, Afghanistan & Pakistan",High income,1985,17516.6361043991,,430358.0
BHR,Bahrain,"Middle East, North Africa, Afghanistan & Pakistan",High income,1986,17091.2903016984,,446286.0
BHR,Bahrain,"Middle East, North Africa, Afghanistan & Pakistan",High income,1987,18193.2073441956,,462854.0
BHR,Bahrain,"Middle East, North Africa, Afghanistan & Pakistan",High income,1988,18774.1395172075,,479929.0
BHR,Bahrain,"Middle East, North Africa, Afghanistan & Pakistan",High income,1989,18183.311929769,,497327.0
BHR,Bahrain,"Middle East, North Africa, Afghanistan & Pakistan",High income,1990,18345.8379968815,,514797.0
BHR,Bahrain,"Middle East, North Africa, Afghanistan & Pakistan",High income,1991,20882.5058640472,,503052.0
BHR,Bahrain,"Middle East, North Africa, Afghanistan & Pakistan",High income,1992,21701.2220342029,,516458.0
BHR,Bahrain,"Middle East, North Africa, Afghanistan & Pakistan",High income,1993,23858.1931245824,,530225.0
BHR,Bahrain,"Middle East, North Africa, Afghanistan & Pakistan",High income,1994,23180.3322555659,,544366.0
BHR,Bahrain,"Middle East, North Africa, Afghanistan & Pakistan",High income,1995,23465.7129170227,2311000.0,558879.0
BHR,Bahrain,"Middle East, North Africa, Afghanistan & Pakistan",High income,1996,23795.2092538862,1988000.0,573792.0
BHR,Bahrain,"Middle East, North Africa, Afghanistan & Pakistan",High income,1997,23893.1335655763,2600000.0,589115.0
BHR,Bahrain,"Middle East, North Africa, Afghanistan & Pakistan",High income,1998,24386.5916523491,2898000.0,604842.0
BHR,Bahrain,"Middle East, North Africa, Afghanistan & Pakistan",High income,1999,24773.8464104044,3280000.0,620989.0
BHR,Bahrain,"Middle East, North Africa, Afghanistan & Pakistan",High income,2000,25407.9694054552,3869000.0,637582.0
BHR,Bahrain,"Middle East, North Africa, Afghanistan & Pakistan",High income,2001,25106.2869742612,4388000.0,661316.0
BHR,Bahrain,"Middle East, North Africa, Afghanistan & Pakistan",High income,2002,24149.0156013799,4831000.0,710553.0
BHR,Bahrain,"Middle East, North Africa, Afghanistan & Pakistan",High income,2003,23857.6403579769,4844000.0,764517.0
BHR,Bahrain,"Middle East, North Africa, Afghanistan & Pakistan",High income,2004,23688.1121059225,5667000.0,823741.0
BHR,Bahrain,"Middle East, North Africa, Afghanistan & Pakistan",High income,2005,23439.6704353038,6313000.0,888822.0
BHR,Bahrain,"Middle East, North Africa, Afghanistan & Pakistan",High income,2006,23095.0181330228,7289000.0,960424.0
BHR,Bahrain,"Middle East, North Africa, Afghanistan & Pakistan",High income,2007,23112.4888058398,7833000.0,1039295.0
BHR,Bahrain,"Middle East, North Africa, Afghanistan & Pakistan",High income,2008,23127.2148040048,8631000.0,1103496.0
BHR,Bahrain,"Middle East, North Africa, Afghanistan & Pakistan",High income,2009,22206.9371985225,8861000.0,1178415.0
BHR,Bahrain,"Middle East, North Africa, Afghanistan & Pakistan",High income,2010,22224.0736166249,11952000.0,1228543.0
BHR,Bahrain,"Middle East, North Africa, Afghanistan & Pakistan",High income,2011,23288.0449398313,6732000.0,1195020.0
BHR,Bahrain,"Middle East, North Africa, Afghanistan & Pakistan",High income,2012,23894.8804447088,8062000.0,1208964.0
BHR,Bahrain,"Middle East, North Africa, Afghanistan & Pakistan",High income,2013,24271.6278814506,9163000.0,1253191.0
BHR,Bahrain,"Middle East, North Africa, Afghanistan & Pakistan",High income,2014,24135.4991304849,10452000.0,1314562.0
BHR,Bahrain,"Middle East, North Africa, Afghanistan & Pakistan",High income,2015,23734.0551143019,9670000.0,1370322.0
BHR,Bahrain,"Middle East, North Africa, Afghanistan & Pakistan",High income,2016,23715.2791328712,10158000.0,1423726.0
BHR,Bahrain,"Middle East, North Africa, Afghanistan & Pakistan",High income,2017,23606.8867501313,11374000.0,1501116.0
BHR,Bahrain,"Middle East, North Africa, Afghanistan & Pakistan",High income,2018,24059.7838641562,12045000.0,1503091.0
BHR,Bahrain,"Middle East, North Africa, Afghanistan & Pakistan",High income,2019,24873.6640060134,11061000.0,1483756.0
BHR,Bahrain,"Middle East, North Africa, Afghanistan & Pakistan",High income,2020,23586.9309581516,1909000.0,1472204.0
BHR,Bahrain,"Middle East, North Africa, Afghanistan & Pakistan",High income,2021,24086.7847803428,,1504365.0
BHR,Bahrain,"Middle East, North Africa, Afghanistan & Pakistan",High income,2022,25234.40256182,,1524693.0
BHR,Bahrain,"Middle East, North Africa, Afghanistan & Pakistan",High income,2023,25342.6226641572,,1577059.0
BHR,Bahrain,"Middle East, North Africa, Afghanistan & Pakistan",High income,2024,25886.2393152311,,1588670.0
BHS,"Bahamas, The",Latin America & Caribbean,High income,1980,27191.4849967295,,232526.0
BHS,"Bahamas, The",Latin America & Caribbean,High income,1981,24256.2435568937,,236614.0
BHS,"Bahamas, The",Latin America & Caribbean,High income,1982,25450.8928287766,,240614.0
BHS,"Bahamas, The",Latin America & Caribbean,High income,1983,25926.3208882951,,244698.0
BHS,"Bahamas, The",Latin America & Caribbean,High income,1984,29104.9829954372,,248863.0
BHS,"Bahamas, The",Latin America & Caribbean,High income,1985,29993.35702923,,253154.0
BHS,"Bahamas, The",Latin America & Caribbean,High income,1986,30012.8270394236,,257536.0
BHS,"Bahamas, The",Latin America & Caribbean,High income,1987,30389.4797086293,,261935.0
BHS,"Bahamas, The",Latin America & Caribbean,High income,1988,30564.7731507657,,266448.0
BHS,"Bahamas, The",Latin America & Caribbean,High income,1989,32051.9777199439,,271178.0
BHS,"Bahamas, The",Latin America & Caribbean,High income,1990,30995.4830715942,,275945.0
BHS,"Bahamas, The",Latin America & Caribbean,High income,1991,29192.9942606391,,280731.0
BHS,"Bahamas, The",Latin America & Caribbean,High income,1992,27565.9784622985,,285927.0
BHS,"Bahamas, The",Latin America & Caribbean,High income,1993,27137.178342536,,291339.0
BHS,"Bahamas, The",Latin America & Caribbean,High income,1994,27503.6353912861,,296509.0
BHS,"Bahamas, The",Latin America & Caribbean,High income,1995,28236.3753765914,3239000.0,301461.0
BHS,"Bahamas, The",Latin America & Caribbean,High income,1996,28967.0480464753,3416000.0,306268.0
BHS,"Bahamas, The",Latin America & Caribbean,High income,1997,28902.571896854,3446000.0,310904.0
BHS,"Bahamas, The",Latin America & Caribbean,High income,1998,29837.4381789441,3348000.0,315368.0
BHS,"Bahamas, The",Latin America & Caribbean,High income,1999,31544.3540604454,3648000.0,319614.0
BHS,"Bahamas, The",Latin America & Caribbean,High income,2000,32424.7271786716,4204000.0,323835.0
BHS,"Bahamas, The",Latin America & Caribbean,High income,2001,32870.0918307285,4183000.0,327836.0
BHS,"Bahamas, The",Latin America & Caribbean,High income,2002,33374.602685914,4406000.0,331614.0
BHS,"Bahamas, The",Latin America & Caribbean,High income,2003,32559.311554898,4594000.0,335618.0
BHS,"Bahamas, The",Latin America & Caribbean,High income,2004,32444.0739567569,5004000.0,339782.0
BHS,"Bahamas, The",Latin America & Caribbean,High income,2005,33144.7878790275,4779000.0,343894.0
BHS,"Bahamas, The",Latin America & Caribbean,High income,2006,33541.850748701,4731000.0,348375.0
BHS,"Bahamas, The",Latin America & Caribbean,High income,2007,33549.3360007274,4601000.0,353334.0
BHS,"Bahamas, The",Latin America & Caribbean,High income,2008,32331.8246135092,4394000.0,358120.0
BHS,"Bahamas, The",Latin America & Caribbean,High income,2009,30581.3342198488,4645000.0,362810.0
BHS,"Bahamas, The",Latin America & Caribbean,High income,2010,30657.4319059659,5255000.0,367478.0
BHS,"Bahamas, The",Latin America & Caribbean,High income,2011,30492.6738528071,5588000.0,371729.0
BHS,"Bahamas, The",Latin America & Caribbean,High income,2012,31553.4919490645,5940000.0,375469.0
BHS,"Bahamas, The",Latin America & Caribbean,High income,2013,30368.2631244189,6151000.0,378953.0
BHS,"Bahamas, The",Latin America & Caribbean,High income,2014,30658.5344563722,6320000.0,382298.0
BHS,"Bahamas, The",Latin America & Caribbean,High income,2015,30719.405417469,6112000.0,385346.0
BHS,"Bahamas, The",Latin America & Caribbean,High income,2016,30152.1619246021,6265000.0,388055.0
BHS,"Bahamas, The",Latin America & Caribbean,High income,2017,30974.7477261317,6136000.0,390485.0
BHS,"Bahamas, The",Latin America & Caribbean,High income,2018,31537.2423841956,6622000.0,392717.0
BHS,"Bahamas, The",Latin America & Caribbean,High income,2019,31117.6299132391,7250000.0,394675.0
BHS,"Bahamas, The",Latin America & Caribbean,High income,2020,24791.6704945106,1794500.0,395863.0
BHS,"Bahamas, The",Latin America & Caribbean,High income,2021,29114.0597726386,,396373.0
BHS,"Bahamas, The",Latin America & Caribbean,High income,2022,32186.4575039237,,397538.0
BHS,"Bahamas, The",Latin America & Caribbean,High income,2023,33009.645615121,,399440.0
BHS,"Bahamas, The",Latin America & Caribbean,High income,2024,33968.2032187918,,401283.0
BIH,Bosnia and Herzegovina,Europe & Central Asia,Upper middle income,1980,,,4148426.0
BIH,Bosnia and Herzegovina,Europe & Central Asia,Upper middle income,1981,,,4184217.0
BIH,Bosnia and Herzegovina,Europe & Central Asia,Upper middle income,1982,,,4221100.0
BIH,Bosnia and Herzegovina,Europe & Central Asia,Upper middle income,1983,,,4258728.0
BIH,Bosnia and Herzegovina,Europe & Central Asia,Upper middle income,1984,,,4295536.0
BIH,Bosnia and Herzegovina,Europe & Central Asia,Upper middle income,1985,,,4330364.0
BIH,Bosnia and Herzegovina,Europe & Central Asia,Upper middle income,1986,,,4362115.0
BIH,Bosnia and Herzegovina,Europe & Central Asia,Upper middle income,1987,,,4390246.0
BIH,Bosnia and Herzegovina,Europe & Central Asia,Upper middle income,1988,,,4414404.0
BIH,Bosnia and Herzegovina,Europe & Central Asia,Upper middle income,1989,,,4433983.0
BIH,Bosnia and Herzegovina,Europe & Central Asia,Upper middle income,1990,791.443970389452,,4448652.0
BIH,Bosnia and Herzegovina,Europe & Central Asia,Upper middle income,1991,715.900061170044,,4458343.0
BIH,Bosnia and Herzegovina,Europe & Central Asia,Upper middle income,1992,705.206668516429,,4234616.0
BIH,Bosnia and Herzegovina,Europe & Central Asia,Upper middle income,1993,748.150027169041,,3904482.0
BIH,Bosnia and Herzegovina,Europe & Central Asia,Upper middle income,1994,871.398487189453,,3725412.0
BIH,Bosnia and Herzegovina,Europe & Central Asia,Upper middle income,1995,1013.22444430671,,3715564.0
BIH,Bosnia and Herzegovina,Europe & Central Asia,Upper middle income,1996,1498.0059275225,,3875246.0
BIH,Bosnia and Herzegovina,Europe & Central Asia,Upper middle income,1997,1974.057421178,115000.0,4018227.0
BIH,Bosnia and Herzegovina,Europe & Central Asia,Upper middle income,1998,2262.03263639383,148000.0,4089356.0
BIH,Bosnia and Herzegovina,Europe & Central Asia,Upper middle income,1999,2452.85188377919,147000.0,4130305.0
BIH,Bosnia and Herzegovina,Europe & Central Asia,Upper middle income,2000,2567.34137094619,171000.0,4159771.0
BIH,Bosnia and Herzegovina,Europe & Central Asia,Upper middle income,2001,2617.18230350812,139000.0,4179438.0
BIH,Bosnia and Herzegovina,Europe & Central Asia,Upper middle income,2002,2743.13878615838,160000.0,4188002.0
BIH,Bosnia and Herzegovina,Europe & Central Asia,Upper middle income,2003,2855.68314939849,165000.0,4178523.0
BIH,Bosnia and Herzegovina,Europe & Central Asia,Upper middle income,2004,3063.83543448936,190000.0,4140987.0
BIH,Bosnia and Herzegovina,Europe & Central Asia,Upper middle income,2005,3217.81341615345,217000.0,4096493.0
BIH,Bosnia and Herzegovina,Europe & Central Asia,Upper middle income,2006,3419.75887457192,256000.0,4063272.0
BIH,Bosnia and Herzegovina,Europe & Central Asia,Upper middle income,2007,3665.08966529499,306000.0,4013424.0
BIH,Bosnia and Herzegovina,Europe & Central Asia,Upper middle income,2008,3929.03297717336,322000.0,3947544.0
BIH,Bosnia and Herzegovina,Europe & Central Asia,Upper middle income,2009,3877.53540078456,311000.0,3879794.0
BIH,Bosnia and Herzegovina,Europe & Central Asia,Upper middle income,2010,3981.20985692032,365000.0,3811472.0
BIH,Bosnia and Herzegovina,Europe & Central Asia,Upper middle income,2011,4094.25329541877,392000.0,3741798.0
BIH,Bosnia and Herzegovina,Europe & Central Asia,Upper middle income,2012,4139.91732773657,439000.0,3670113.0
BIH,Bosnia and Herzegovina,Europe & Central Asia,Upper middle income,2013,4306.73175072214,529000.0,3610859.0
BIH,Bosnia and Herzegovina,Europe & Central Asia,Upper middle income,2014,4412.67617817734,536000.0,3564829.0
BIH,Bosnia and Herzegovina,Europe & Central Asia,Upper middle income,2015,4662.25869219448,678000.0,3518541.0
BIH,Bosnia and Herzegovina,Europe & Central Asia,Upper middle income,2016,4876.53471495633,778000.0,3473003.0
BIH,Bosnia and Herzegovina,Europe & Central Asia,Upper middle income,2017,5099.81602856447,923000.0,3428682.0
BIH,Bosnia and Herzegovina,Europe & Central Asia,Upper middle income,2018,5360.25201017633,1053000.0,3387000.0
BIH,Bosnia and Herzegovina,Europe & Central Asia,Upper middle income,2019,5583.29721276458,1198000.0,3345533.0
BIH,Bosnia and Herzegovina,Europe & Central Asia,Upper middle income,2020,5490.75366635139,197000.0,3299349.0
BIH,Bosnia and Herzegovina,Europe & Central Asia,Upper middle income,2021,5995.54197590494,,3244907.0
BIH,Bosnia and Herzegovina,Europe & Central Asia,Upper middle income,2022,6327.16206849174,,3204802.0
BIH,Bosnia and Herzegovina,Europe & Central Asia,Upper middle income,2023,6493.32400514463,,3185073.0
BIH,Bosnia and Herzegovina,Europe & Central Asia,Upper middle income,2024,6746.95366547249,,3164253.0
BLR,Belarus,Europe & Central Asia,Upper middle income,1980,,,9643000.0
BLR,Belarus,Europe & Central Asia,Upper middle income,1981,,,9710000.0
BLR,Belarus,Europe & Central Asia,Upper middle income,1982,,,9776000.0
BLR,Belarus,Europe & Central Asia,Upper middle income,1983,,,9843000.0
BLR,Belarus,Europe & Central Asia,Upper middle income,1984,,,9910000.0
BLR,Belarus,Europe & Central Asia,Upper middle income,1985,,,9975000.0
BLR,Belarus,Europe & Central Asia,Upper middle income,1986,,,10043000.0
BLR,Belarus,Europe & Central Asia,Upper middle income,1987,,,10111000.0
BLR,Belarus,Europe & Central Asia,Upper middle income,1988,,,10140000.0
BLR,Belarus,Europe & Central Asia,Upper middle income,1989,,,10170000.0
BLR,Belarus,Europe & Central Asia,Upper middle income,1990,2888.81296582486,,10189348.0
BLR,Belarus,Europe & Central Asia,Upper middle income,1991,2852.83085924888,,10194050.0
BLR,Belarus,Europe & Central Asia,Upper middle income,1992,2573.29955103215,,10216470.0
BLR,Belarus,Europe & Central Asia,Upper middle income,1993,2372.48516910385,,10239050.0
BLR,Belarus,Europe & Central Asia,Upper middle income,1994,2097.38187007503,,10226955.0
BLR,Belarus,Europe & Central Asia,Upper middle income,1995,1885.36062660186,,10193831.0
BLR,Belarus,Europe & Central Asia,Upper middle income,1996,1944.68700512976,,10159569.0
BLR,Belarus,Europe & Central Asia,Upper middle income,1997,2175.40374180154,,10117433.0
BLR,Belarus,Europe & Central Asia,Upper middle income,1998,2368.78330877851,,10071963.0
BLR,Belarus,Europe & Central Asia,Upper middle income,1999,2460.36944195798,,10026738.0
BLR,Belarus,Europe & Central Asia,Upper middle income,2000,2615.36376799462,2030000.0,9979610.0
BLR,Belarus,Europe & Central Asia,Upper middle income,2001,2753.0336970697,1852000.0,9928549.0
BLR,Belarus,Europe & Central Asia,Upper middle income,2002,2910.39937484153,1907000.0,9865548.0
BLR,Belarus,Europe & Central Asia,Upper middle income,2003,3137.26261430575,1729000.0,9796749.0
BLR,Belarus,Europe & Central Asia,Upper middle income,2004,3520.40452642524,1816000.0,9730146.0
BLR,Belarus,Europe & Central Asia,Upper middle income,2005,3877.71738911289,4738000.0,9663915.0
BLR,Belarus,Europe & Central Asia,Upper middle income,2006,4291.68647163264,5276000.0,9604924.0
BLR,Belarus,Europe & Central Asia,Upper middle income,2007,4682.20676719042,5283000.0,9560953.0
BLR,Belarus,Europe & Central Asia,Upper middle income,2008,5177.64534775676,5262000.0,9527985.0
BLR,Belarus,Europe & Central Asia,Upper middle income,2009,5200.77418555423,4872000.0,9504583.0
BLR,Belarus,Europe & Central Asia,Upper middle income,2010,5616.0941173307,5674000.0,9483836.0
BLR,Belarus,Europe & Central Asia,Upper middle income,2011,5941.68999156239,5877000.0,9461643.0
BLR,Belarus,Europe & Central Asia,Upper middle income,2012,6052.6373706236,6130000.0,9446836.0
BLR,Belarus,Europe & Central Asia,Upper middle income,2013,6115.43288098707,6242000.0,9443211.0
BLR,Belarus,Europe & Central Asia,Upper middle income,2014,6212.91667418659,5375000.0,9448515.0
BLR,Belarus,Europe & Central Asia,Upper middle income,2015,5967.05595058777,4386000.0,9461076.0
BLR,Belarus,Europe & Central Asia,Upper middle income,2016,5811.20159182547,10935000.0,9469379.0
BLR,Belarus,Europe & Central Asia,Upper middle income,2017,5964.89668834561,11060000.0,9458989.0
BLR,Belarus,Europe & Central Asia,Upper middle income,2018,6165.91320019277,11502000.0,9438785.0
BLR,Belarus,Europe & Central Asia,Upper middle income,2019,6267.73508743505,11832000.0,9419758.0
BLR,Belarus,Europe & Central Asia,Upper middle income,2020,6251.98898968645,3598000.0,9379952.0
BLR,Belarus,Europe & Central Asia,Upper middle income,2021,6457.73053706343,,9302585.0
BLR,Belarus,Europe & Central Asia,Upper middle income,2022,6206.61909685419,,9228071.0
BLR,Belarus,Europe & Central Asia,Upper middle income,2023,6497.78450683592,,9178298.0
BLR,Belarus,Europe & Central Asia,Upper middle income,2024,6814.34443423546,,9132629.0
BLZ,Belize,Latin America & Caribbean,Upper middle income,1980,3187.40426576851,,145062.0
BLZ,Belize,Latin America & Caribbean,Upper middle income,1981,3142.84461313484,,148786.0
BLZ,Belize,Latin America & Caribbean,Upper middle income,1982,3062.06719907974,,152548.0
BLZ,Belize,Latin America & Caribbean,Upper middle income,1983,2924.44059348213,,156297.0
BLZ,Belize,Latin America & Caribbean,Upper middle income,1984,2912.4123618248,,160044.0
BLZ,Belize,Latin America & Caribbean,Upper middle income,1985,2874.33886277887,,163796.0
BLZ,Belize,Latin America & Caribbean,Upper middle income,1986,2937.64707960299,,167554.0
BLZ,Belize,Latin America & Caribbean,Upper middle income,1987,3180.92991680315,,171338.0
BLZ,Belize,Latin America & Caribbean,Upper middle income,1988,3415.7025806129,,175180.0
BLZ,Belize,Latin America & Caribbean,Upper middle income,1989,3775.4795508791,,179107.0
BLZ,Belize,Latin America & Caribbean,Upper middle income,1990,4112.59517532713,,183076.0
BLZ,Belize,Latin America & Caribbean,Upper middle income,1991,4499.57971281862,,187040.0
BLZ,Belize,Latin America & Caribbean,Upper middle income,1992,4967.92710478843,,190983.0
BLZ,Belize,Latin America & Caribbean,Upper middle income,1993,5166.82867390165,,194902.0
BLZ,Belize,Latin America & Caribbean,Upper middle income,1994,5056.95201193832,,199097.0
BLZ,Belize,Latin America & Caribbean,Upper middle income,1995,4967.96153818049,342000.0,204146.0
BLZ,Belize,Latin America & Caribbean,Upper middle income,1996,4875.65675023061,349000.0,210310.0
BLZ,Belize,Latin America & Caribbean,Upper middle income,1997,4915.3403407039,305000.0,217446.0
BLZ,Belize,Latin America & Caribbean,Upper middle income,1998,4931.45499103616,300000.0,225173.0
BLZ,Belize,Latin America & Caribbean,Upper middle income,1999,5213.5662826521,340000.0,233059.0
BLZ,Belize,Latin America & Caribbean,Upper middle income,2000,5663.64632374973,374000.0,240799.0
BLZ,Belize,Latin America & Caribbean,Upper middle income,2001,5764.99055491104,385000.0,248379.0
BLZ,Belize,Latin America & Caribbean,Upper middle income,2002,5895.15235037898,694000.0,256009.0
BLZ,Belize,Latin America & Caribbean,Upper middle income,2003,6274.47428279313,999000.0,263780.0
BLZ,Belize,Latin America & Caribbean,Upper middle income,2004,6383.07432412662,1329000.0,271688.0
BLZ,Belize,Latin America & Caribbean,Upper middle income,2005,6337.12389222378,1037000.0,279731.0
BLZ,Belize,Latin America & Caribbean,Upper middle income,2006,6435.58767337678,903000.0,287878.0
BLZ,Belize,Latin America & Caribbean,Upper middle income,2007,6465.82885846045,880000.0,296100.0
BLZ,Belize,Latin America & Caribbean,Upper middle income,2008,6187.95885023655,846000.0,304361.0
BLZ,Belize,Latin America & Caribbean,Upper middle income,2009,5997.68447156383,941000.0,312614.0
BLZ,Belize,Latin America & Caribbean,Upper middle income,2010,5937.75398343789,1054000.0,320245.0
BLZ,Belize,Latin America & Caribbean,Upper middle income,2011,5802.24344531492,1106000.0,327298.0
BLZ,Belize,Latin America & Caribbean,Upper middle income,2012,5902.74234696881,1028000.0,334414.0
BLZ,Belize,Latin America & Caribbean,Upper middle income,2013,6013.07879895362,1022000.0,341627.0
BLZ,Belize,Latin America & Caribbean,Upper middle income,2014,6116.49578852783,1289000.0,348923.0
BLZ,Belize,Latin America & Caribbean,Upper middle income,2015,6154.62264230369,1299000.0,356333.0
BLZ,Belize,Latin America & Caribbean,Upper middle income,2016,6012.21296983668,1391000.0,364705.0
BLZ,Belize,Latin America & Caribbean,Upper middle income,2017,5767.61921963762,1441000.0,373202.0
BLZ,Belize,Latin America & Caribbean,Upper middle income,2018,5707.61059954436,1697000.0,380226.0
BLZ,Belize,Latin America & Caribbean,Upper middle income,2019,5864.14611827109,1674000.0,385829.0
BLZ,Belize,Latin America & Caribbean,Upper middle income,2020,5006.48453276935,487000.0,390812.0
BLZ,Belize,Latin America & Caribbean,Upper middle income,2021,5839.40157956017,,395346.0
BLZ,Belize,Latin America & Caribbean,Upper middle income,2022,6262.56088273674,,402733.0
BLZ,Belize,Latin America & Caribbean,Upper middle income,2023,6165.69414825936,,411106.0
BLZ,Belize,Latin America & Caribbean,Upper middle income,2024,6290.49294452749,,417072.0
BMU,Bermuda,North America,High income,1980,84785.7462251032,,53673.0
BMU,Bermuda,North America,High income,1981,86283.5987978388,,53997.0
BMU,Bermuda,North America,High income,1982,81137.1319313892,,54387.0
BMU,Bermuda,North America,High income,1983,82177.8355724679,,54777.0
BMU,Bermuda,North America,High income,1984,81986.7194401669,,55169.0
BMU,Bermuda,North America,High income,1985,79797.3827166062,,55547.0
BMU,Bermuda,North America,High income,1986,84596.3528723121,,55889.0
BMU,Bermuda,North America,High income,1987,87182.1874028497,,56265.0
BMU,Bermuda,North America,High income,1988,90024.0922838766,,56699.0
BMU,Bermuda,North America,High income,1989,89743.0558156557,,57129.0
BMU,Bermuda,North America,High income,1990,89089.7346423608,,57559.0
BMU,Bermuda,North America,High income,1991,85311.0494288592,,57984.0
BMU,Bermuda,North America,High income,1992,84642.6084927299,,58407.0
BMU,Bermuda,North America,High income,1993,86582.8344997142,,58816.0
BMU,Bermuda,North America,High income,1994,86545.7823557807,,59194.0
BMU,Bermuda,North America,High income,1995,89849.1250139813,557000.0,59526.0
BMU,Bermuda,North America,High income,1996,91743.2962338679,570000.0,59813.0
BMU,Bermuda,North America,High income,1997,95383.0225110365,562000.0,60177.0
BMU,Bermuda,North America,High income,1998,98347.9089816051,558000.0,60639.0
BMU,Bermuda,North America,High income,1999,100867.914579743,549000.0,61124.0
BMU,Bermuda,North America,High income,2000,109502.763102809,539000.0,61550.0
BMU,Bermuda,North America,High income,2001,116809.925253071,458000.0,61867.0
BMU,Bermuda,North America,High income,2002,114574.433608566,484000.0,62142.0
BMU,Bermuda,North America,High income,2003,118018.831592635,483000.0,62386.0
BMU,Bermuda,North America,High income,2004,120432.12052555,478000.0,62555.0
BMU,Bermuda,North America,High income,2005,122143.799577518,517000.0,62711.0
BMU,Bermuda,North America,High income,2006,128662.931924261,635000.0,62834.0
BMU,Bermuda,North America,High income,2007,132595.482654866,660000.0,63010.0
BMU,Bermuda,North America,High income,2008,129525.177139097,550000.0,63300.0
BMU,Bermuda,North America,High income,2009,121727.584908744,554000.0,63565.0
BMU,Bermuda,North America,High income,2010,118382.908990645,580000.0,63725.0
BMU,Bermuda,North America,High income,2011,113937.835700983,652000.0,63733.0
BMU,Bermuda,North America,High income,2012,108040.575659203,610000.0,63646.0
BMU,Bermuda,North America,High income,2013,107860.394791964,576000.0,63574.0
BMU,Bermuda,North America,High income,2014,103941.982606956,580000.0,63529.0
BMU,Bermuda,North America,High income,2015,104855.366822135,597000.0,63464.0
BMU,Bermuda,North America,High income,2016,104190.876720334,642000.0,63449.0
BMU,Bermuda,North America,High income,2017,107734.608357327,688000.0,63578.0
BMU,Bermuda,North America,High income,2018,106843.163739391,766000.0,63831.0
BMU,Bermuda,North America,High income,2019,106709.881238843,805000.0,64107.0
BMU,Bermuda,North America,High income,2020,98846.4458079644,51400.0015258789,64382.0
BMU,Bermuda,North America,High income,2021,103130.365845318,,64648.0
BMU,Bermuda,North America,High income,2022,109412.251159598,,64749.0
BMU,Bermuda,North America,High income,2023,114244.681047132,,64698.0
BMU,Bermuda,North America,High income,2024,116513.536565041,,64636.0
BOL,Bolivia,Latin America & Caribbean,Lower middle income,1980,2054.79726888192,,5758900.0
BOL,Bolivia,Latin America & Caribbean,Lower middle income,1981,2015.24576097774,,5888109.0
BOL,Bolivia,Latin America & Caribbean,Lower middle income,1982,1894.05947270986,,6018088.0
BOL,Bolivia,Latin America & Caribbean,Lower middle income,1983,1778.78743473746,,6149060.0
BOL,Bolivia,Latin America & Caribbean,Lower middle income,1984,1737.68727853715,,6281868.0
BOL,Bolivia,Latin America & Caribbean,Lower middle income,1985,1672.78978179769,,6416185.0
BOL,Bolivia,Latin America & Caribbean,Lower middle income,1986,1595.83503432803,,6552479.0
BOL,Bolivia,Latin America & Caribbean,Lower middle income,1987,1601.0183471055,,6692162.0
BOL,Bolivia,Latin America & Caribbean,Lower middle income,1988,1613.04847152277,,6835508.0
BOL,Bolivia,Latin America & Caribbean,Lower middle income,1989,1639.11334017591,,6981766.0
BOL,Bolivia,Latin America & Caribbean,Lower middle income,1990,1679.40847944141,,7130142.0
BOL,Bolivia,Latin America & Caribbean,Lower middle income,1991,1731.39514136336,,7280289.0
BOL,Bolivia,Latin America & Caribbean,Lower middle income,1992,1724.3633452511,,7430336.0
BOL,Bolivia,Latin America & Caribbean,Lower middle income,1993,1762.66830964982,,7579195.0
BOL,Bolivia,Latin America & Caribbean,Lower middle income,1994,1809.57065115273,,7727322.0
BOL,Bolivia,Latin America & Caribbean,Lower middle income,1995,1858.78185214476,284000.0,7874676.0
BOL,Bolivia,Latin America & Caribbean,Lower middle income,1996,1904.28702213594,313000.0,8021736.0
BOL,Bolivia,Latin America & Caribbean,Lower middle income,1997,1962.86404301605,355000.0,8167900.0
BOL,Bolivia,Latin America & Caribbean,Lower middle income,1998,2025.5033470495,387000.0,8313394.0
BOL,Bolivia,Latin America & Caribbean,Lower middle income,1999,1998.94533975051,342000.0,8459806.0
BOL,Bolivia,Latin America & Caribbean,Lower middle income,2000,2014.19024634132,319000.0,8606326.0
BOL,Bolivia,Latin America & Caribbean,Lower middle income,2001,2013.84581094568,316000.0,8752736.0
BOL,Bolivia,Latin America & Caribbean,Lower middle income,2002,2029.66993705968,334000.0,8900355.0
BOL,Bolivia,Latin America & Caribbean,Lower middle income,2003,2050.07133419082,427000.0,9050700.0
BOL,Bolivia,Latin America & Caribbean,Lower middle income,2004,2099.9908107392,480000.0,9204287.0
BOL,Bolivia,Latin America & Caribbean,Lower middle income,2005,2156.18670353603,524000.0,9360754.0
BOL,Bolivia,Latin America & Caribbean,Lower middle income,2006,2221.42722588941,521000.0,9521689.0
BOL,Bolivia,Latin America & Caribbean,Lower middle income,2007,2283.42733535297,573000.0,9685960.0
BOL,Bolivia,Latin America & Caribbean,Lower middle income,2008,2383.25032547517,594000.0,9850858.0
BOL,Bolivia,Latin America & Caribbean,Lower middle income,2009,2422.57579380245,599000.0,10016275.0
BOL,Bolivia,Latin America & Caribbean,Lower middle income,2010,2481.4070083834,679000.0,10182345.0
BOL,Bolivia,Latin America & Caribbean,Lower middle income,2011,2568.52051674406,711000.0,10348929.0
BOL,Bolivia,Latin America & Caribbean,Lower middle income,2012,2657.2388497837,798000.0,10515807.0
BOL,Bolivia,Latin America & Caribbean,Lower middle income,2013,2793.51457124054,798000.0,10682608.0
BOL,Bolivia,Latin America & Caribbean,Lower middle income,2014,2900.90241571477,871000.0,10848888.0
BOL,Bolivia,Latin America & Caribbean,Lower middle income,2015,2996.01289811344,882000.0,11014705.0
BOL,Bolivia,Latin America & Caribbean,Lower middle income,2016,3077.57057582774,961000.0,11180020.0
BOL,Bolivia,Latin America & Caribbean,Lower middle income,2017,3160.16421247588,1109000.0,11344587.0
BOL,Bolivia,Latin America & Caribbean,Lower middle income,2018,3204.53670838005,1142000.0,11508368.0
BOL,Bolivia,Latin America & Caribbean,Lower middle income,2019,3207.38695231128,1239000.0,11671386.0
BOL,Bolivia,Latin America & Caribbean,Lower middle income,2020,2765.09271788602,323299.987792969,11816299.0
BOL,Bolivia,Latin America & Caribbean,Lower middle income,2021,3011.55110825301,,11937360.0
BOL,Bolivia,Latin America & Caribbean,Lower middle income,2022,3088.24126173436,,12077154.0
BOL,Bolivia,Latin America & Caribbean,Lower middle income,2023,3122.77049466223,,12244159.0
BOL,Bolivia,Latin America & Caribbean,Lower middle income,2024,3045.61476620329,,12413315.0
BRA,Brazil,Latin America & Caribbean,Upper middle income,1980,6472.85214591952,,121207461.0
BRA,Brazil,Latin America & Caribbean,Upper middle income,1981,6055.09781428103,,124063109.0
BRA,Brazil,Latin America & Caribbean,Upper middle income,1982,5967.77899586532,,126923155.0
BRA,Brazil,Latin America & Caribbean,Upper middle income,1983,5664.96368501244,,129790077.0
BRA,Brazil,Latin America & Caribbean,Upper middle income,1984,5841.74986464143,,132658864.0
BRA,Brazil,Latin America & Caribbean,Upper middle income,1985,6167.51343658643,,135515595.0
BRA,Brazil,Latin America & Caribbean,Upper middle income,1986,6494.28087914562,,138336370.0
BRA,Brazil,Latin America & Caribbean,Upper middle income,1987,6591.60882870649,,141104944.0
BRA,Brazil,Latin America & Caribbean,Upper middle income,1988,6463.00545238554,,143826357.0
BRA,Brazil,Latin America & Caribbean,Upper middle income,1989,6545.42575572846,,146502972.0
BRA,Brazil,Latin America & Caribbean,Upper middle income,1990,6149.86788926381,,149143223.0
BRA,Brazil,Latin America & Caribbean,Upper middle income,1991,6107.64883675747,,151724256.0
BRA,Brazil,Latin America & Caribbean,Upper middle income,1992,5973.98285622586,,154275079.0
BRA,Brazil,Latin America & Caribbean,Upper middle income,1993,6167.46092178931,,156794577.0
BRA,Brazil,Latin America & Caribbean,Upper middle income,1994,6427.16901943704,,159265006.0
BRA,Brazil,Latin America & Caribbean,Upper middle income,1995,6596.33572674819,1991000.0,161735073.0
BRA,Brazil,Latin America & Caribbean,Upper middle income,1996,6640.7270065575,2666000.0,164202549.0
BRA,Brazil,Latin America & Caribbean,Upper middle income,1997,6764.85842091319,2850000.0,166661659.0
BRA,Brazil,Latin America & Caribbean,Upper middle income,1998,6687.49523550242,4818000.0,169159655.0
BRA,Brazil,Latin America & Caribbean,Upper middle income,1999,6621.63676249539,5107000.0,171641543.0
BRA,Brazil,Latin America & Caribbean,Upper middle income,2000,6817.784240857,5313000.0,174018282.0
BRA,Brazil,Latin America & Caribbean,Upper middle income,2001,6823.03396999891,4773000.0,176301203.0
BRA,Brazil,Latin America & Caribbean,Upper middle income,2002,6944.62337495755,3785000.0,178503484.0
BRA,Brazil,Latin America & Caribbean,Upper middle income,2003,6941.4404574508,4133000.0,180622688.0
BRA,Brazil,Latin America & Caribbean,Upper middle income,2004,7258.78185165912,4794000.0,182675143.0
BRA,Brazil,Latin America & Caribbean,Upper middle income,2005,7409.56913232718,5358000.0,184688101.0
BRA,Brazil,Latin America & Caribbean,Upper middle income,2006,7622.04007133264,5017000.0,186653106.0
BRA,Brazil,Latin America & Caribbean,Upper middle income,2007,8003.25413096047,5026000.0,188552320.0
BRA,Brazil,Latin America & Caribbean,Upper middle income,2008,8330.76459841304,5050000.0,190367302.0
BRA,Brazil,Latin America & Caribbean,Upper middle income,2009,8246.09706995094,4802000.0,192079951.0
BRA,Brazil,Latin America & Caribbean,Upper middle income,2010,8792.63436120342,5161000.0,193701929.0
BRA,Brazil,Latin America & Caribbean,Upper middle income,2011,9067.99316348047,5433000.0,195284734.0
BRA,Brazil,Latin America & Caribbean,Upper middle income,2012,9167.49923929815,5677000.0,196876111.0
BRA,Brazil,Latin America & Caribbean,Upper middle income,2013,9366.73932434359,5813000.0,198478299.0
BRA,Brazil,Latin America & Caribbean,Upper middle income,2014,9338.34278278114,6430000.0,200085127.0
BRA,Brazil,Latin America & Caribbean,Upper middle income,2015,8936.19661712113,6306000.0,201675532.0
BRA,Brazil,Latin America & Caribbean,Upper middle income,2016,8577.84376650911,6547000.0,203218114.0
BRA,Brazil,Latin America & Caribbean,Upper middle income,2017,8628.25308908043,6589000.0,204703445.0
BRA,Brazil,Latin America & Caribbean,Upper middle income,2018,8722.33630317935,6621000.0,206107261.0
BRA,Brazil,Latin America & Caribbean,Upper middle income,2019,8771.44051292177,6353000.0,207455459.0
BRA,Brazil,Latin America & Caribbean,Upper middle income,2020,8435.01143254978,,208660842.0
BRA,Brazil,Latin America & Caribbean,Upper middle income,2021,8799.22945810901,,209550294.0
BRA,Brazil,Latin America & Caribbean,Upper middle income,2022,9032.08481566299,,210306415.0
BRA,Brazil,Latin America & Caribbean,Upper middle income,2023,9288.02701470069,,211140729.0
BRA,Brazil,Latin America & Caribbean,Upper middle income,2024,9566.74518687619,,211998573.0
BRB,Barbados,Latin America & Caribbean,High income,1980,18695.0467666137,,251524.0
BRB,Barbados,Latin America & Caribbean,High income,1981,18285.6535409384,,252270.0
BRB,Barbados,Latin America & Caribbean,High income,1982,17332.8013529132,,253095.0
BRB,Barbados,Latin America & Caribbean,High income,1983,17358.1630846922,,253992.0
BRB,Barbados,Latin America & Caribbean,High income,1984,17917.6568892297,,254920.0
BRB,Barbados,Latin America & Caribbean,High income,1985,18050.7073576223,,255820.0
BRB,Barbados,Latin America & Caribbean,High income,1986,18913.0485448903,,256618.0
BRB,Barbados,Latin America & Caribbean,High income,1987,19353.2290929328,,257279.0
BRB,Barbados,Latin America & Caribbean,High income,1988,19994.0204806204,,257763.0
BRB,Barbados,Latin America & Caribbean,High income,1989,20686.0379699561,,258109.0
BRB,Barbados,Latin America & Caribbean,High income,1990,19965.24047908,,258582.0
BRB,Barbados,Latin America & Caribbean,High income,1991,19128.1019342633,,259373.0
BRB,Barbados,Latin America & Caribbean,High income,1992,17977.267183022,,260267.0
BRB,Barbados,Latin America & Caribbean,High income,1993,18067.0819950459,,261027.0
BRB,Barbados,Latin America & Caribbean,High income,1994,18388.5965093239,,261620.0
BRB,Barbados,Latin America & Caribbean,High income,1995,18728.9470113809,927000.0,262039.0
BRB,Barbados,Latin America & Caribbean,High income,1996,19455.5086622641,957000.0,262284.0
BRB,Barbados,Latin America & Caribbean,High income,1997,20369.3325002152,990000.0,262392.0
BRB,Barbados,Latin America & Caribbean,High income,1998,21125.2533175225,1019000.0,262436.0
BRB,Barbados,Latin America & Caribbean,High income,1999,21189.4102394967,947000.0,262517.0
BRB,Barbados,Latin America & Caribbean,High income,2000,22170.0846712974,1078000.0,262063.0
BRB,Barbados,Latin America & Caribbean,High income,2001,21615.8003391727,1035000.0,262425.0
BRB,Barbados,Latin America & Caribbean,High income,2002,21643.8964907973,1021000.0,264148.0
BRB,Barbados,Latin America & Caribbean,High income,2003,21979.2923230027,1090000.0,265776.0
BRB,Barbados,Latin America & Caribbean,High income,2004,22162.6344048607,1273000.0,267298.0
BRB,Barbados,Latin America & Caribbean,High income,2005,22918.5438028595,1111000.0,268706.0
BRB,Barbados,Latin America & Caribbean,High income,2006,24193.1384344674,1102000.0,270002.0
BRB,Barbados,Latin America & Caribbean,High income,2007,24579.0897752594,1191000.0,271288.0
BRB,Barbados,Latin America & Caribbean,High income,2008,24605.4523230752,1165000.0,272714.0
BRB,Barbados,Latin America & Caribbean,High income,2009,23250.8017659349,1154000.0,274123.0
BRB,Barbados,Latin America & Caribbean,High income,2010,21285.0039393558,1197000.0,275243.0
BRB,Barbados,Latin America & Caribbean,High income,2011,21200.1949825923,1187000.0,276139.0
BRB,Barbados,Latin America & Caribbean,High income,2012,20534.8825878653,1053000.0,276938.0
BRB,Barbados,Latin America & Caribbean,High income,2013,20521.1209928514,1079000.0,277665.0
BRB,Barbados,Latin America & Caribbean,High income,2014,20636.0327188055,1079000.0,278348.0
BRB,Barbados,Latin America & Caribbean,High income,2015,20429.4747123553,1179000.0,278990.0
BRB,Barbados,Latin America & Caribbean,High income,2016,20673.7682337375,1227000.0,279598.0
BRB,Barbados,Latin America & Caribbean,High income,2017,20766.5518491129,1345000.0,280171.0
BRB,Barbados,Latin America & Caribbean,High income,2018,20674.3547847984,1356000.0,280711.0
BRB,Barbados,Latin America & Caribbean,High income,2019,20687.6467427909,966000.0,281207.0
BRB,Barbados,Latin America & Caribbean,High income,2020,17056.9868669781,,281698.0
BRB,Barbados,Latin America & Caribbean,High income,2021,18395.6153622073,,282147.0
BRB,Barbados,Latin America & Caribbean,High income,2022,21315.9363255517,,282318.0
BRB,Barbados,Latin America & Caribbean,High income,2023,21701.2660270701,,282336.0
BRB,Barbados,Latin America & Caribbean,High income,2024,22421.5333611295,,282467.0
BRN,Brunei Darussalam,East Asia & Pacific,High income,1980,84483.3896949123,,186111.0
BRN,Brunei Darussalam,East Asia & Pacific,High income,1981,63568.3324706453,,191977.0
BRN,Brunei Darussalam,East Asia & Pacific,High income,1982,63000.67420568,,198165.0
BRN,Brunei Darussalam,East Asia & Pacific,High income,1983,61220.7080386665,,204741.0
BRN,Brunei Darussalam,East Asia & Pacific,High income,1984,57811.7720728478,,211661.0
BRN,Brunei Darussalam,East Asia & Pacific,High income,1985,54270.0845517948,,218919.0
BRN,Brunei Darussalam,East Asia & Pacific,High income,1986,49618.4647311583,,226495.0
BRN,Brunei Darussalam,East Asia & Pacific,High income,1987,49057.0847164443,,233860.0
BRN,Brunei Darussalam,East Asia & Pacific,High income,1988,46889.4915760067,,240913.0
BRN,Brunei Darussalam,East Asia & Pacific,High income,1989,44296.3390449877,,248064.0
BRN,Brunei Darussalam,East Asia & Pacific,High income,1990,44179.827869454,,255292.0
BRN,Brunei Darussalam,East Asia & Pacific,High income,1991,44201.1394947727,,262596.0
BRN,Brunei Darussalam,East Asia & Pacific,High income,1992,41672.3708419389,,269839.0
BRN,Brunei Darussalam,East Asia & Pacific,High income,1993,40342.0504065212,,276971.0
BRN,Brunei Darussalam,East Asia & Pacific,High income,1994,39721.4345352129,,284091.0
BRN,Brunei Darussalam,East Asia & Pacific,High income,1995,39274.4980204335,498000.0,291195.0
BRN,Brunei Darussalam,East Asia & Pacific,High income,1996,38331.6576177026,837000.0,298276.0
BRN,Brunei Darussalam,East Asia & Pacific,High income,1997,39820.2107524086,643000.0,305341.0
BRN,Brunei Darussalam,East Asia & Pacific,High income,1998,36331.1813349886,964000.0,312385.0
BRN,Brunei Darussalam,East Asia & Pacific,High income,1999,37045.9342568638,967000.0,319411.0
BRN,Brunei Darussalam,East Asia & Pacific,High income,2000,37509.5983847742,984000.0,326424.0
BRN,Brunei Darussalam,East Asia & Pacific,High income,2001,37269.3099216587,840000.0,333345.0
BRN,Brunei Darussalam,East Asia & Pacific,High income,2002,37976.2627573601,891000.0,340099.0
BRN,Brunei Darussalam,East Asia & Pacific,High income,2003,38595.1688513702,944000.0,346637.0
BRN,Brunei Darussalam,East Asia & Pacific,High income,2004,37948.6590825194,,352911.0
BRN,Brunei Darussalam,East Asia & Pacific,High income,2005,37312.2778797122,815000.0,358916.0
BRN,Brunei Darussalam,East Asia & Pacific,High income,2006,38229.3565684183,836000.0,364663.0
BRN,Brunei Darussalam,East Asia & Pacific,High income,2007,36174.516515486,877000.0,370873.0
BRN,Brunei Darussalam,East Asia & Pacific,High income,2008,34126.6941563969,,377793.0
BRN,Brunei Darussalam,East Asia & Pacific,High income,2009,32855.6021602466,,384952.0
BRN,Brunei Darussalam,East Asia & Pacific,High income,2010,33121.3178241724,,392332.0
BRN,Brunei Darussalam,East Asia & Pacific,High income,2011,33754.3640783713,,399389.0
BRN,Brunei Darussalam,East Asia & Pacific,High income,2012,33544.5389457877,,405557.0
BRN,Brunei Darussalam,East Asia & Pacific,High income,2013,32381.0739795231,,411202.0
BRN,Brunei Darussalam,East Asia & Pacific,High income,2014,31148.7297405401,,416750.0
BRN,Brunei Darussalam,East Asia & Pacific,High income,2015,30625.1287744656,,422212.0
BRN,Brunei Darussalam,East Asia & Pacific,High income,2016,29492.4145927789,4257000.0,427564.0
BRN,Brunei Darussalam,East Asia & Pacific,High income,2017,29524.65912789,4316000.0,432772.0
BRN,Brunei Darussalam,East Asia & Pacific,High income,2018,29200.1952024222,4521000.0,437810.0
BRN,Brunei Darussalam,East Asia & Pacific,High income,2019,29996.2407223175,4449000.0,442680.0
BRN,Brunei Darussalam,East Asia & Pacific,High income,2020,30015.9588506697,1071000.0,447404.0
BRN,Brunei Darussalam,East Asia & Pacific,High income,2021,29256.1833678343,,451721.0
BRN,Brunei Darussalam,East Asia & Pacific,High income,2022,28549.1756060465,,455370.0
BRN,Brunei Darussalam,East Asia & Pacific,High income,2023,28645.9645396284,,458949.0
BRN,Brunei Darussalam,East Asia & Pacific,High income,2024,29563.8682753082,,462721.0
BTN,Bhutan,South Asia,Lower middle income,1980,432.838643488682,,433404.0
BTN,Bhutan,South Asia,Lower middle income,1981,482.235722777153,,447836.0
BTN,Bhutan,South Asia,Lower middle income,1982,483.023534472283,,462485.0
BTN,Bhutan,South Asia,Lower middle income,1983,516.678056159163,,477460.0
BTN,Bhutan,South Asia,Lower middle income,1984,523.422165152942,,492784.0
BTN,Bhutan,South Asia,Lower middle income,1985,527.791600354552,,508392.0
BTN,Bhutan,South Asia,Lower middle income,1986,570.054288192741,,524324.0
BTN,Bhutan,South Asia,Lower middle income,1987,713.587145838936,,540557.0
BTN,Bhutan,South Asia,Lower middle income,1988,725.554916193497,,556986.0
BTN,Bhutan,South Asia,Lower middle income,1989,756.380975678321,,573586.0
BTN,Bhutan,South Asia,Lower middle income,1990,812.671325588739,,589287.0
BTN,Bhutan,South Asia,Lower middle income,1991,795.191842865383,,599784.0
BTN,Bhutan,South Asia,Lower middle income,1992,863.46389569327,,577774.0
BTN,Bhutan,South Asia,Lower middle income,1993,917.291292689812,,554673.0
BTN,Bhutan,South Asia,Lower middle income,1994,963.016574291679,,554497.0
BTN,Bhutan,South Asia,Lower middle income,1995,1043.38748981674,4800.00019073486,547989.0
BTN,Bhutan,South Asia,Lower middle income,1996,1099.85817824831,5199.99980926514,548784.0
BTN,Bhutan,South Asia,Lower middle income,1997,1138.39922318847,5400.00009536743,558697.0
BTN,Bhutan,South Asia,Lower middle income,1998,1182.98781073316,6199.99980926514,569435.0
BTN,Bhutan,South Asia,Lower middle income,1999,1248.61600842811,7199.99980926514,582579.0
BTN,Bhutan,South Asia,Lower middle income,2000,1259.6237645235,7599.99990463257,596863.0
BTN,Bhutan,South Asia,Lower middle income,2001,1321.09878230279,6400.00009536743,610794.0
BTN,Bhutan,South Asia,Lower middle income,2002,1427.25693317315,5599.99990463257,624409.0
BTN,Bhutan,South Asia,Lower middle income,2003,1506.4152751782,6300.00019073486,637663.0
BTN,Bhutan,South Asia,Lower middle income,2004,1552.73915195801,9199.99980926514,650544.0
BTN,Bhutan,South Asia,Lower middle income,2005,1632.02169500573,13600.0003814697,661865.0
BTN,Bhutan,South Asia,Lower middle income,2006,1701.11878173586,17299.9992370605,670799.0
BTN,Bhutan,South Asia,Lower middle income,2007,1952.25734603779,21000.0,678641.0
BTN,Bhutan,South Asia,Lower middle income,2008,2017.76018913403,28000.0,686351.0
BTN,Bhutan,South Asia,Lower middle income,2009,2148.56480375034,23000.0,693988.0
BTN,Bhutan,South Asia,Lower middle income,2010,2378.72810760985,41000.0,701632.0
BTN,Bhutan,South Asia,Lower middle income,2011,2552.48871073094,66000.0,709377.0
BTN,Bhutan,South Asia,Lower middle income,2012,2654.74798946027,105000.0,717279.0
BTN,Bhutan,South Asia,Lower middle income,2013,2671.07460201171,116000.0,725273.0
BTN,Bhutan,South Asia,Lower middle income,2014,2797.81883971908,133000.0,733139.0
BTN,Bhutan,South Asia,Lower middle income,2015,2954.04081911097,155000.0,740618.0
BTN,Bhutan,South Asia,Lower middle income,2016,3173.36773217431,210000.0,747866.0
BTN,Bhutan,South Asia,Lower middle income,2017,3211.80903275593,255000.0,754335.0
BTN,Bhutan,South Asia,Lower middle income,2018,3300.55006461736,274000.0,759759.0
BTN,Bhutan,South Asia,Lower middle income,2019,3467.38598979356,316000.0,764824.0
BTN,Bhutan,South Asia,Lower middle income,2020,3092.12428399363,29799.9992370605,770006.0
BTN,Bhutan,South Asia,Lower middle income,2021,3206.20366997254,,775442.0
BTN,Bhutan,South Asia,Lower middle income,2022,3349.73309632799,,780914.0
BTN,Bhutan,South Asia,Lower middle income,2023,3480.51388523184,,786385.0
BTN,Bhutan,South Asia,Lower middle income,2024,3717.21053114706,,791524.0
BWA,Botswana,Sub-Saharan Africa,Upper middle income,1980,2002.99615272235,,937485.0
BWA,Botswana,Sub-Saharan Africa,Upper middle income,1981,2111.34563888905,,969996.0
BWA,Botswana,Sub-Saharan Africa,Upper middle income,1982,2276.04982459673,,1009269.0
BWA,Botswana,Sub-Saharan Africa,Upper middle income,1983,2484.51795571067,,1046137.0
BWA,Botswana,Sub-Saharan Africa,Upper middle income,1984,2603.44865679004,,1083660.0
BWA,Botswana,Sub-Saharan Africa,Upper middle income,1985,2693.78188151685,,1121945.0
BWA,Botswana,Sub-Saharan Africa,Upper middle income,1986,2816.7693715823,,1160650.0
BWA,Botswana,Sub-Saharan Africa,Upper middle income,1987,3050.23176245012,,1199167.0
BWA,Botswana,Sub-Saharan Africa,Upper middle income,1988,3536.42325387877,,1235476.0
BWA,Botswana,Sub-Saharan Africa,Upper middle income,1989,3888.73045113925,,1270274.0
BWA,Botswana,Sub-Saharan Africa,Upper middle income,1990,4039.46544455099,,1305696.0
BWA,Botswana,Sub-Saharan Africa,Upper middle income,1991,4224.09857544948,,1341756.0
BWA,Botswana,Sub-Saharan Africa,Upper middle income,1992,4226.73999498293,,1380033.0
BWA,Botswana,Sub-Saharan Africa,Upper middle income,1993,4186.14547358363,,1420115.0
BWA,Botswana,Sub-Saharan Africa,Upper middle income,1994,4219.4408088678,,1460023.0
BWA,Botswana,Sub-Saharan Africa,Upper middle income,1995,4399.1388580936,636000.0,1498836.0
BWA,Botswana,Sub-Saharan Africa,Upper middle income,1996,4543.2105349273,656000.0,1535914.0
BWA,Botswana,Sub-Saharan Africa,Upper middle income,1997,4809.4439184672,765000.0,1571691.0
BWA,Botswana,Sub-Saharan Africa,Upper middle income,1998,4724.93670942028,940000.0,1606899.0
BWA,Botswana,Sub-Saharan Africa,Upper middle income,1999,5070.94772048729,1039000.0,1641997.0
BWA,Botswana,Sub-Saharan Africa,Upper middle income,2000,5062.64289173588,1306000.0,1677382.0
BWA,Botswana,Sub-Saharan Africa,Upper middle income,2001,4971.96371794188,1451000.0,1712254.0
BWA,Botswana,Sub-Saharan Africa,Upper middle income,2002,5175.47655317231,1485000.0,1744763.0
BWA,Botswana,Sub-Saharan Africa,Upper middle income,2003,5320.440295139,1592000.0,1775736.0
BWA,Botswana,Sub-Saharan Africa,Upper middle income,2004,5369.42516766112,1727000.0,1807146.0
BWA,Botswana,Sub-Saharan Africa,Upper middle income,2005,5514.21742664705,1684000.0,1839877.0
BWA,Botswana,Sub-Saharan Africa,Upper middle income,2006,5865.00026521361,1642000.0,1874516.0
BWA,Botswana,Sub-Saharan Africa,Upper middle income,2007,6085.6354476126,1965000.0,1911201.0
BWA,Botswana,Sub-Saharan Africa,Upper middle income,2008,6158.61629368051,2344000.0,1949970.0
BWA,Botswana,Sub-Saharan Africa,Upper middle income,2009,5179.4138607146,,1990673.0
BWA,Botswana,Sub-Saharan Africa,Upper middle income,2010,5584.5034321846,,2033111.0
BWA,Botswana,Sub-Saharan Africa,Upper middle income,2011,5850.07858575461,,2073535.0
BWA,Botswana,Sub-Saharan Africa,Upper middle income,2012,5742.91924452636,,2108617.0
BWA,Botswana,Sub-Saharan Africa,Upper middle income,2013,6284.97678002618,,2140682.0
BWA,Botswana,Sub-Saharan Africa,Upper middle income,2014,6547.12254115892,,2172044.0
BWA,Botswana,Sub-Saharan Africa,Upper middle income,2015,6141.20394726616,1660000.0,2203273.0
BWA,Botswana,Sub-Saharan Africa,Upper middle income,2016,6490.83463593483,1712000.0,2234776.0
BWA,Botswana,Sub-Saharan Africa,Upper middle income,2017,6662.57644805467,1775000.0,2266747.0
BWA,Botswana,Sub-Saharan Africa,Upper middle income,2018,6843.84612027739,1830000.0,2299141.0
BWA,Botswana,Sub-Saharan Africa,Upper middle income,2019,6951.73189051146,,2332083.0
BWA,Botswana,Sub-Saharan Africa,Upper middle income,2020,6254.24806241091,,2365894.0
BWA,Botswana,Sub-Saharan Africa,Upper middle income,2021,6895.91184943107,,2401441.0
BWA,Botswana,Sub-Saharan Africa,Upper middle income,2022,7159.5860618268,,2439892.0
BWA,Botswana,Sub-Saharan Africa,Upper middle income,2023,7269.05170664457,,2480244.0
BWA,Botswana,Sub-Saharan Africa,Upper middle income,2024,6952.34770386661,,2521139.0
CAF,Central African Republic,Sub-Saharan Africa,Low income,1980,549.851069399498,,2450535.0
CAF,Central African Republic,Sub-Saharan Africa,Low income,1981,535.271803204363,,2478402.0
CAF,Central African Republic,Sub-Saharan Africa,Low income,1982,569.909860587753,,2507375.0
CAF,Central African Republic,Sub-Saharan Africa,Low income,1983,517.400561236801,,2537399.0
CAF,Central African Republic,Sub-Saharan Africa,Low income,1984,559.576063736741,,2568610.0
CAF,Central African Republic,Sub-Saharan Africa,Low income,1985,574.324850721819,,2600932.0
CAF,Central African Republic,Sub-Saharan Africa,Low income,1986,587.348322352386,,2634258.0
CAF,Central African Republic,Sub-Saharan Africa,Low income,1987,551.039434586106,,2669155.0
CAF,Central African Republic,Sub-Saharan Africa,Low income,1988,551.209370152878,,2713965.0
CAF,Central African Republic,Sub-Saharan Africa,Low income,1989,547.973638780833,,2783970.0
CAF,Central African Republic,Sub-Saharan Africa,Low income,1990,519.786735961912,,2871910.0
CAF,Central African Republic,Sub-Saharan Africa,Low income,1991,500.991150890901,,2963191.0
CAF,Central African Republic,Sub-Saharan Africa,Low income,1992,454.148968239471,,3058831.0
CAF,Central African Republic,Sub-Saharan Africa,Low income,1993,441.384907508364,,3157839.0
CAF,Central African Republic,Sub-Saharan Africa,Low income,1994,448.784442959801,,3257954.0
CAF,Central African Republic,Sub-Saharan Africa,Low income,1995,468.150527620686,26000.0,3348052.0
CAF,Central African Republic,Sub-Saharan Africa,Low income,1996,437.925054761723,21000.0,3435965.0
CAF,Central African Republic,Sub-Saharan Africa,Low income,1997,448.634663639551,17000.0,3531700.0
CAF,Central African Republic,Sub-Saharan Africa,Low income,1998,457.148858416438,7500.0,3628827.0
CAF,Central African Republic,Sub-Saharan Africa,Low income,1999,460.827900216085,10000.0,3729450.0
CAF,Central African Republic,Sub-Saharan Africa,Low income,2000,437.168928414826,11199.9998092651,3833416.0
CAF,Central African Republic,Sub-Saharan Africa,Low income,2001,446.658634192083,9899.99961853027,3919487.0
CAF,Central African Republic,Sub-Saharan Africa,Low income,2002,452.808702217035,2900.00009536743,4006077.0
CAF,Central African Republic,Sub-Saharan Africa,Low income,2003,418.240532289858,5699.99980926514,4103086.0
CAF,Central African Republic,Sub-Saharan Africa,Low income,2004,433.825227770233,8199.99980926514,4192826.0
CAF,Central African Republic,Sub-Saharan Africa,Low income,2005,427.968043155237,12000.0,4288810.0
CAF,Central African Republic,Sub-Saharan Africa,Low income,2006,439.294330902768,13800.0001907349,4377579.0
CAF,Central African Republic,Sub-Saharan Africa,Low income,2007,450.762785401893,17100.0003814697,4462770.0
CAF,Central African Republic,Sub-Saharan Africa,Low income,2008,450.313616886022,30600.0003814697,4558984.0
CAF,Central African Republic,Sub-Saharan Africa,Low income,2009,492.215398914836,52400.0015258789,4529047.0
CAF,Central African Republic,Sub-Saharan Africa,Low income,2010,519.141456408484,53799.9992370605,4492995.0
CAF,Central African Republic,Sub-Saharan Africa,Low income,2011,532.38295493852,65400.0015258789,4565021.0
CAF,Central African Republic,Sub-Saharan Africa,Low income,2012,553.729578314912,70800.0030517578,4610848.0
CAF,Central African Republic,Sub-Saharan Africa,Low income,2013,349.821171688973,83500.0,4642419.0
CAF,Central African Republic,Sub-Saharan Africa,Low income,2014,351.561554911625,95699.9969482422,4623182.0
CAF,Central African Republic,Sub-Saharan Africa,Low income,2015,366.322853938121,120500.0,4629320.0
CAF,Central African Republic,Sub-Saharan Africa,Low income,2016,376.858254120398,82000.0,4713663.0
CAF,Central African Republic,Sub-Saharan Africa,Low income,2017,387.35795131742,107000.0,4793511.0
CAF,Central African Republic,Sub-Saharan Africa,Low income,2018,395.020015455909,109000.0,4878657.0
CAF,Central African Republic,Sub-Saharan Africa,Low income,2019,401.82582161435,87000.0,4944703.0
CAF,Central African Republic,Sub-Saharan Africa,Low income,2020,398.834274122139,,5026628.0
CAF,Central African Republic,Sub-Saharan Africa,Low income,2021,396.020622931961,,5112100.0
CAF,Central African Republic,Sub-Saharan Africa,Low income,2022,398.91539795642,,5098039.0
CAF,Central African Republic,Sub-Saharan Africa,Low income,2023,397.467795750451,,5152421.0
CAF,Central African Republic,Sub-Saharan Africa,Low income,2024,389.938307964229,,5330690.0
CAN,Canada,North America,High income,1980,27622.4011506651,,24515667.0
CAN,Canada,North America,High income,1981,28215.5591968377,,24819915.0
CAN,Canada,North America,High income,1982,26999.1061839354,,25116942.0
CAN,Canada,North America,High income,1983,27418.5191501577,,25366451.0
CAN,Canada,North America,High income,1984,28763.0011084144,,25607053.0
CAN,Canada,North America,High income,1985,29851.6732668471,,25842116.0
CAN,Canada,North America,High income,1986,30183.439114937,,26100278.0
CAN,Canada,North America,High income,1987,31001.1609686481,,26446601.0
CAN,Canada,North America,High income,1988,31951.5825607381,,26791747.0
CAN,Canada,North America,High income,1989,32116.9556042863,,27276781.0
CAN,Canada,North America,High income,1990,31700.5781154607,,27691138.0
CAN,Canada,North America,High income,1991,30654.3639368973,,28037420.0
CAN,Canada,North America,High income,1992,30563.4095229714,,28371264.0
CAN,Canada,North America,High income,1993,31032.785763879,,28684764.0
CAN,Canada,North America,High income,1994,32074.1884806299,,29000663.0
CAN,Canada,North America,High income,1995,32595.4842690909,41657000.0,29302311.0
CAN,Canada,North America,High income,1996,32801.3348171586,43256000.0,29610218.0
CAN,Canada,North America,High income,1997,33867.0419274091,45076000.0,29905948.0
CAN,Canada,North America,High income,1998,34894.6484928404,48064000.0,30155173.0
CAN,Canada,North America,High income,1999,36391.5718964607,49055000.0,30401286.0
CAN,Canada,North America,High income,2000,37906.89821012,48638000.0,30685730.0
CAN,Canada,North America,High income,2001,38200.4945025395,47147000.0,31020855.0
CAN,Canada,North America,High income,2002,38921.7064054514,44896000.0,31359199.0
CAN,Canada,North America,High income,2003,39270.0629084669,38903000.0,31642461.0
CAN,Canada,North America,High income,2004,40108.7990262916,38845000.0,31938807.0
CAN,Canada,North America,High income,2005,41006.264144024,36160000.0,32242732.0
CAN,Canada,North America,High income,2006,41663.5541588166,33390000.0,32571193.0
CAN,Canada,North America,High income,2007,42106.9147186165,30373000.0,32888886.0
CAN,Canada,North America,High income,2008,42067.610977795,27370000.0,33247298.0
CAN,Canada,North America,High income,2009,40376.4559330928,24696000.0,33630069.0
CAN,Canada,North America,High income,2010,41164.3812486578,25621000.0,34005902.0
CAN,Canada,North America,High income,2011,42043.6842044008,25066000.0,34339221.0
CAN,Canada,North America,High income,2012,42320.6856530018,25318000.0,34713395.0
CAN,Canada,North America,High income,2013,42851.2135876232,25167000.0,35080992.0
CAN,Canada,North America,High income,2014,43643.2794910996,25558000.0,35434066.0
CAN,Canada,North America,High income,2015,43594.2379080706,27555000.0,35704498.0
CAN,Canada,North America,High income,2016,43551.3863558236,30142000.0,36110803.0
CAN,Canada,North America,High income,2017,44339.4332217878,31081000.0,36545075.0
CAN,Canada,North America,High income,2018,44907.3887994469,31274000.0,37072620.0
CAN,Canada,North America,High income,2019,45100.336805859,32430000.0,37618495.0
CAN,Canada,North America,High income,2020,42366.1710935265,,38028638.0
CAN,Canada,North America,High income,2021,44639.2381171993,,38239864.0
CAN,Canada,North America,High income,2022,45883.0058941892,,38950132.0
CAN,Canada,North America,High income,2023,45495.5100892605,,40049088.0
CAN,Canada,North America,High income,2024,45061.3864587285,,41262329.0
CHE,Switzerland,Europe & Central Asia,High income,1980,59515.0839957113,,6319408.0
CHE,Switzerland,Europe & Central Asia,High income,1981,59459.6026935995,,6354074.0
CHE,Switzerland,Europe & Central Asia,High income,1982,59851.3237798662,,6391309.0
CHE,Switzerland,Europe & Central Asia,High income,1983,60727.9281659317,,6418773.0
CHE,Switzerland,Europe & Central Asia,High income,1984,63069.5401448825,,6441865.0
CHE,Switzerland,Europe & Central Asia,High income,1985,64148.2740818634,,6470365.0
CHE,Switzerland,Europe & Central Asia,High income,1986,65532.7953421245,,6504124.0
CHE,Switzerland,Europe & Central Asia,High income,1987,67306.5686611113,,6545106.0
CHE,Switzerland,Europe & Central Asia,High income,1988,68523.5058596064,,6593386.0
CHE,Switzerland,Europe & Central Asia,High income,1989,69776.2197877876,,6646912.0
CHE,Switzerland,Europe & Central Asia,High income,1990,69584.5767626374,,6715519.0
CHE,Switzerland,Europe & Central Asia,High income,1991,67932.7854592116,,6799978.0
CHE,Switzerland,Europe & Central Asia,High income,1992,66409.491461386,,6875364.0
CHE,Switzerland,Europe & Central Asia,High income,1993,64448.1064296646,,6938265.0
CHE,Switzerland,Europe & Central Asia,High income,1994,66503.9311877673,,6993795.0
CHE,Switzerland,Europe & Central Asia,High income,1995,68765.8004895745,6946000.0,7040687.0
CHE,Switzerland,Europe & Central Asia,High income,1996,68846.2811295722,6730000.0,7071850.0
CHE,Switzerland,Europe & Central Asia,High income,1997,70121.2926450719,7039000.0,7088906.0
CHE,Switzerland,Europe & Central Asia,High income,1998,71854.1176863899,7185000.0,7110001.0
CHE,Switzerland,Europe & Central Asia,High income,1999,72713.7068420544,7154000.0,7143991.0
CHE,Switzerland,Europe & Central Asia,High income,2000,74933.2770077552,7821000.0,7184250.0
CHE,Switzerland,Europe & Central Asia,High income,2001,75646.1781144131,7455000.0,7229854.0
CHE,Switzerland,Europe & Central Asia,High income,2002,75361.6941607385,6868000.0,7284753.0
CHE,Switzerland,Europe & Central Asia,High income,2003,74592.0284690955,6530000.0,7339001.0
CHE,Switzerland,Europe & Central Asia,High income,2004,75997.4453154761,,7389625.0
CHE,Switzerland,Europe & Central Asia,High income,2005,77741.3436104704,7229000.0,7437115.0
CHE,Switzerland,Europe & Central Asia,High income,2006,80448.9696781612,7863000.0,7483934.0
CHE,Switzerland,Europe & Central Asia,High income,2007,82909.1358291459,8448000.0,7551117.0
CHE,Switzerland,Europe & Central Asia,High income,2008,83934.7657221246,8608000.0,7647675.0
CHE,Switzerland,Europe & Central Asia,High income,2009,81288.642957612,8294000.0,7743831.0
CHE,Switzerland,Europe & Central Asia,High income,2010,83069.4276373455,8628000.0,7824909.0
CHE,Switzerland,Europe & Central Asia,High income,2011,83307.3180998465,8534000.0,7912398.0
CHE,Switzerland,Europe & Central Asia,High income,2012,83354.0207485188,8566000.0,7996861.0
CHE,Switzerland,Europe & Central Asia,High income,2013,83914.0245080812,8967000.0,8089346.0
CHE,Switzerland,Europe & Central Asia,High income,2014,85004.8134534,9158000.0,8188649.0
CHE,Switzerland,Europe & Central Asia,High income,2015,85265.06205193,9305000.0,8282396.0
CHE,Switzerland,Europe & Central Asia,High income,2016,85951.2234148345,10402000.0,8373338.0
CHE,Switzerland,Europe & Central Asia,High income,2017,86362.360972862,11133000.0,8451840.0
CHE,Switzerland,Europe & Central Asia,High income,2018,88581.0826935584,11715000.0,8514329.0
CHE,Switzerland,Europe & Central Asia,High income,2019,88932.4119306425,11818000.0,8575280.0
CHE,Switzerland,Europe & Central Asia,High income,2020,86293.9183441155,,8638167.0
CHE,Switzerland,Europe & Central Asia,High income,2021,90924.9256769825,,8704546.0
CHE,Switzerland,Europe & Central Asia,High income,2022,93360.440112464,,8777088.0
CHE,Switzerland,Europe & Central Asia,High income,2023,92947.9424441568,,8888822.0
CHE,Switzerland,Europe & Central Asia,High income,2024,93018.3768706697,,9005582.0
CHI,Channel Islands,Europe & Central Asia,High income,1980,,,130462.0
CHI,Channel Islands,Europe & Central Asia,High income,1981,,,131078.0
CHI,Channel Islands,Europe & Central Asia,High income,1982,,,132172.0
CHI,Channel Islands,Europe & Central Asia,High income,1983,,,133413.0
CHI,Channel Islands,Europe & Central Asia,High income,1984,,,134727.0
CHI,Channel Islands,Europe & Central Asia,High income,1985,,,136075.0
CHI,Channel Islands,Europe & Central Asia,High income,1986,,,137413.0
CHI,Channel Islands,Europe & Central Asia,High income,1987,,,138743.0
CHI,Channel Islands,Europe & Central Asia,High income,1988,,,140089.0
CHI,Channel Islands,Europe & Central Asia,High income,1989,,,141501.0
CHI,Channel Islands,Europe & Central Asia,High income,1990,,,143087.0
CHI,Channel Islands,Europe & Central Asia,High income,1991,,,144269.0
CHI,Channel Islands,Europe & Central Asia,High income,1992,,,144733.0
CHI,Channel Islands,Europe & Central Asia,High income,1993,,,144984.0
CHI,Channel Islands,Europe & Central Asia,High income,1994,,,145163.0
CHI,Channel Islands,Europe & Central Asia,High income,1995,,,145247.0
CHI,Channel Islands,Europe & Central Asia,High income,1996,,,145565.0
CHI,Channel Islands,Europe & Central Asia,High income,1997,,,146214.0
CHI,Channel Islands,Europe & Central Asia,High income,1998,,,146906.0
CHI,Channel Islands,Europe & Central Asia,High income,1999,,,147554.0
CHI,Channel Islands,Europe & Central Asia,High income,2000,,,148110.0
CHI,Channel Islands,Europe & Central Asia,High income,2001,,,148850.0
CHI,Channel Islands,Europe & Central Asia,High income,2002,,,149881.0
CHI,Channel Islands,Europe & Central Asia,High income,2003,,,150960.0
CHI,Channel Islands,Europe & Central Asia,High income,2004,,,152039.0
CHI,Channel Islands,Europe & Central Asia,High income,2005,,,153126.0
CHI,Channel Islands,Europe & Central Asia,High income,2006,,,154214.0
CHI,Channel Islands,Europe & Central Asia,High income,2007,,,155309.0
CHI,Channel Islands,Europe & Central Asia,High income,2008,,,156408.0
CHI,Channel Islands,Europe & Central Asia,High income,2009,67617.8205403696,,157511.0
CHI,Channel Islands,Europe & Central Asia,High income,2010,64722.9832990297,,158621.0
CHI,Channel Islands,Europe & Central Asia,High income,2011,65006.4871287216,,159706.0
CHI,Channel Islands,Europe & Central Asia,High income,2012,60861.9006460501,,160767.0
CHI,Channel Islands,Europe & Central Asia,High income,2013,60780.669022098,,161777.0
CHI,Channel Islands,Europe & Central Asia,High income,2014,61892.8083445708,,162726.0
CHI,Channel Islands,Europe & Central Asia,High income,2015,61847.8212238857,,163454.0
CHI,Channel Islands,Europe & Central Asia,High income,2016,62434.1859444218,,163883.0
CHI,Channel Islands,Europe & Central Asia,High income,2017,63393.3938698644,,164319.0
CHI,Channel Islands,Europe & Central Asia,High income,2018,63859.9826096615,,164949.0
CHI,Channel Islands,Europe & Central Asia,High income,2019,64594.5213908684,,165639.0
CHI,Channel Islands,Europe & Central Asia,High income,2020,58636.7036143365,,166235.0
CHI,Channel Islands,Europe & Central Asia,High income,2021,64267.6930018122,,166741.0
CHI,Channel Islands,Europe & Central Asia,High income,2022,67508.9385276664,,167215.0
CHI,Channel Islands,Europe & Central Asia,High income,2023,69818.1528119104,,167691.0
CHI,Channel Islands,Europe & Central Asia,High income,2024,,,168126.0
CHL,Chile,Latin America & Caribbean,High income,1980,4627.19349061049,,11508550.0
CHL,Chile,Latin America & Caribbean,High income,1981,4866.12669776366,,11678717.0
CHL,Chile,Latin America & Caribbean,High income,1982,4244.09899383271,,11850214.0
CHL,Chile,Latin America & Caribbean,High income,1983,3975.62230556306,,12026138.0
CHL,Chile,Latin America & Caribbean,High income,1984,4072.50464907353,,12207733.0
CHL,Chile,Latin America & Caribbean,High income,1985,4153.37019930025,,12395274.0
CHL,Chile,Latin America & Caribbean,High income,1986,4310.54362901388,,12588914.0
CHL,Chile,Latin America & Caribbean,High income,1987,4528.6333769652,,12790150.0
CHL,Chile,Latin America & Caribbean,High income,1988,4783.26035220905,,12999424.0
CHL,Chile,Latin America & Caribbean,High income,1989,5192.61380044824,,13215005.0
CHL,Chile,Latin America & Caribbean,High income,1990,5290.53694835535,,13437176.0
CHL,Chile,Latin America & Caribbean,High income,1991,5606.86557277047,,13662491.0
CHL,Chile,Latin America & Caribbean,High income,1992,6151.76546454326,,13884577.0
CHL,Chile,Latin America & Caribbean,High income,1993,6461.73217350303,,14102276.0
CHL,Chile,Latin America & Caribbean,High income,1994,6688.29717704707,,14316256.0
CHL,Chile,Latin America & Caribbean,High income,1995,7201.13100361441,,14527381.0
CHL,Chile,Latin America & Caribbean,High income,1996,7605.28953010603,,14734046.0
CHL,Chile,Latin America & Caribbean,High income,1997,8058.94228801535,,14932434.0
CHL,Chile,Latin America & Caribbean,High income,1998,8287.45061096547,,15127799.0
CHL,Chile,Latin America & Caribbean,High income,1999,8161.45168872186,,15319313.0
CHL,Chile,Latin America & Caribbean,High income,2000,8465.35303258864,,15503635.0
CHL,Chile,Latin America & Caribbean,High income,2001,8632.0148244056,,15683849.0
CHL,Chile,Latin America & Caribbean,High income,2002,8810.69052712257,,15857925.0
CHL,Chile,Latin America & Caribbean,High income,2003,9130.7842621819,,16024752.0
CHL,Chile,Latin America & Caribbean,High income,2004,9642.37478651228,,16187322.0
CHL,Chile,Latin America & Caribbean,High income,2005,10104.4208391373,,16348778.0
CHL,Chile,Latin America & Caribbean,High income,2006,10611.6144012877,,16509195.0
CHL,Chile,Latin America & Caribbean,High income,2007,11051.3450717678,,16671581.0
CHL,Chile,Latin America & Caribbean,High income,2008,11356.0922105983,3713000.0,16838988.0
CHL,Chile,Latin America & Caribbean,High income,2009,11116.4093443103,3657000.0,17009731.0
CHL,Chile,Latin America & Caribbean,High income,2010,11649.2897090856,3584000.0,17181464.0
CHL,Chile,Latin America & Caribbean,High income,2011,12252.8441074615,3963000.0,17351816.0
CHL,Chile,Latin America & Caribbean,High income,2012,12882.834417927,4397000.0,17519119.0
CHL,Chile,Latin America & Caribbean,High income,2013,13182.7329619856,4457000.0,17687006.0
CHL,Chile,Latin America & Caribbean,High income,2014,13285.9540361192,4601000.0,17864195.0
CHL,Chile,Latin America & Caribbean,High income,2015,13433.9202987032,5487000.0,18047625.0
CHL,Chile,Latin America & Caribbean,High income,2016,13505.097711133,6712000.0,18267221.0
CHL,Chile,Latin America & Caribbean,High income,2017,13473.3458532934,7621000.0,18558868.0
CHL,Chile,Latin America & Caribbean,High income,2018,13763.0068844795,6603000.0,18893191.0
CHL,Chile,Latin America & Caribbean,High income,2019,13631.9284885172,5431000.0,19197744.0
CHL,Chile,Latin America & Caribbean,High income,2020,12680.7761524378,,19370624.0
CHL,Chile,Latin America & Caribbean,High income,2021,14056.251601955,,19456334.0
CHL,Chile,Latin America & Caribbean,High income,2022,14275.4094646211,,19553036.0
CHL,Chile,Latin America & Caribbean,High income,2023,14294.7106635595,,19658835.0
CHL,Chile,Latin America & Caribbean,High income,2024,14616.9287938028,,19764771.0
CHN,China,East Asia & Pacific,Upper middle income,1980,436.628325064633,,981235000.0
CHN,China,East Asia & Pacific,Upper middle income,1981,453.119684821175,,993885000.0
CHN,China,East Asia & Pacific,Upper middle income,1982,486.788897534069,,1008630000.0
CHN,China,East Asia & Pacific,Upper middle income,1983,531.489502016356,,1023310000.0
CHN,China,East Asia & Pacific,Upper middle income,1984,604.253640849507,,1036825000.0
CHN,China,East Asia & Pacific,Upper middle income,1985,676.125961043923,,1051040000.0
CHN,China,East Asia & Pacific,Upper middle income,1986,725.721895334567,,1066790000.0
CHN,China,East Asia & Pacific,Upper middle income,1987,797.416224331495,,1084035000.0
CHN,China,East Asia & Pacific,Upper middle income,1988,872.728317988186,,1101630000.0
CHN,China,East Asia & Pacific,Upper middle income,1989,895.614384005007,,1118650000.0
CHN,China,East Asia & Pacific,Upper middle income,1990,917.187887177205,,1135185000.0
CHN,China,East Asia & Pacific,Upper middle income,1991,989.585278674846,,1150780000.0
CHN,China,East Asia & Pacific,Upper middle income,1992,1117.29533882968,,1164970000.0
CHN,China,East Asia & Pacific,Upper middle income,1993,1258.34142676619,,1178440000.0
CHN,China,East Asia & Pacific,Upper middle income,1994,1406.97393365064,,1191835000.0
CHN,China,East Asia & Pacific,Upper middle income,1995,1545.07897848105,46387000.0,1204855000.0
CHN,China,East Asia & Pacific,Upper middle income,1996,1681.45741269443,51128000.0,1217550000.0
CHN,China,East Asia & Pacific,Upper middle income,1997,1819.07954081306,57588000.0,1230075000.0
CHN,China,East Asia & Pacific,Upper middle income,1998,1944.46718626424,63478000.0,1241935000.0
CHN,China,East Asia & Pacific,Upper middle income,1999,2076.93180259914,72796000.0,1252735000.0
CHN,China,East Asia & Pacific,Upper middle income,2000,2237.30047918692,83444000.0,1262645000.0
CHN,China,East Asia & Pacific,Upper middle income,2001,2405.99411858042,89013000.0,1271850000.0
CHN,China,East Asia & Pacific,Upper middle income,2002,2610.66275070444,97908000.0,1280400000.0
CHN,China,East Asia & Pacific,Upper middle income,2003,2856.85053293219,91662000.0,1288400000.0
CHN,China,East Asia & Pacific,Upper middle income,2004,3127.91444892337,109038000.0,1296075000.0
CHN,China,East Asia & Pacific,Upper middle income,2005,3465.72767067642,120292000.0,1303720000.0
CHN,China,East Asia & Pacific,Upper middle income,2006,3883.27464370816,124942000.0,1311020000.0
CHN,China,East Asia & Pacific,Upper middle income,2007,4409.69709445986,131873000.0,1317885000.0
CHN,China,East Asia & Pacific,Upper middle income,2008,4811.34486346262,130027000.0,1324655000.0
CHN,China,East Asia & Pacific,Upper middle income,2009,5237.78809982377,126476000.0,1331260000.0
CHN,China,East Asia & Pacific,Upper middle income,2010,5764.65012366375,133762000.0,1337705000.0
CHN,China,East Asia & Pacific,Upper middle income,2011,6275.71634288814,135423000.0,1345035000.0
CHN,China,East Asia & Pacific,Upper middle income,2012,6723.09003744607,132405000.0,1354190000.0
CHN,China,East Asia & Pacific,Upper middle income,2013,7197.937319496,129078000.0,1363240000.0
CHN,China,East Asia & Pacific,Upper middle income,2014,7686.37369520403,128499000.0,1371860000.0
CHN,China,East Asia & Pacific,Upper middle income,2015,8175.33285077393,133820000.0,1379860000.0
CHN,China,East Asia & Pacific,Upper middle income,2016,8679.22528805041,141774000.0,1387790000.0
CHN,China,East Asia & Pacific,Upper middle income,2017,9221.35045639842,153260000.0,1396215000.0
CHN,China,East Asia & Pacific,Upper middle income,2018,9798.57890566402,158606000.0,1402760000.0
CHN,China,East Asia & Pacific,Upper middle income,2019,10356.2924890582,162538000.0,1407745000.0
CHN,China,East Asia & Pacific,Upper middle income,2020,10573.3794064211,30402000.0,1411100000.0
CHN,China,East Asia & Pacific,Upper middle income,2021,11469.3174514512,,1412360000.0
CHN,China,East Asia & Pacific,Upper middle income,2022,11830.298767861,,1412175000.0
CHN,China,East Asia & Pacific,Upper middle income,2023,12483.9791101249,,1410710000.0
CHN,China,East Asia & Pacific,Upper middle income,2024,13119.1076099516,,1408975000.0
CIV,Cote d'Ivoire,Sub-Saharan Africa,Lower middle income,1980,2576.91660095729,,8220714.0
CIV,Cote d'Ivoire,Sub-Saharan Africa,Lower middle income,1981,2562.42591923373,,8556596.0
CIV,Cote d'Ivoire,Sub-Saharan Africa,Lower middle income,1982,2466.30363782942,,8907936.0
CIV,Cote d'Ivoire,Sub-Saharan Africa,Lower middle income,1983,2276.86700017061,,9272744.0
CIV,Cote d'Ivoire,Sub-Saharan Africa,Lower middle income,1984,2128.64190478015,,9650516.0
CIV,Cote d'Ivoire,Sub-Saharan Africa,Lower middle income,1985,2138.06011188618,,10040483.0
CIV,Cote d'Ivoire,Sub-Saharan Africa,Lower middle income,1986,2123.07460132975,,10440917.0
CIV,Cote d'Ivoire,Sub-Saharan Africa,Lower middle income,1987,2035.62090959375,,10851475.0
CIV,Cote d'Ivoire,Sub-Saharan Africa,Lower middle income,1988,1981.38877451772,,11275189.0
CIV,Cote d'Ivoire,Sub-Saharan Africa,Lower middle income,1989,1962.42170003804,,11719771.0
CIV,Cote d'Ivoire,Sub-Saharan Africa,Lower middle income,1990,1866.0785698741,,12189778.0
CIV,Cote d'Ivoire,Sub-Saharan Africa,Lower middle income,1991,1794.12062566918,,12683870.0
CIV,Cote d'Ivoire,Sub-Saharan Africa,Lower middle income,1992,1719.71261335163,,13200310.0
CIV,Cote d'Ivoire,Sub-Saharan Africa,Lower middle income,1993,1649.47036183619,,13735951.0
CIV,Cote d'Ivoire,Sub-Saharan Africa,Lower middle income,1994,1598.69239055813,,14287201.0
CIV,Cote d'Ivoire,Sub-Saharan Africa,Lower middle income,1995,1647.08777075504,188000.0,14855565.0
CIV,Cote d'Ivoire,Sub-Saharan Africa,Lower middle income,1996,1706.97650014485,237000.0,15442312.0
CIV,Cote d'Ivoire,Sub-Saharan Africa,Lower middle income,1997,1801.13163122133,274000.0,16047170.0
CIV,Cote d'Ivoire,Sub-Saharan Africa,Lower middle income,1998,1808.42289027986,301000.0,16663948.0
CIV,Cote d'Ivoire,Sub-Saharan Africa,Lower middle income,1999,1770.86540389357,,17215935.0
CIV,Cote d'Ivoire,Sub-Saharan Africa,Lower middle income,2000,1717.95385651231,,17699004.0
CIV,Cote d'Ivoire,Sub-Saharan Africa,Lower middle income,2001,1636.57318705218,,18178913.0
CIV,Cote d'Ivoire,Sub-Saharan Africa,Lower middle income,2002,1551.27925902838,,18654771.0
CIV,Cote d'Ivoire,Sub-Saharan Africa,Lower middle income,2003,1441.58801755037,,19125542.0
CIV,Cote d'Ivoire,Sub-Saharan Africa,Lower middle income,2004,1451.86547141894,,19595000.0
CIV,Cote d'Ivoire,Sub-Saharan Africa,Lower middle income,2005,1431.73320203111,,20068458.0
CIV,Cote d'Ivoire,Sub-Saharan Africa,Lower middle income,2006,1437.77453798586,,20546802.0
CIV,Cote d'Ivoire,Sub-Saharan Africa,Lower middle income,2007,1420.1738958245,182000.0,21030558.0
CIV,Cote d'Ivoire,Sub-Saharan Africa,Lower middle income,2008,1454.62731800082,205000.0,21514439.0
CIV,Cote d'Ivoire,Sub-Saharan Africa,Lower middle income,2009,1473.9183699329,231000.0,21997940.0
CIV,Cote d'Ivoire,Sub-Saharan Africa,Lower middle income,2010,1540.52927270246,252000.0,22488065.0
CIV,Cote d'Ivoire,Sub-Saharan Africa,Lower middle income,2011,1426.46463864534,270000.0,22982000.0
CIV,Cote d'Ivoire,Sub-Saharan Africa,Lower middle income,2012,1503.43433046682,289000.0,23467078.0
CIV,Cote d'Ivoire,Sub-Saharan Africa,Lower middle income,2013,1632.32712787006,380000.0,23939775.0
CIV,Cote d'Ivoire,Sub-Saharan Africa,Lower middle income,2014,1742.53693001178,471000.0,24527395.0
CIV,Cote d'Ivoire,Sub-Saharan Africa,Lower middle income,2015,1814.71855088017,1441000.0,25246342.0
CIV,Cote d'Ivoire,Sub-Saharan Africa,Lower middle income,2016,1889.27777949938,1583000.0,25989405.0
CIV,Cote d'Ivoire,Sub-Saharan Africa,Lower middle income,2017,1972.81431788947,1800000.0,26733372.0
CIV,Cote d'Ivoire,Sub-Saharan Africa,Lower middle income,2018,2013.32307598499,1965000.0,27464173.0
CIV,Cote d'Ivoire,Sub-Saharan Africa,Lower middle income,2019,2093.09994335779,2070000.0,28193009.0
CIV,Cote d'Ivoire,Sub-Saharan Africa,Lower middle income,2020,2055.08483996432,668000.0,28915449.0
CIV,Cote d'Ivoire,Sub-Saharan Africa,Lower middle income,2021,2146.46047529012,,29639736.0
CIV,Cote d'Ivoire,Sub-Saharan Africa,Lower middle income,2022,2227.08197820584,,30395002.0
CIV,Cote d'Ivoire,Sub-Saharan Africa,Lower middle income,2023,2315.36434710324,,31165654.0
CIV,Cote d'Ivoire,Sub-Saharan Africa,Lower middle income,2024,2395.65916961845,,31934230.0
CMR,Cameroon,Sub-Saharan Africa,Lower middle income,1980,1305.68366184321,,8512219.0
CMR,Cameroon,Sub-Saharan Africa,Lower middle income,1981,1475.98950174546,,8816377.0
CMR,Cameroon,Sub-Saharan Africa,Lower middle income,1982,1549.61272438048,,9028678.0
CMR,Cameroon,Sub-Saharan Africa,Lower middle income,1983,1622.46829304371,,9215397.0
CMR,Cameroon,Sub-Saharan Africa,Lower middle income,1984,1695.95061001327,,9475078.0
CMR,Cameroon,Sub-Saharan Africa,Lower middle income,1985,1778.88090277491,,9761730.0
CMR,Cameroon,Sub-Saharan Africa,Lower middle income,1986,1842.96431745669,,10060342.0
CMR,Cameroon,Sub-Saharan Africa,Lower middle income,1987,1749.42466570751,,10370749.0
CMR,Cameroon,Sub-Saharan Africa,Lower middle income,1988,1565.13475286994,,10684968.0
CMR,Cameroon,Sub-Saharan Africa,Lower middle income,1989,1492.28176078781,,11002745.0
CMR,Cameroon,Sub-Saharan Africa,Lower middle income,1990,1360.47765296011,,11331821.0
CMR,Cameroon,Sub-Saharan Africa,Lower middle income,1991,1271.04658608388,,11667180.0
CMR,Cameroon,Sub-Saharan Africa,Lower middle income,1992,1196.85081918895,,12006353.0
CMR,Cameroon,Sub-Saharan Africa,Lower middle income,1993,1070.98275377636,,12353131.0
CMR,Cameroon,Sub-Saharan Africa,Lower middle income,1994,1060.87326552909,,12704903.0
CMR,Cameroon,Sub-Saharan Africa,Lower middle income,1995,1062.01607349987,,13058516.0
CMR,Cameroon,Sub-Saharan Africa,Lower middle income,1996,1077.38925202961,,13414757.0
CMR,Cameroon,Sub-Saharan Africa,Lower middle income,1997,1096.69757735007,,13775214.0
CMR,Cameroon,Sub-Saharan Africa,Lower middle income,1998,1118.50819963079,,14144860.0
CMR,Cameroon,Sub-Saharan Africa,Lower middle income,1999,1138.36298546565,,14525140.0
CMR,Cameroon,Sub-Saharan Africa,Lower middle income,2000,1151.27689302947,,14912631.0
CMR,Cameroon,Sub-Saharan Africa,Lower middle income,2001,1169.92670464984,,15309490.0
CMR,Cameroon,Sub-Saharan Africa,Lower middle income,2002,1189.96707897027,,15725528.0
CMR,Cameroon,Sub-Saharan Africa,Lower middle income,2003,1221.09446141454,,16160340.0
CMR,Cameroon,Sub-Saharan Africa,Lower middle income,2004,1271.74326874167,,16610487.0
CMR,Cameroon,Sub-Saharan Africa,Lower middle income,2005,1264.74345218659,,17074594.0
CMR,Cameroon,Sub-Saharan Africa,Lower middle income,2006,1277.32990712342,451000.0,17550407.0
CMR,Cameroon,Sub-Saharan Africa,Lower middle income,2007,1295.73067471287,477000.0,18049896.0
CMR,Cameroon,Sub-Saharan Africa,Lower middle income,2008,1295.02211276052,487000.0,18574056.0
CMR,Cameroon,Sub-Saharan Africa,Lower middle income,2009,1290.89961351149,498000.0,19113974.0
CMR,Cameroon,Sub-Saharan Africa,Lower middle income,2010,1290.9013745759,573000.0,19668066.0
CMR,Cameroon,Sub-Saharan Africa,Lower middle income,2011,1297.3064962694,604000.0,20232304.0
CMR,Cameroon,Sub-Saharan Africa,Lower middle income,2012,1319.66961634054,817000.0,20809529.0
CMR,Cameroon,Sub-Saharan Africa,Lower middle income,2013,1347.2130636706,783000.0,21402376.0
CMR,Cameroon,Sub-Saharan Africa,Lower middle income,2014,1381.81938454907,822000.0,22059893.0
CMR,Cameroon,Sub-Saharan Africa,Lower middle income,2015,1415.00009710569,897000.0,22763414.0
CMR,Cameroon,Sub-Saharan Africa,Lower middle income,2016,1435.61830727839,994000.0,23454161.0
CMR,Cameroon,Sub-Saharan Africa,Lower middle income,2017,1444.90682916573,1081000.0,24128601.0
CMR,Cameroon,Sub-Saharan Africa,Lower middle income,2018,1461.01969999317,997000.0,24806383.0
CMR,Cameroon,Sub-Saharan Africa,Lower middle income,2019,1470.31785276187,1021000.0,25506095.0
CMR,Cameroon,Sub-Saharan Africa,Lower middle income,2020,1434.51913723409,,26210558.0
CMR,Cameroon,Sub-Saharan Africa,Lower middle income,2021,1443.57600237663,,26915758.0
CMR,Cameroon,Sub-Saharan Africa,Lower middle income,2022,1458.66180431693,,27632771.0
CMR,Cameroon,Sub-Saharan Africa,Lower middle income,2023,1468.17837007337,,28372687.0
CMR,Cameroon,Sub-Saharan Africa,Lower middle income,2024,1480.73097431993,,29123744.0
COD,"Congo, Dem. Rep.",Sub-Saharan Africa,Low income,1980,1046.19884187998,,26711099.0
COD,"Congo, Dem. Rep.",Sub-Saharan Africa,Low income,1981,1040.05243655308,,27500515.0
COD,"Congo, Dem. Rep.",Sub-Saharan Africa,Low income,1982,1004.68917686245,,28338190.0
COD,"Congo, Dem. Rep.",Sub-Saharan Africa,Low income,1983,987.078612402052,,29250963.0
COD,"Congo, Dem. Rep.",Sub-Saharan Africa,Low income,1984,1007.5315807597,,30245081.0
COD,"Congo, Dem. Rep.",Sub-Saharan Africa,Low income,1985,979.229876234951,,31264816.0
COD,"Congo, Dem. Rep.",Sub-Saharan Africa,Low income,1986,993.629063435172,,32265196.0
COD,"Congo, Dem. Rep.",Sub-Saharan Africa,Low income,1987,988.544179306769,,33298904.0
COD,"Congo, Dem. Rep.",Sub-Saharan Africa,Low income,1988,961.885634113762,,34382752.0
COD,"Congo, Dem. Rep.",Sub-Saharan Africa,Low income,1989,920.159121957634,,35486866.0
COD,"Congo, Dem. Rep.",Sub-Saharan Africa,Low income,1990,831.66294744097,,36684063.0
COD,"Congo, Dem. Rep.",Sub-Saharan Africa,Low income,1991,736.691215468217,,37925817.0
COD,"Congo, Dem. Rep.",Sub-Saharan Africa,Low income,1992,637.436883335561,,39228910.0
COD,"Congo, Dem. Rep.",Sub-Saharan Africa,Low income,1993,532.214450615766,,40656336.0
COD,"Congo, Dem. Rep.",Sub-Saharan Africa,Low income,1994,487.814601482576,,42626876.0
COD,"Congo, Dem. Rep.",Sub-Saharan Africa,Low income,1995,471.254216680815,35000.0,44433704.0
COD,"Congo, Dem. Rep.",Sub-Saharan Africa,Low income,1996,457.551785605778,37000.0,45296124.0
COD,"Congo, Dem. Rep.",Sub-Saharan Africa,Low income,1997,424.966609732791,30000.0,46029902.0
COD,"Congo, Dem. Rep.",Sub-Saharan Africa,Low income,1998,406.859287635557,53000.0,47297600.0
COD,"Congo, Dem. Rep.",Sub-Saharan Africa,Low income,1999,376.622893450888,80000.0,48912971.0
COD,"Congo, Dem. Rep.",Sub-Saharan Africa,Low income,2000,339.52682222416,103000.0,50507442.0
COD,"Congo, Dem. Rep.",Sub-Saharan Africa,Low income,2001,322.033920026494,55000.0,52132646.0
COD,"Congo, Dem. Rep.",Sub-Saharan Africa,Low income,2002,321.547848189305,28000.0,53750524.0
COD,"Congo, Dem. Rep.",Sub-Saharan Africa,Low income,2003,329.709536541877,35000.0,55343867.0
COD,"Congo, Dem. Rep.",Sub-Saharan Africa,Low income,2004,341.714925752766,36000.0,56997741.0
COD,"Congo, Dem. Rep.",Sub-Saharan Africa,Low income,2005,351.708486411683,61000.0,58775724.0
COD,"Congo, Dem. Rep.",Sub-Saharan Africa,Low income,2006,358.454382275579,55000.0,60615908.0
COD,"Congo, Dem. Rep.",Sub-Saharan Africa,Low income,2007,377.62283005586,47000.0,62477752.0
COD,"Congo, Dem. Rep.",Sub-Saharan Africa,Low income,2008,393.640517898615,50000.0,64390664.0
COD,"Congo, Dem. Rep.",Sub-Saharan Africa,Low income,2009,383.726254541217,53000.0,66412044.0
COD,"Congo, Dem. Rep.",Sub-Saharan Africa,Low income,2010,403.722373878525,81000.0,68563038.0
COD,"Congo, Dem. Rep.",Sub-Saharan Africa,Low income,2011,389.119308449762,186000.0,70849311.0
COD,"Congo, Dem. Rep.",Sub-Saharan Africa,Low income,2012,408.966232816288,167000.0,73254618.0
COD,"Congo, Dem. Rep.",Sub-Saharan Africa,Low income,2013,464.526715460494,191000.0,75789395.0
COD,"Congo, Dem. Rep.",Sub-Saharan Africa,Low income,2014,481.830241883776,334000.0,78403242.0
COD,"Congo, Dem. Rep.",Sub-Saharan Africa,Low income,2015,495.826633014883,354000.0,81035531.0
COD,"Congo, Dem. Rep.",Sub-Saharan Africa,Low income,2016,480.461377880475,351000.0,83956415.0
COD,"Congo, Dem. Rep.",Sub-Saharan Africa,Low income,2017,482.854682128541,,87083398.0
COD,"Congo, Dem. Rep.",Sub-Saharan Africa,Low income,2018,495.312105711027,,90047644.0
COD,"Congo, Dem. Rep.",Sub-Saharan Africa,Low income,2019,482.524295129472,,92947442.0
COD,"Congo, Dem. Rep.",Sub-Saharan Africa,Low income,2020,470.852950000929,,95989998.0
COD,"Congo, Dem. Rep.",Sub-Saharan Africa,Low income,2021,485.160805929784,,99148932.0
COD,"Congo, Dem. Rep.",Sub-Saharan Africa,Low income,2022,513.512704372167,,102396968.0
COD,"Congo, Dem. Rep.",Sub-Saharan Africa,Low income,2023,539.45912637913,,105789731.0
COD,"Congo, Dem. Rep.",Sub-Saharan Africa,Low income,2024,554.117609962628,,109276265.0
COG,"Congo, Rep.",Sub-Saharan Africa,Lower middle income,1980,1921.96861829766,,1828985.0
COG,"Congo, Rep.",Sub-Saharan Africa,Lower middle income,1981,2211.31674185091,,1869759.0
COG,"Congo, Rep.",Sub-Saharan Africa,Lower middle income,1982,2674.95109240622,,1910430.0
COG,"Congo, Rep.",Sub-Saharan Africa,Lower middle income,1983,2773.62663758927,,1950321.0
COG,"Congo, Rep.",Sub-Saharan Africa,Lower middle income,1984,2894.09973517119,,1999528.0
COG,"Congo, Rep.",Sub-Saharan Africa,Lower middle income,1985,2776.76428489105,,2059311.0
COG,"Congo, Rep.",Sub-Saharan Africa,Lower middle income,1986,2511.48682046393,,2120602.0
COG,"Congo, Rep.",Sub-Saharan Africa,Lower middle income,1987,2443.79019878646,,2183473.0
COG,"Congo, Rep.",Sub-Saharan Africa,Lower middle income,1988,2415.94091643835,,2247653.0
COG,"Congo, Rep.",Sub-Saharan Africa,Lower middle income,1989,2408.14159896257,,2313558.0
COG,"Congo, Rep.",Sub-Saharan Africa,Lower middle income,1990,2363.76701814587,,2380560.0
COG,"Congo, Rep.",Sub-Saharan Africa,Lower middle income,1991,2352.52754080776,,2449229.0
COG,"Congo, Rep.",Sub-Saharan Africa,Lower middle income,1992,2346.67913794406,,2519465.0
COG,"Congo, Rep.",Sub-Saharan Africa,Lower middle income,1993,2255.94360801961,,2595124.0
COG,"Congo, Rep.",Sub-Saharan Africa,Lower middle income,1994,2069.79640456567,,2673144.0
COG,"Congo, Rep.",Sub-Saharan Africa,Lower middle income,1995,2092.54337905245,,2749461.0
COG,"Congo, Rep.",Sub-Saharan Africa,Lower middle income,1996,2122.62819294837,,2826785.0
COG,"Congo, Rep.",Sub-Saharan Africa,Lower middle income,1997,2064.7536042465,,2887862.0
COG,"Congo, Rep.",Sub-Saharan Africa,Lower middle income,1998,2095.34403570595,,2952061.0
COG,"Congo, Rep.",Sub-Saharan Africa,Lower middle income,1999,1986.8478922289,,3032874.0
COG,"Congo, Rep.",Sub-Saharan Africa,Lower middle income,2000,2057.01922023551,,3151345.0
COG,"Congo, Rep.",Sub-Saharan Africa,Lower middle income,2001,2056.16505922617,,3272537.0
COG,"Congo, Rep.",Sub-Saharan Africa,Lower middle income,2002,2100.16876714574,,3350771.0
COG,"Congo, Rep.",Sub-Saharan Africa,Lower middle income,2003,2058.88683675038,,3445753.0
COG,"Congo, Rep.",Sub-Saharan Africa,Lower middle income,2004,2058.88402946896,,3565554.0
COG,"Congo, Rep.",Sub-Saharan Africa,Lower middle income,2005,2140.03686200251,,3696393.0
COG,"Congo, Rep.",Sub-Saharan Africa,Lower middle income,2006,2226.0233547376,,3837409.0
COG,"Congo, Rep.",Sub-Saharan Africa,Lower middle income,2007,2004.10103961966,,3980430.0
COG,"Congo, Rep.",Sub-Saharan Africa,Lower middle income,2008,2061.55829880574,,4113517.0
COG,"Congo, Rep.",Sub-Saharan Africa,Lower middle income,2009,2211.31572382028,,4281219.0
COG,"Congo, Rep.",Sub-Saharan Africa,Lower middle income,2010,2332.28508055953,199000.0,4462290.0
COG,"Congo, Rep.",Sub-Saharan Africa,Lower middle income,2011,2307.49384399715,224000.0,4609724.0
COG,"Congo, Rep.",Sub-Saharan Africa,Lower middle income,2012,2467.06102906839,259000.0,4740450.0
COG,"Congo, Rep.",Sub-Saharan Africa,Lower middle income,2013,2390.65754938662,345000.0,4857099.0
COG,"Congo, Rep.",Sub-Saharan Africa,Lower middle income,2014,2488.68118548992,229000.0,4975880.0
COG,"Congo, Rep.",Sub-Saharan Africa,Lower middle income,2015,2439.35189403696,224000.0,5097581.0
COG,"Congo, Rep.",Sub-Saharan Africa,Lower middle income,2016,2174.19310251224,213000.0,5222536.0
COG,"Congo, Rep.",Sub-Saharan Africa,Lower middle income,2017,2003.27121075187,151000.0,5351011.0
COG,"Congo, Rep.",Sub-Saharan Africa,Lower middle income,2018,1909.9560382117,158000.0,5483118.0
COG,"Congo, Rep.",Sub-Saharan Africa,Lower middle income,2019,1885.51080877731,,5616661.0
COG,"Congo, Rep.",Sub-Saharan Africa,Lower middle income,2020,1725.51040049963,,5752791.0
COG,"Congo, Rep.",Sub-Saharan Africa,Lower middle income,2021,1701.79060456872,,5892183.0
COG,"Congo, Rep.",Sub-Saharan Africa,Lower middle income,2022,1686.00234391385,,6035104.0
COG,"Congo, Rep.",Sub-Saharan Africa,Lower middle income,2023,1677.08549205924,,6182885.0
COG,"Congo, Rep.",Sub-Saharan Africa,Lower middle income,2024,1671.7266018229,,6332961.0
COL,Colombia,Latin America & Caribbean,Upper middle income,1980,3300.51170195765,,26104498.0
COL,Colombia,Latin America & Caribbean,Upper middle income,1981,3298.73218883264,,26713267.0
COL,Colombia,Latin America & Caribbean,Upper middle income,1982,3253.88046917188,,27338331.0
COL,Colombia,Latin America & Caribbean,Upper middle income,1983,3228.35593102948,,27988173.0
COL,Colombia,Latin America & Caribbean,Upper middle income,1984,3260.28459182748,,28642690.0
COL,Colombia,Latin America & Caribbean,Upper middle income,1985,3289.71209715409,,29268470.0
COL,Colombia,Latin America & Caribbean,Upper middle income,1986,3410.15965281641,,29879112.0
COL,Colombia,Latin America & Caribbean,Upper middle income,1987,3520.16261987219,,30499467.0
COL,Colombia,Latin America & Caribbean,Upper middle income,1988,3588.96963573165,,31130524.0
COL,Colombia,Latin America & Caribbean,Upper middle income,1989,3636.07569199887,,31776279.0
COL,Colombia,Latin America & Caribbean,Upper middle income,1990,3714.1849928328,,32440069.0
COL,Colombia,Latin America & Caribbean,Upper middle income,1991,3713.17727535576,,33098372.0
COL,Colombia,Latin America & Caribbean,Upper middle income,1992,3787.5942918216,,33760571.0
COL,Colombia,Latin America & Caribbean,Upper middle income,1993,3912.6590835796,,34441473.0
COL,Colombia,Latin America & Caribbean,Upper middle income,1994,4059.32146113882,,35127410.0
COL,Colombia,Latin America & Caribbean,Upper middle income,1995,4189.72770913999,1433000.0,35804662.0
COL,Colombia,Latin America & Caribbean,Upper middle income,1996,4198.69126252708,751000.0,36462745.0
COL,Colombia,Latin America & Caribbean,Upper middle income,1997,4265.6935185646,758000.0,37121149.0
COL,Colombia,Latin America & Caribbean,Upper middle income,1998,4213.82800470051,823000.0,37792165.0
COL,Colombia,Latin America & Caribbean,Upper middle income,1999,3967.11339937681,725000.0,38454863.0
COL,Colombia,Latin America & Caribbean,Upper middle income,2000,4016.80951748167,707000.0,39089934.0
COL,Colombia,Latin America & Caribbean,Upper middle income,2001,4020.50789754842,788000.0,39709262.0
COL,Colombia,Latin America & Caribbean,Upper middle income,2002,4058.28493578738,661000.0,40324680.0
COL,Colombia,Latin America & Caribbean,Upper middle income,2003,4154.17528523618,668000.0,40937429.0
COL,Colombia,Latin America & Caribbean,Upper middle income,2004,4311.91591255233,840000.0,41543171.0
COL,Colombia,Latin America & Caribbean,Upper middle income,2005,4457.27537460443,981000.0,42128977.0
COL,Colombia,Latin America & Caribbean,Upper middle income,2006,4694.03442939175,2096000.0,42691084.0
COL,Colombia,Latin America & Caribbean,Upper middle income,2007,4947.25260813108,2381000.0,43235374.0
COL,Colombia,Latin America & Caribbean,Upper middle income,2008,5048.57187245249,2545000.0,43758808.0
COL,Colombia,Latin America & Caribbean,Upper middle income,2009,5046.97121757727,2649000.0,44271541.0
COL,Colombia,Latin America & Caribbean,Upper middle income,2010,5214.24547620131,1701000.0,44777319.0
COL,Colombia,Latin America & Caribbean,Upper middle income,2011,5517.1011086899,2356000.0,45259614.0
COL,Colombia,Latin America & Caribbean,Upper middle income,2012,5675.75617978305,2434000.0,45715810.0
COL,Colombia,Latin America & Caribbean,Upper middle income,2013,5910.80592301166,2595000.0,46151584.0
COL,Colombia,Latin America & Caribbean,Upper middle income,2014,6121.83982019825,2866000.0,46565429.0
COL,Colombia,Latin America & Caribbean,Upper middle income,2015,6248.51490534512,3371000.0,46969940.0
COL,Colombia,Latin America & Caribbean,Upper middle income,2016,6316.07067782542,3675000.0,47437512.0
COL,Colombia,Latin America & Caribbean,Upper middle income,2017,6309.67745292518,4056000.0,48131078.0
COL,Colombia,Latin America & Caribbean,Upper middle income,2018,6353.5464285392,4397000.0,49024465.0
COL,Colombia,Latin America & Caribbean,Upper middle income,2019,6439.96359812647,4531000.0,49907985.0
COL,Colombia,Latin America & Caribbean,Upper middle income,2020,5891.95523215403,1396000.0,50629997.0
COL,Colombia,Latin America & Caribbean,Upper middle income,2021,6457.16921807086,,51188173.0
COL,Colombia,Latin America & Caribbean,Upper middle income,2022,6856.72590505374,,51737944.0
COL,Colombia,Latin America & Caribbean,Upper middle income,2023,6837.37392084534,,52321152.0
COL,Colombia,Latin America & Caribbean,Upper middle income,2024,6865.31283944628,,52886363.0
COM,Comoros,Sub-Saharan Africa,Lower middle income,1980,1171.47249737158,,337721.0
COM,Comoros,Sub-Saharan Africa,Lower middle income,1981,1201.09896327368,,347382.0
COM,Comoros,Sub-Saharan Africa,Lower middle income,1982,1215.69296967518,,357139.0
COM,Comoros,Sub-Saharan Africa,Lower middle income,1983,1218.84625619645,,367233.0
COM,Comoros,Sub-Saharan Africa,Lower middle income,1984,1234.65138518177,,377637.0
COM,Comoros,Sub-Saharan Africa,Lower middle income,1985,1233.95209831507,,388352.0
COM,Comoros,Sub-Saharan Africa,Lower middle income,1986,1224.91930228341,,399318.0
COM,Comoros,Sub-Saharan Africa,Lower middle income,1987,1216.49074212065,,410439.0
COM,Comoros,Sub-Saharan Africa,Lower middle income,1988,1242.8962563178,,421687.0
COM,Comoros,Sub-Saharan Africa,Lower middle income,1989,1199.03755497736,,433103.0
COM,Comoros,Sub-Saharan Africa,Lower middle income,1990,1253.76230051227,,444596.0
COM,Comoros,Sub-Saharan Africa,Lower middle income,1991,1148.13962801407,,455556.0
COM,Comoros,Sub-Saharan Africa,Lower middle income,1992,1207.29241949564,,465113.0
COM,Comoros,Sub-Saharan Africa,Lower middle income,1993,1215.64983241848,,473682.0
COM,Comoros,Sub-Saharan Africa,Lower middle income,1994,1146.70744816409,,482142.0
COM,Comoros,Sub-Saharan Africa,Lower middle income,1995,1190.50070057888,23000.0,490586.0
COM,Comoros,Sub-Saharan Africa,Lower middle income,1996,1164.2036745499,24000.0,499107.0
COM,Comoros,Sub-Saharan Africa,Lower middle income,1997,1194.79519496651,26000.0,507777.0
COM,Comoros,Sub-Saharan Africa,Lower middle income,1998,1174.69021233013,27000.0,516597.0
COM,Comoros,Sub-Saharan Africa,Lower middle income,1999,1185.07075486739,24000.0,525886.0
COM,Comoros,Sub-Saharan Africa,Lower middle income,2000,1150.82871091807,24000.0,536080.0
COM,Comoros,Sub-Saharan Africa,Lower middle income,2001,1188.50139049127,19399.9996185303,547220.0
COM,Comoros,Sub-Saharan Africa,Lower middle income,2002,1217.11534330128,18899.9996185303,558923.0
COM,Comoros,Sub-Saharan Africa,Lower middle income,2003,1216.98069479509,20600.0003814697,569798.0
COM,Comoros,Sub-Saharan Africa,Lower middle income,2004,1231.14779946851,23299.9992370605,580704.0
COM,Comoros,Sub-Saharan Africa,Lower middle income,2005,1274.61470948066,25899.9996185303,592677.0
COM,Comoros,Sub-Saharan Africa,Lower middle income,2006,1227.24669435092,28500.0,604753.0
COM,Comoros,Sub-Saharan Africa,Lower middle income,2007,1212.6966173611,15199.9998092651,616927.0
COM,Comoros,Sub-Saharan Africa,Lower middle income,2008,1235.97280465287,14800.0001907349,629307.0
COM,Comoros,Sub-Saharan Africa,Lower middle income,2009,1250.90237145763,11300.0001907349,641947.0
COM,Comoros,Sub-Saharan Africa,Lower middle income,2010,1272.60716208007,15300.0001907349,654836.0
COM,Comoros,Sub-Saharan Africa,Lower middle income,2011,1299.11093449408,18799.9992370605,668056.0
COM,Comoros,Sub-Saharan Africa,Lower middle income,2012,1313.58187559666,22799.9992370605,681630.0
COM,Comoros,Sub-Saharan Africa,Lower middle income,2013,1343.54683280656,21899.9996185303,696192.0
COM,Comoros,Sub-Saharan Africa,Lower middle income,2014,1342.3295858321,22799.9992370605,711503.0
COM,Comoros,Sub-Saharan Africa,Lower middle income,2015,1329.37048235986,23600.0003814697,726682.0
COM,Comoros,Sub-Saharan Africa,Lower middle income,2016,1345.6261652831,26799.9992370605,741741.0
COM,Comoros,Sub-Saharan Africa,Lower middle income,2017,1369.41180275963,28000.0,756669.0
COM,Comoros,Sub-Saharan Africa,Lower middle income,2018,1391.84570443267,35900.0015258789,771590.0
COM,Comoros,Sub-Saharan Africa,Lower middle income,2019,1389.36488014859,45099.9984741211,786578.0
COM,Comoros,Sub-Saharan Africa,Lower middle income,2020,1359.7070891825,7000.0,802163.0
COM,Comoros,Sub-Saharan Africa,Lower middle income,2021,1360.32663361462,,818174.0
COM,Comoros,Sub-Saharan Africa,Lower middle income,2022,1366.9513495529,,834188.0
COM,Comoros,Sub-Saharan Africa,Lower middle income,2023,1383.64201759575,,850387.0
COM,Comoros,Sub-Saharan Africa,Lower middle income,2024,1402.52614298112,,866628.0
CPV,Cabo Verde,Sub-Saharan Africa,Upper middle income,1980,581.755065828323,,323301.0
CPV,Cabo Verde,Sub-Saharan Africa,Upper middle income,1981,622.175843789433,,327846.0
CPV,Cabo Verde,Sub-Saharan Africa,Upper middle income,1982,630.373215165836,,332724.0
CPV,Cabo Verde,Sub-Saharan Africa,Upper middle income,1983,680.309270761066,,337654.0
CPV,Cabo Verde,Sub-Saharan Africa,Upper middle income,1984,696.047255683761,,342505.0
CPV,Cabo Verde,Sub-Saharan Africa,Upper middle income,1985,745.620229080143,,347365.0
CPV,Cabo Verde,Sub-Saharan Africa,Upper middle income,1986,756.26010041403,,352312.0
CPV,Cabo Verde,Sub-Saharan Africa,Upper middle income,1987,777.830957355952,,357302.0
CPV,Cabo Verde,Sub-Saharan Africa,Upper middle income,1988,813.037458467319,,362329.0
CPV,Cabo Verde,Sub-Saharan Africa,Upper middle income,1989,846.574036092057,,367803.0
CPV,Cabo Verde,Sub-Saharan Africa,Upper middle income,1990,835.120723175504,,375428.0
CPV,Cabo Verde,Sub-Saharan Africa,Upper middle income,1991,826.681399309547,,384586.0
CPV,Cabo Verde,Sub-Saharan Africa,Upper middle income,1992,896.519359558541,,393415.0
CPV,Cabo Verde,Sub-Saharan Africa,Upper middle income,1993,953.861011115729,,401965.0
CPV,Cabo Verde,Sub-Saharan Africa,Upper middle income,1994,1113.93806476467,,410228.0
CPV,Cabo Verde,Sub-Saharan Africa,Upper middle income,1995,1248.28104350759,28000.0,418104.0
CPV,Cabo Verde,Sub-Saharan Africa,Upper middle income,1996,1365.49820603623,37000.0,425581.0
CPV,Cabo Verde,Sub-Saharan Africa,Upper middle income,1997,1492.01847422507,45000.0,432798.0
CPV,Cabo Verde,Sub-Saharan Africa,Upper middle income,1998,1652.11117220593,52000.0,439784.0
CPV,Cabo Verde,Sub-Saharan Africa,Upper middle income,1999,1809.80582624137,67000.0,446519.0
CPV,Cabo Verde,Sub-Saharan Africa,Upper middle income,2000,2037.31720912714,115000.0,453317.0
CPV,Cabo Verde,Sub-Saharan Africa,Upper middle income,2001,2051.21733888102,134000.0,460293.0
CPV,Cabo Verde,Sub-Saharan Africa,Upper middle income,2002,2127.70872296502,126000.0,467046.0
CPV,Cabo Verde,Sub-Saharan Africa,Upper middle income,2003,2186.89500422765,150000.0,473383.0
CPV,Cabo Verde,Sub-Saharan Africa,Upper middle income,2004,2379.79636224135,157000.0,479370.0
CPV,Cabo Verde,Sub-Saharan Africa,Upper middle income,2005,2514.16779255327,198000.0,485115.0
CPV,Cabo Verde,Sub-Saharan Africa,Upper middle income,2006,2683.83943856892,242000.0,490728.0
CPV,Cabo Verde,Sub-Saharan Africa,Upper middle income,2007,3056.97102851154,267000.0,496190.0
CPV,Cabo Verde,Sub-Saharan Africa,Upper middle income,2008,3238.44159287498,285000.0,501355.0
CPV,Cabo Verde,Sub-Saharan Africa,Upper middle income,2009,3159.58698693977,287000.0,506141.0
CPV,Cabo Verde,Sub-Saharan Africa,Upper middle income,2010,3194.61667734233,336000.0,509784.0
CPV,Cabo Verde,Sub-Saharan Africa,Upper middle income,2011,3309.20121643898,428000.0,511447.0
CPV,Cabo Verde,Sub-Saharan Africa,Upper middle income,2012,3341.7421054836,482000.0,511955.0
CPV,Cabo Verde,Sub-Saharan Africa,Upper middle income,2013,3361.09387702205,503000.0,512225.0
CPV,Cabo Verde,Sub-Saharan Africa,Upper middle income,2014,3383.8422809791,494000.0,512326.0
CPV,Cabo Verde,Sub-Saharan Africa,Upper middle income,2015,3415.06266730931,520000.0,512394.0
CPV,Cabo Verde,Sub-Saharan Africa,Upper middle income,2016,3560.1400729534,598000.0,512554.0
CPV,Cabo Verde,Sub-Saharan Africa,Upper middle income,2017,3719.71306047915,668000.0,512893.0
CPV,Cabo Verde,Sub-Saharan Africa,Upper middle income,2018,3853.67940035241,710000.0,513415.0
CPV,Cabo Verde,Sub-Saharan Africa,Upper middle income,2019,4115.90283469406,758000.0,514104.0
CPV,Cabo Verde,Sub-Saharan Africa,Upper middle income,2020,3255.93628984058,180000.0,514679.0
CPV,Cabo Verde,Sub-Saharan Africa,Upper middle income,2021,3471.6553421786,,516649.0
CPV,Cabo Verde,Sub-Saharan Africa,Upper middle income,2022,3997.76763250653,,519741.0
CPV,Cabo Verde,Sub-Saharan Africa,Upper middle income,2023,4168.67748407593,,522331.0
CPV,Cabo Verde,Sub-Saharan Africa,Upper middle income,2024,4438.38741931171,,524877.0
CRI,Costa Rica,Latin America & Caribbean,High income,1980,6223.6957112494,,2390633.0
CRI,Costa Rica,Latin America & Caribbean,High income,1981,5919.50308422728,,2456637.0
CRI,Costa Rica,Latin America & Caribbean,High income,1982,5340.05296050956,,2524806.0
CRI,Costa Rica,Latin America & Caribbean,High income,1983,5344.04081178702,,2595153.0
CRI,Costa Rica,Latin America & Caribbean,High income,1984,5616.08312300214,,2667595.0
CRI,Costa Rica,Latin America & Caribbean,High income,1985,5503.32782901143,,2741894.0
CRI,Costa Rica,Latin America & Caribbean,High income,1986,5652.72113530997,,2817216.0
CRI,Costa Rica,Latin America & Caribbean,High income,1987,5767.51515512581,,2892699.0
CRI,Costa Rica,Latin America & Caribbean,High income,1988,5813.9134626804,,2968103.0
CRI,Costa Rica,Latin America & Caribbean,High income,1989,5990.4953167272,,3043827.0
CRI,Costa Rica,Latin America & Caribbean,High income,1990,6048.58307533907,,3121706.0
CRI,Costa Rica,Latin America & Caribbean,High income,1991,6030.17970863724,,3202176.0
CRI,Costa Rica,Latin America & Caribbean,High income,1992,6420.44624299731,,3284258.0
CRI,Costa Rica,Latin America & Caribbean,High income,1993,6706.2766889267,,3367434.0
CRI,Costa Rica,Latin America & Caribbean,High income,1994,6839.36232894134,,3451122.0
CRI,Costa Rica,Latin America & Caribbean,High income,1995,6954.09537663888,924000.0,3535176.0
CRI,Costa Rica,Latin America & Caribbean,High income,1996,6884.73552958124,940000.0,3619013.0
CRI,Costa Rica,Latin America & Caribbean,High income,1997,7099.52398121837,1013000.0,3701711.0
CRI,Costa Rica,Latin America & Caribbean,High income,1998,7439.72672879908,1167000.0,3782838.0
CRI,Costa Rica,Latin America & Caribbean,High income,1999,7589.29093683694,1267000.0,3862101.0
CRI,Costa Rica,Latin America & Caribbean,High income,2000,7726.51985617467,1278000.0,3937739.0
CRI,Costa Rica,Latin America & Caribbean,High income,2001,7854.23397563819,1320000.0,4008947.0
CRI,Costa Rica,Latin America & Caribbean,High income,2002,7989.55926106105,1335000.0,4075705.0
CRI,Costa Rica,Latin America & Caribbean,High income,2003,8207.45747826141,1514000.0,4138784.0
CRI,Costa Rica,Latin America & Caribbean,High income,2004,8445.52917577429,1771000.0,4200078.0
CRI,Costa Rica,Latin America & Caribbean,High income,2005,8655.33967667373,1959000.0,4261240.0
CRI,Costa Rica,Latin America & Caribbean,High income,2006,9160.29437313379,2071000.0,4321340.0
CRI,Costa Rica,Latin America & Caribbean,High income,2007,9779.51150221827,2302000.0,4380248.0
CRI,Costa Rica,Latin America & Caribbean,High income,2008,10104.9092352005,2409000.0,4440056.0
CRI,Costa Rica,Latin America & Caribbean,High income,2009,9883.67568633785,2309000.0,4499791.0
CRI,Costa Rica,Latin America & Caribbean,High income,2010,10285.0856777667,2495000.0,4555962.0
CRI,Costa Rica,Latin America & Caribbean,High income,2011,10612.4694960426,2526000.0,4609833.0
CRI,Costa Rica,Latin America & Caribbean,High income,2012,11001.5193084396,2542000.0,4663934.0
CRI,Costa Rica,Latin America & Caribbean,High income,2013,11151.1437937744,2641000.0,4716147.0
CRI,Costa Rica,Latin America & Caribbean,High income,2014,11422.6735972442,2760000.0,4767119.0
CRI,Costa Rica,Latin America & Caribbean,High income,2015,11714.7106121672,2899000.0,4818038.0
CRI,Costa Rica,Latin America & Caribbean,High income,2016,12084.4351419988,3204000.0,4866998.0
CRI,Costa Rica,Latin America & Caribbean,High income,2017,12468.5654849336,3231000.0,4913177.0
CRI,Costa Rica,Latin America & Caribbean,High income,2018,12708.8042828359,3313000.0,4957818.0
CRI,Costa Rica,Latin America & Caribbean,High income,2019,12944.013449341,3366000.0,4999553.0
CRI,Costa Rica,Latin America & Caribbean,High income,2020,12322.2359458534,1146500.0,5034320.0
CRI,Costa Rica,Latin America & Caribbean,High income,2021,13267.2549508035,,5059988.0
CRI,Costa Rica,Latin America & Caribbean,High income,2022,13931.8461614764,,5081765.0
CRI,Costa Rica,Latin America & Caribbean,High income,2023,14531.5005137466,,5105525.0
CRI,Costa Rica,Latin America & Caribbean,High income,2024,15052.9149924743,,5129910.0
CUB,Cuba,Latin America & Caribbean,Upper middle income,1980,3606.74390099913,,9804796.0
CUB,Cuba,Latin America & Caribbean,Upper middle income,1981,4297.33730540661,,9849320.0
CUB,Cuba,Latin America & Caribbean,Upper middle income,1982,4650.66605560812,,9912681.0
CUB,Cuba,Latin America & Caribbean,Upper middle income,1983,4863.89364258073,,9991026.0
CUB,Cuba,Latin America & Caribbean,Upper middle income,1984,5206.71097026126,,10073299.0
CUB,Cuba,Latin America & Caribbean,Upper middle income,1985,5246.13530193757,,10157228.0
CUB,Cuba,Latin America & Caribbean,Upper middle income,1986,5206.52966743673,,10244247.0
CUB,Cuba,Latin America & Caribbean,Upper middle income,1987,5036.67220086788,,10335342.0
CUB,Cuba,Latin America & Caribbean,Upper middle income,1988,5174.62120636915,,10432585.0
CUB,Cuba,Latin America & Caribbean,Upper middle income,1989,5160.02681276118,,10533243.0
CUB,Cuba,Latin America & Caribbean,Upper middle income,1990,4961.45738860948,,10631799.0
CUB,Cuba,Latin America & Caribbean,Upper middle income,1991,4395.45493473446,,10717640.0
CUB,Cuba,Latin America & Caribbean,Upper middle income,1992,3861.87437370304,,10785801.0
CUB,Cuba,Latin America & Caribbean,Upper middle income,1993,3270.55047645542,,10841031.0
CUB,Cuba,Latin America & Caribbean,Upper middle income,1994,3280.38453264476,,10886021.0
CUB,Cuba,Latin America & Caribbean,Upper middle income,1995,3348.88763214863,745000.0,10925362.0
CUB,Cuba,Latin America & Caribbean,Upper middle income,1996,3599.32498555978,1004000.0,10962010.0
CUB,Cuba,Latin America & Caribbean,Upper middle income,1997,3687.42530352589,1170000.0,10997934.0
CUB,Cuba,Latin America & Caribbean,Upper middle income,1998,3680.98418008951,1416000.0,11034712.0
CUB,Cuba,Latin America & Caribbean,Upper middle income,1999,3895.54643322661,1603000.0,11072230.0
CUB,Cuba,Latin America & Caribbean,Upper middle income,2000,4112.26168350671,1774000.0,11109109.0
CUB,Cuba,Latin America & Caribbean,Upper middle income,2001,4229.90309433356,1775000.0,11144132.0
CUB,Cuba,Latin America & Caribbean,Upper middle income,2002,4277.39565642359,1686000.0,11177418.0
CUB,Cuba,Latin America & Caribbean,Upper middle income,2003,4426.96599591833,1906000.0,11209383.0
CUB,Cuba,Latin America & Caribbean,Upper middle income,2004,4670.18802138025,2049000.0,11238756.0
CUB,Cuba,Latin America & Caribbean,Upper middle income,2005,5182.35283601732,2319000.0,11262554.0
CUB,Cuba,Latin America & Caribbean,Upper middle income,2006,5799.41163668615,2221000.0,11278550.0
CUB,Cuba,Latin America & Caribbean,Upper middle income,2007,6215.76603727772,2152000.0,11287272.0
CUB,Cuba,Latin America & Caribbean,Upper middle income,2008,6469.08507847668,2348000.0,11291762.0
CUB,Cuba,Latin America & Caribbean,Upper middle income,2009,6561.25305093006,2430000.0,11294719.0
CUB,Cuba,Latin America & Caribbean,Upper middle income,2010,6716.49048497058,2532000.0,11297409.0
CUB,Cuba,Latin America & Caribbean,Upper middle income,2011,6902.16397571139,2716000.0,11301571.0
CUB,Cuba,Latin America & Caribbean,Upper middle income,2012,7109.24834185635,2847000.0,11303175.0
CUB,Cuba,Latin America & Caribbean,Upper middle income,2013,7307.82004410741,2862000.0,11298167.0
CUB,Cuba,Latin America & Caribbean,Upper middle income,2014,7392.48324633027,3014000.0,11285775.0
CUB,Cuba,Latin America & Caribbean,Upper middle income,2015,7727.91997207998,3540000.0,11275065.0
CUB,Cuba,Latin America & Caribbean,Upper middle income,2016,7774.0698462623,4009000.0,11265612.0
CUB,Cuba,Latin America & Caribbean,Upper middle income,2017,7927.27769431767,4654000.0,11247829.0
CUB,Cuba,Latin America & Caribbean,Upper middle income,2018,8120.43123558256,4712000.0,11227118.0
CUB,Cuba,Latin America & Caribbean,Upper middle income,2019,8124.75282059108,4276000.0,11202846.0
CUB,Cuba,Latin America & Caribbean,Upper middle income,2020,7252.28811179844,1086000.0,11176354.0
CUB,Cuba,Latin America & Caribbean,Upper middle income,2021,7379.04275283674,,11122168.0
CUB,Cuba,Latin America & Caribbean,Upper middle income,2022,7552.33152218842,,11059820.0
CUB,Cuba,Latin America & Caribbean,Upper middle income,2023,7433.42885399674,,11019931.0
CUB,Cuba,Latin America & Caribbean,Upper middle income,2024,7381.39774048869,,10979783.0
CUW,Curacao,Latin America & Caribbean,High income,1980,,,148041.0
CUW,Curacao,Latin America & Caribbean,High income,1981,,,148629.0
CUW,Curacao,Latin America & Caribbean,High income,1982,,,150101.0
CUW,Curacao,Latin America & Caribbean,High income,1983,,,151159.0
CUW,Curacao,Latin America & Caribbean,High income,1984,,,151940.0
CUW,Curacao,Latin America & Caribbean,High income,1985,,,152711.0
CUW,Curacao,Latin America & Caribbean,High income,1986,,,152662.0
CUW,Curacao,Latin America & Caribbean,High income,1987,,,151456.0
CUW,Curacao,Latin America & Caribbean,High income,1988,,,149254.0
CUW,Curacao,Latin America & Caribbean,High income,1989,,,146937.0
CUW,Curacao,Latin America & Caribbean,High income,1990,,,145400.0
CUW,Curacao,Latin America & Caribbean,High income,1991,,,144403.0
CUW,Curacao,Latin America & Caribbean,High income,1992,,,143912.0
CUW,Curacao,Latin America & Caribbean,High income,1993,,,144299.0
CUW,Curacao,Latin America & Caribbean,High income,1994,,,144630.0
CUW,Curacao,Latin America & Caribbean,High income,1995,,396000.0,145139.0
CUW,Curacao,Latin America & Caribbean,High income,1996,,387000.0,146306.0
CUW,Curacao,Latin America & Caribbean,High income,1997,,422000.0,146956.0
CUW,Curacao,Latin America & Caribbean,High income,1998,,437000.0,144472.0
CUW,Curacao,Latin America & Caribbean,High income,1999,,433000.0,139428.0
CUW,Curacao,Latin America & Caribbean,High income,2000,21523.6458973702,514000.0,133860.0
CUW,Curacao,Latin America & Caribbean,High income,2001,22171.0655460422,519000.0,129047.0
CUW,Curacao,Latin America & Caribbean,High income,2002,22231.8793091625,545000.0,129205.0
CUW,Curacao,Latin America & Caribbean,High income,2003,21840.8913168396,508000.0,131897.0
CUW,Curacao,Latin America & Caribbean,High income,2004,21512.1116035171,452000.0,134192.0
CUW,Curacao,Latin America & Caribbean,High income,2005,21112.3219220136,510000.0,137658.0
CUW,Curacao,Latin America & Caribbean,High income,2006,20913.6630394407,572000.0,141239.0
CUW,Curacao,Latin America & Caribbean,High income,2007,21011.1570622011,664000.0,144056.0
CUW,Curacao,Latin America & Caribbean,High income,2008,21202.4305115575,773000.0,145880.0
CUW,Curacao,Latin America & Caribbean,High income,2009,20952.8998451864,808000.0,146833.0
CUW,Curacao,Latin America & Caribbean,High income,2010,20706.4374577658,762000.0,148703.0
CUW,Curacao,Latin America & Caribbean,High income,2011,20518.0986087103,837000.0,150831.0
CUW,Curacao,Latin America & Caribbean,High income,2012,20277.5111916571,908000.0,152088.0
CUW,Curacao,Latin America & Caribbean,High income,2013,19921.4770634064,1071000.0,153822.0
CUW,Curacao,Latin America & Caribbean,High income,2014,19529.5286704975,1129000.0,155909.0
CUW,Curacao,Latin America & Caribbean,High income,2015,19361.8130008678,1072000.0,157980.0
CUW,Curacao,Latin America & Caribbean,High income,2016,18953.0537415003,944000.0,159664.0
CUW,Curacao,Latin America & Caribbean,High income,2017,18651.4798142441,1058000.0,160175.0
CUW,Curacao,Latin America & Caribbean,High income,2018,18355.1767135889,1210000.0,159336.0
CUW,Curacao,Latin America & Caribbean,High income,2019,17980.5298177114,1293000.0,157441.0
CUW,Curacao,Latin America & Caribbean,High income,2020,14849.9698474917,,155482.0
CUW,Curacao,Latin America & Caribbean,High income,2021,15625.4113227953,,153948.0
CUW,Curacao,Latin America & Caribbean,High income,2022,16772.8146989153,,153321.0
CUW,Curacao,Latin America & Caribbean,High income,2023,17326.9645481336,,154654.0
CUW,Curacao,Latin America & Caribbean,High income,2024,18044.7750692923,,155967.0
CYM,Cayman Islands,Latin America & Caribbean,High income,1980,,,17079.0
CYM,Cayman Islands,Latin America & Caribbean,High income,1981,,,17905.0
CYM,Cayman Islands,Latin America & Caribbean,High income,1982,,,18750.0
CYM,Cayman Islands,Latin America & Caribbean,High income,1983,,,19598.0
CYM,Cayman Islands,Latin America & Caribbean,High income,1984,,,20454.0
CYM,Cayman Islands,Latin America & Caribbean,High income,1985,,,21324.0
CYM,Cayman Islands,Latin America & Caribbean,High income,1986,,,22197.0
CYM,Cayman Islands,Latin America & Caribbean,High income,1987,,,23073.0
CYM,Cayman Islands,Latin America & Caribbean,High income,1988,,,23951.0
CYM,Cayman Islands,Latin America & Caribbean,High income,1989,,,24874.0
CYM,Cayman Islands,Latin America & Caribbean,High income,1990,,,25999.0
CYM,Cayman Islands,Latin America & Caribbean,High income,1991,,,27294.0
CYM,Cayman Islands,Latin America & Caribbean,High income,1992,,,28621.0
CYM,Cayman Islands,Latin America & Caribbean,High income,1993,,,29976.0
CYM,Cayman Islands,Latin America & Caribbean,High income,1994,,,31352.0
CYM,Cayman Islands,Latin America & Caribbean,High income,1995,,1044000.0,32743.0
CYM,Cayman Islands,Latin America & Caribbean,High income,1996,,1173000.0,34143.0
CYM,Cayman Islands,Latin America & Caribbean,High income,1997,,1248000.0,35543.0
CYM,Cayman Islands,Latin America & Caribbean,High income,1998,,1275000.0,36922.0
CYM,Cayman Islands,Latin America & Caribbean,High income,1999,,1431000.0,38284.0
CYM,Cayman Islands,Latin America & Caribbean,High income,2000,,1385000.0,39674.0
CYM,Cayman Islands,Latin America & Caribbean,High income,2001,,1549000.0,41089.0
CYM,Cayman Islands,Latin America & Caribbean,High income,2002,,1878000.0,42514.0
CYM,Cayman Islands,Latin America & Caribbean,High income,2003,,2113000.0,43934.0
CYM,Cayman Islands,Latin America & Caribbean,High income,2004,,1953000.0,45352.0
CYM,Cayman Islands,Latin America & Caribbean,High income,2005,,1967000.0,46788.0
CYM,Cayman Islands,Latin America & Caribbean,High income,2006,96066.6290832355,2197000.0,48232.0
CYM,Cayman Islands,Latin America & Caribbean,High income,2007,96202.7379415493,2008000.0,49687.0
CYM,Cayman Islands,Latin America & Caribbean,High income,2008,93115.3168416314,1856000.0,51151.0
CYM,Cayman Islands,Latin America & Caribbean,High income,2009,84001.4215657607,1792000.0,52618.0
CYM,Cayman Islands,Latin America & Caribbean,High income,2010,79483.0972813604,1886000.0,54099.0
CYM,Cayman Islands,Latin America & Caribbean,High income,2011,78233.0187551876,1710000.0,55606.0
CYM,Cayman Islands,Latin America & Caribbean,High income,2012,77074.3890872511,1829000.0,57136.0
CYM,Cayman Islands,Latin America & Caribbean,High income,2013,76038.879554035,1721000.0,58655.0
CYM,Cayman Islands,Latin America & Caribbean,High income,2014,76104.6215727416,1993000.0,60160.0
CYM,Cayman Islands,Latin America & Caribbean,High income,2015,76379.2095108681,2102000.0,61642.0
CYM,Cayman Islands,Latin America & Caribbean,High income,2016,77031.8643873625,2097000.0,63100.0
CYM,Cayman Islands,Latin America & Caribbean,High income,2017,77717.1752058822,2147000.0,64535.0
CYM,Cayman Islands,Latin America & Caribbean,High income,2018,79305.769672996,2384000.0,65941.0
CYM,Cayman Islands,Latin America & Caribbean,High income,2019,80714.5718222987,2334000.0,67327.0
CYM,Cayman Islands,Latin America & Caribbean,High income,2020,75199.6446006284,660000.0,68684.0
CYM,Cayman Islands,Latin America & Caribbean,High income,2021,77259.6331096058,,70108.0
CYM,Cayman Islands,Latin America & Caribbean,High income,2022,79942.1196290248,,71591.0
CYM,Cayman Islands,Latin America & Caribbean,High income,2023,82906.5454943954,,73038.0
CYM,Cayman Islands,Latin America & Caribbean,High income,2024,84381.4731440521,,74457.0
CYP,Cyprus,Europe & Central Asia,High income,1980,10667.833984375,,683076.0
CYP,Cyprus,Europe & Central Asia,High income,1981,10756.251953125,,688893.0
CYP,Cyprus,Europe & Central Asia,High income,1982,11269.810546875,,696497.0
CYP,Cyprus,Europe & Central Asia,High income,1983,11801.1875,,707225.0
CYP,Cyprus,Europe & Central Asia,High income,1984,12669.4892578125,,719334.0
CYP,Cyprus,Europe & Central Asia,High income,1985,13127.521484375,,731277.0
CYP,Cyprus,Europe & Central Asia,High income,1986,13458.51953125,,743105.0
CYP,Cyprus,Europe & Central Asia,High income,1987,14253.55078125,,754785.0
CYP,Cyprus,Europe & Central Asia,High income,1988,15322.6796875,,766235.0
CYP,Cyprus,Europe & Central Asia,High income,1989,16306.3203125,,777420.0
CYP,Cyprus,Europe & Central Asia,High income,1990,17144.4609375,,788351.0
CYP,Cyprus,Europe & Central Asia,High income,1991,16829.904296875,,798944.0
CYP,Cyprus,Europe & Central Asia,High income,1992,17928.53125,,810341.0
CYP,Cyprus,Europe & Central Asia,High income,1993,17623.275390625,,826034.0
CYP,Cyprus,Europe & Central Asia,High income,1994,18281.01171875,,844667.0
CYP,Cyprus,Europe & Central Asia,High income,1995,19453.837890625,2253000.0,862695.0
CYP,Cyprus,Europe & Central Asia,High income,1996,19385.27734375,2089000.0,880290.0
CYP,Cyprus,Europe & Central Asia,High income,1997,19617.17578125,2194000.0,897568.0
CYP,Cyprus,Europe & Central Asia,High income,1998,20562.287109375,2357000.0,914548.0
CYP,Cyprus,Europe & Central Asia,High income,1999,21349.740234375,2578000.0,931234.0
CYP,Cyprus,Europe & Central Asia,High income,2000,22383.955078125,2912000.0,947667.0
CYP,Cyprus,Europe & Central Asia,High income,2001,23019.240234375,2841000.0,964127.0
CYP,Cyprus,Europe & Central Asia,High income,2002,23604.177734375,2495000.0,981440.0
CYP,Cyprus,Europe & Central Asia,High income,2003,23930.7734375,2416000.0,999590.0
CYP,Cyprus,Europe & Central Asia,High income,2004,24799.63671875,2478000.0,1017875.0
CYP,Cyprus,Europe & Central Asia,High income,2005,25631.35546875,2657000.0,1036151.0
CYP,Cyprus,Europe & Central Asia,High income,2006,26395.490234375,2629000.0,1054418.0
CYP,Cyprus,Europe & Central Asia,High income,2007,27156.806640625,2671000.0,1072714.0
CYP,Cyprus,Europe & Central Asia,High income,2008,27449.212890625,2631000.0,1091026.0
CYP,Cyprus,Europe & Central Asia,High income,2009,26183.673828125,2370000.0,1109371.0
CYP,Cyprus,Europe & Central Asia,High income,2010,26090.037109375,2450000.0,1127816.0
CYP,Cyprus,Europe & Central Asia,High income,2011,25538.76953125,2626000.0,1146493.0
CYP,Cyprus,Europe & Central Asia,High income,2012,24285.484375,2635000.0,1165397.0
CYP,Cyprus,Europe & Central Asia,High income,2013,22711.708984375,2626000.0,1183895.0
CYP,Cyprus,Europe & Central Asia,High income,2014,22373.56640625,2558000.0,1201801.0
CYP,Cyprus,Europe & Central Asia,High income,2015,23088.4296875,2780000.0,1219502.0
CYP,Cyprus,Europe & Central Asia,High income,2016,24477.974609375,3286000.0,1237112.0
CYP,Cyprus,Europe & Central Asia,High income,2017,25665.990234375,3750000.0,1254275.0
CYP,Cyprus,Europe & Central Asia,High income,2018,26962.392578125,4024000.0,1270737.0
CYP,Cyprus,Europe & Central Asia,High income,2019,28167.146484375,4117000.0,1286671.0
CYP,Cyprus,Europe & Central Asia,High income,2020,26895.671875,,1302247.0
CYP,Cyprus,Europe & Central Asia,High income,2021,29517.05859375,,1317309.0
CYP,Cyprus,Europe & Central Asia,High income,2022,31505.2109375,,1331370.0
CYP,Cyprus,Europe & Central Asia,High income,2023,32022.01953125,,1344976.0
CYP,Cyprus,Europe & Central Asia,High income,2024,32757.541015625,,1358282.0
CZE,Czechia,Europe & Central Asia,High income,1980,,,10304193.0
CZE,Czechia,Europe & Central Asia,High income,1981,,,10300591.0
CZE,Czechia,Europe & Central Asia,High income,1982,,,10314826.0
CZE,Czechia,Europe & Central Asia,High income,1983,,,10323856.0
CZE,Czechia,Europe & Central Asia,High income,1984,,,10330213.0
CZE,Czechia,Europe & Central Asia,High income,1985,,,10337118.0
CZE,Czechia,Europe & Central Asia,High income,1986,,,10342227.0
CZE,Czechia,Europe & Central Asia,High income,1987,,,10347318.0
CZE,Czechia,Europe & Central Asia,High income,1988,,,10355276.0
CZE,Czechia,Europe & Central Asia,High income,1989,,,10361068.0
CZE,Czechia,Europe & Central Asia,High income,1990,11900.5844581421,,10333355.0
CZE,Czechia,Europe & Central Asia,High income,1991,10543.6195982395,,10308578.0
CZE,Czechia,Europe & Central Asia,High income,1992,10479.4918667877,,10319123.0
CZE,Czechia,Europe & Central Asia,High income,1993,10475.0849147458,,10329855.0
CZE,Czechia,Europe & Central Asia,High income,1994,10775.9443891717,,10333587.0
CZE,Czechia,Europe & Central Asia,High income,1995,11453.3800188807,,10327253.0
CZE,Czechia,Europe & Central Asia,High income,1996,11944.7171474526,,10315241.0
CZE,Czechia,Europe & Central Asia,High income,1997,11886.3480904927,,10304131.0
CZE,Czechia,Europe & Central Asia,High income,1998,11850.8396211995,,10294373.0
CZE,Czechia,Europe & Central Asia,High income,1999,12026.4688076608,,10283860.0
CZE,Czechia,Europe & Central Asia,High income,2000,12543.9364342367,,10255063.0
CZE,Czechia,Europe & Central Asia,High income,2001,12958.4667607533,,10216605.0
CZE,Czechia,Europe & Central Asia,High income,2002,13179.9878092741,,10196916.0
CZE,Czechia,Europe & Central Asia,High income,2003,13618.9349633164,20108000.0,10193998.0
CZE,Czechia,Europe & Central Asia,High income,2004,14259.63342798,23808000.0,10197101.0
CZE,Czechia,Europe & Central Asia,High income,2005,15147.7214417611,24747000.0,10211216.0
CZE,Czechia,Europe & Central Asia,High income,2006,16107.3042502688,25102000.0,10238905.0
CZE,Czechia,Europe & Central Asia,High income,2007,16892.542854974,22625000.0,10298828.0
CZE,Czechia,Europe & Central Asia,High income,2008,17190.6470333289,21850000.0,10384603.0
CZE,Czechia,Europe & Central Asia,High income,2009,16272.8084766719,23285000.0,10443936.0
CZE,Czechia,Europe & Central Asia,High income,2010,16665.9317825137,21941000.0,10474410.0
CZE,Czechia,Europe & Central Asia,High income,2011,16926.2846674435,22810000.0,10496088.0
CZE,Czechia,Europe & Central Asia,High income,2012,16772.3539223328,25750000.0,10510785.0
CZE,Czechia,Europe & Central Asia,High income,2013,16759.7808635642,26332000.0,10514272.0
CZE,Czechia,Europe & Central Asia,High income,2014,17118.0425571578,27166000.0,10525347.0
CZE,Czechia,Europe & Central Asia,High income,2015,17931.5987670768,29604000.0,10546059.0
CZE,Czechia,Europe & Central Asia,High income,2016,18359.0978103904,32519000.0,10566332.0
CZE,Czechia,Europe & Central Asia,High income,2017,19257.6930680911,34701000.0,10594438.0
CZE,Czechia,Europe & Central Asia,High income,2018,19736.6295261285,36268000.0,10629928.0
CZE,Czechia,Europe & Central Asia,High income,2019,20360.0599221814,37202000.0,10671870.0
CZE,Czechia,Europe & Central Asia,High income,2020,19233.1469549829,,10697858.0
CZE,Czechia,Europe & Central Asia,High income,2021,20373.8783043424,,10505772.0
CZE,Czechia,Europe & Central Asia,High income,2022,20627.348651011,,10672118.0
CZE,Czechia,Europe & Central Asia,High income,2023,20272.5874017334,,10864042.0
CZE,Czechia,Europe & Central Asia,High income,2024,20449.1135911311,,10905028.0
DEU,Germany,Europe & Central Asia,High income,1980,23989.8611451039,,78288576.0
DEU,Germany,Europe & Central Asia,High income,1981,24080.1212028372,,78407907.0
DEU,Germany,Europe & Central Asia,High income,1982,24007.8669264184,,78333366.0
DEU,Germany,Europe & Central Asia,High income,1983,24449.3797993273,,78128282.0
DEU,Germany,Europe & Central Asia,High income,1984,25226.6224585486,,77858685.0
DEU,Germany,Europe & Central Asia,High income,1985,25871.6378172177,,77684873.0
DEU,Germany,Europe & Central Asia,High income,1986,26451.3009266847,,77720436.0
DEU,Germany,Europe & Central Asia,High income,1987,26781.0162993047,,77839920.0
DEU,Germany,Europe & Central Asia,High income,1988,27665.556776457,,78144619.0
DEU,Germany,Europe & Central Asia,High income,1989,28522.1322159262,,78751283.0
DEU,Germany,Europe & Central Asia,High income,1990,29763.3124657124,,79433029.0
DEU,Germany,Europe & Central Asia,High income,1991,31056.5938822126,,80013896.0
DEU,Germany,Europe & Central Asia,High income,1992,31441.9743477578,,80624598.0
DEU,Germany,Europe & Central Asia,High income,1993,30932.0193060317,,81156363.0
DEU,Germany,Europe & Central Asia,High income,1994,31625.3939679554,,81438348.0
DEU,Germany,Europe & Central Asia,High income,1995,32007.145402934,14847000.0,81678051.0
DEU,Germany,Europe & Central Asia,High income,1996,32245.8608379557,15205000.0,81914831.0
DEU,Germany,Europe & Central Asia,High income,1997,32795.7833455165,15837000.0,82034771.0
DEU,Germany,Europe & Central Asia,High income,1998,33477.9856458764,16511000.0,82047195.0
DEU,Germany,Europe & Central Asia,High income,1999,34168.8308210083,17116000.0,82100243.0
DEU,Germany,Europe & Central Asia,High income,2000,35104.1308467844,18983000.0,82211508.0
DEU,Germany,Europe & Central Asia,High income,2001,35618.5143698493,17861000.0,82349925.0
DEU,Germany,Europe & Central Asia,High income,2002,35477.5151544301,17969000.0,82488495.0
DEU,Germany,Europe & Central Asia,High income,2003,35270.0227284267,18399000.0,82534176.0
DEU,Germany,Europe & Central Asia,High income,2004,35687.6378708542,20137000.0,82516260.0
DEU,Germany,Europe & Central Asia,High income,2005,36024.0947047021,21500000.0,82469422.0
DEU,Germany,Europe & Central Asia,High income,2006,37459.261328042,23569000.0,82376451.0
DEU,Germany,Europe & Central Asia,High income,2007,38593.0749910508,24421000.0,82266372.0
DEU,Germany,Europe & Central Asia,High income,2008,39009.8477636357,24884000.0,82110097.0
DEU,Germany,Europe & Central Asia,High income,2009,36940.4078672661,24220000.0,81902307.0
DEU,Germany,Europe & Central Asia,High income,2010,38526.7371042695,26875000.0,81776930.0
DEU,Germany,Europe & Central Asia,High income,2011,40722.4849268242,28374000.0,80274983.0
DEU,Germany,Europe & Central Asia,High income,2012,40834.5088218456,30411000.0,80425823.0
DEU,Germany,Europe & Central Asia,High income,2013,40884.8926759028,31545000.0,80645605.0
DEU,Germany,Europe & Central Asia,High income,2014,41602.4661281668,32999000.0,80982500.0
DEU,Germany,Europe & Central Asia,High income,2015,41929.7549110722,34970000.0,81686611.0
DEU,Germany,Europe & Central Asia,High income,2016,42516.9337063103,35555000.0,82348669.0
DEU,Germany,Europe & Central Asia,High income,2017,43543.4807050551,37452000.0,82657002.0
DEU,Germany,Europe & Central Asia,High income,2018,43905.8550061973,38881000.0,82905782.0
DEU,Germany,Europe & Central Asia,High income,2019,44235.2658954682,39563000.0,83092962.0
DEU,Germany,Europe & Central Asia,High income,2020,42372.8726784255,12449000.0,83160871.0
DEU,Germany,Europe & Central Asia,High income,2021,44011.0194631674,,83196078.0
DEU,Germany,Europe & Central Asia,High income,2022,44817.1316331389,,83177813.0
DEU,Germany,Europe & Central Asia,High income,2023,44368.9920074881,,83287273.0
DEU,Germany,Europe & Central Asia,High income,2024,44027.7631554469,,83516593.0
DJI,Djibouti,"Middle East, North Africa, Afghanistan & Pakistan",Lower middle income,1980,,,325815.0
DJI,Djibouti,"Middle East, North Africa, Afghanistan & Pakistan",Lower middle income,1981,,,343047.0
DJI,Djibouti,"Middle East, North Africa, Afghanistan & Pakistan",Lower middle income,1982,,,356880.0
DJI,Djibouti,"Middle East, North Africa, Afghanistan & Pakistan",Lower middle income,1983,,,369553.0
DJI,Djibouti,"Middle East, North Africa, Afghanistan & Pakistan",Lower middle income,1984,,,384053.0
DJI,Djibouti,"Middle East, North Africa, Afghanistan & Pakistan",Lower middle income,1985,,,402687.0
DJI,Djibouti,"Middle East, North Africa, Afghanistan & Pakistan",Lower middle income,1986,,,426341.0
DJI,Djibouti,"Middle East, North Africa, Afghanistan & Pakistan",Lower middle income,1987,,,454399.0
DJI,Djibouti,"Middle East, North Africa, Afghanistan & Pakistan",Lower middle income,1988,,,484523.0
DJI,Djibouti,"Middle East, North Africa, Afghanistan & Pakistan",Lower middle income,1989,,,523355.0
DJI,Djibouti,"Middle East, North Africa, Afghanistan & Pakistan",Lower middle income,1990,,,579538.0
DJI,Djibouti,"Middle East, North Africa, Afghanistan & Pakistan",Lower middle income,1991,,,631092.0
DJI,Djibouti,"Middle East, North Africa, Afghanistan & Pakistan",Lower middle income,1992,,,626010.0
DJI,Djibouti,"Middle East, North Africa, Afghanistan & Pakistan",Lower middle income,1993,,,614245.0
DJI,Djibouti,"Middle East, North Africa, Afghanistan & Pakistan",Lower middle income,1994,,,626710.0
DJI,Djibouti,"Middle East, North Africa, Afghanistan & Pakistan",Lower middle income,1995,,21000.0,633074.0
DJI,Djibouti,"Middle East, North Africa, Afghanistan & Pakistan",Lower middle income,1996,,20000.0,648348.0
DJI,Djibouti,"Middle East, North Africa, Afghanistan & Pakistan",Lower middle income,1997,,20000.0,671817.0
DJI,Djibouti,"Middle East, North Africa, Afghanistan & Pakistan",Lower middle income,1998,,21000.0,699352.0
DJI,Djibouti,"Middle East, North Africa, Afghanistan & Pakistan",Lower middle income,1999,,21000.0,724218.0
DJI,Djibouti,"Middle East, North Africa, Afghanistan & Pakistan",Lower middle income,2000,,20100.0003814697,747318.0
DJI,Djibouti,"Middle East, North Africa, Afghanistan & Pakistan",Lower middle income,2001,,21600.0003814697,771313.0
DJI,Djibouti,"Middle East, North Africa, Afghanistan & Pakistan",Lower middle income,2002,,22500.0,795574.0
DJI,Djibouti,"Middle East, North Africa, Afghanistan & Pakistan",Lower middle income,2003,,23200.0007629395,813519.0
DJI,Djibouti,"Middle East, North Africa, Afghanistan & Pakistan",Lower middle income,2004,,26299.9992370605,826124.0
DJI,Djibouti,"Middle East, North Africa, Afghanistan & Pakistan",Lower middle income,2005,,30200.0007629395,839167.0
DJI,Djibouti,"Middle East, North Africa, Afghanistan & Pakistan",Lower middle income,2006,,39500.0,855764.0
DJI,Djibouti,"Middle East, North Africa, Afghanistan & Pakistan",Lower middle income,2007,,40000.0,874528.0
DJI,Djibouti,"Middle East, North Africa, Afghanistan & Pakistan",Lower middle income,2008,,54000.0,892734.0
DJI,Djibouti,"Middle East, North Africa, Afghanistan & Pakistan",Lower middle income,2009,,58000.0,911527.0
DJI,Djibouti,"Middle East, North Africa, Afghanistan & Pakistan",Lower middle income,2010,,51000.0,930251.0
DJI,Djibouti,"Middle East, North Africa, Afghanistan & Pakistan",Lower middle income,2011,,56000.0,948558.0
DJI,Djibouti,"Middle East, North Africa, Afghanistan & Pakistan",Lower middle income,2012,,60000.0,966747.0
DJI,Djibouti,"Middle East, North Africa, Afghanistan & Pakistan",Lower middle income,2013,2140.13769442336,63000.0,984824.0
DJI,Djibouti,"Middle East, North Africa, Afghanistan & Pakistan",Lower middle income,2014,2253.14082249768,,1002717.0
DJI,Djibouti,"Middle East, North Africa, Afghanistan & Pakistan",Lower middle income,2015,2376.12554719873,,1020313.0
DJI,Djibouti,"Middle East, North Africa, Afghanistan & Pakistan",Lower middle income,2016,2502.85181449431,,1037653.0
DJI,Djibouti,"Middle East, North Africa, Afghanistan & Pakistan",Lower middle income,2017,2596.45134698268,,1054841.0
DJI,Djibouti,"Middle East, North Africa, Afghanistan & Pakistan",Lower middle income,2018,2677.1650334451,,1071882.0
DJI,Djibouti,"Middle East, North Africa, Afghanistan & Pakistan",Lower middle income,2019,2781.94350113484,,1088709.0
DJI,Djibouti,"Middle East, North Africa, Afghanistan & Pakistan",Lower middle income,2020,2773.40661780097,,1105188.0
DJI,Djibouti,"Middle East, North Africa, Afghanistan & Pakistan",Lower middle income,2021,2854.15987035097,,1121248.0
DJI,Djibouti,"Middle East, North Africa, Afghanistan & Pakistan",Lower middle income,2022,2959.78673011268,,1137096.0
DJI,Djibouti,"Middle East, North Africa, Afghanistan & Pakistan",Lower middle income,2023,3117.8155381531,,1152944.0
DJI,Djibouti,"Middle East, North Africa, Afghanistan & Pakistan",Lower middle income,2024,3290.42482052598,,1168722.0
DMA,Dominica,Latin America & Caribbean,Upper middle income,1980,3266.22842715523,,73083.0
DMA,Dominica,Latin America & Caribbean,Upper middle income,1981,3624.75009709886,,72986.0
DMA,Dominica,Latin America & Caribbean,Upper middle income,1982,3789.84213980664,,72688.0
DMA,Dominica,Latin America & Caribbean,Upper middle income,1983,3904.07087573657,,72365.0
DMA,Dominica,Latin America & Caribbean,Upper middle income,1984,4085.35549372837,,72056.0
DMA,Dominica,Latin America & Caribbean,Upper middle income,1985,4161.42448954896,,71744.0
DMA,Dominica,Latin America & Caribbean,Upper middle income,1986,4476.86828445206,,71406.0
DMA,Dominica,Latin America & Caribbean,Upper middle income,1987,4784.91430397708,,71023.0
DMA,Dominica,Latin America & Caribbean,Upper middle income,1988,5189.25475375496,,70608.0
DMA,Dominica,Latin America & Caribbean,Upper middle income,1989,5212.9284610785,,70153.0
DMA,Dominica,Latin America & Caribbean,Upper middle income,1990,5536.87901663922,,69627.0
DMA,Dominica,Latin America & Caribbean,Upper middle income,1991,5638.3073302382,,69296.0
DMA,Dominica,Latin America & Caribbean,Upper middle income,1992,5750.32541372085,,69325.0
DMA,Dominica,Latin America & Caribbean,Upper middle income,1993,5865.47647130041,,69433.0
DMA,Dominica,Latin America & Caribbean,Upper middle income,1994,5863.78283734011,,69477.0
DMA,Dominica,Latin America & Caribbean,Upper middle income,1995,6042.20196512625,203000.0,69469.0
DMA,Dominica,Latin America & Caribbean,Upper middle income,1996,6235.05917401475,261000.0,69410.0
DMA,Dominica,Latin America & Caribbean,Upper middle income,1997,6381.53965204338,299000.0,69299.0
DMA,Dominica,Latin America & Caribbean,Upper middle income,1998,6639.15946016126,312000.0,69124.0
DMA,Dominica,Latin America & Caribbean,Upper middle income,1999,6687.23987711733,280000.0,68870.0
DMA,Dominica,Latin America & Caribbean,Upper middle income,2000,6879.59737273918,312000.0,68511.0
DMA,Dominica,Latin America & Caribbean,Upper middle income,2001,6897.65674086518,276000.0,68288.0
DMA,Dominica,Latin America & Caribbean,Upper middle income,2002,6676.97271467957,208000.0,68367.0
DMA,Dominica,Latin America & Caribbean,Upper middle income,2003,7047.66189595946,254000.0,68531.0
DMA,Dominica,Latin America & Caribbean,Upper middle income,2004,7323.8530008275,466000.0,68649.0
DMA,Dominica,Latin America & Caribbean,Upper middle income,2005,7381.74728529453,381000.0,68734.0
DMA,Dominica,Latin America & Caribbean,Upper middle income,2006,7698.53701483824,465000.0,68806.0
DMA,Dominica,Latin America & Caribbean,Upper middle income,2007,8106.18951878325,437000.0,68847.0
DMA,Dominica,Latin America & Caribbean,Upper middle income,2008,8682.57378179773,468000.0,68854.0
DMA,Dominica,Latin America & Caribbean,Upper middle income,2009,8582.71481435718,608000.0,68864.0
DMA,Dominica,Latin America & Caribbean,Upper middle income,2010,8574.27308682238,595000.0,68859.0
DMA,Dominica,Latin America & Caribbean,Upper middle income,2011,8553.8384670104,418000.0,69053.0
DMA,Dominica,Latin America & Caribbean,Upper middle income,2012,8532.34388117289,348000.0,69118.0
DMA,Dominica,Latin America & Caribbean,Upper middle income,2013,8459.6586988024,311000.0,69715.0
DMA,Dominica,Latin America & Caribbean,Upper middle income,2014,8576.26367623609,370000.0,70373.0
DMA,Dominica,Latin America & Caribbean,Upper middle income,2015,8282.59874702141,358000.0,70410.0
DMA,Dominica,Latin America & Caribbean,Upper middle income,2016,8499.52291903149,356000.0,69606.0
DMA,Dominica,Latin America & Caribbean,Upper middle income,2017,7985.6341102129,230000.0,68496.0
DMA,Dominica,Latin America & Caribbean,Upper middle income,2018,8261.16492553236,199000.0,68174.0
DMA,Dominica,Latin America & Caribbean,Upper middle income,2019,8624.51695993537,322000.0,67880.0
DMA,Dominica,Latin America & Caribbean,Upper middle income,2020,7302.94454951254,140000.0,67573.0
DMA,Dominica,Latin America & Caribbean,Upper middle income,2021,7738.31730070386,,67202.0
DMA,Dominica,Latin America & Caribbean,Upper middle income,2022,8590.92209069816,,66826.0
DMA,Dominica,Latin America & Caribbean,Upper middle income,2023,8946.98822588042,,66510.0
DMA,Dominica,Latin America & Caribbean,Upper middle income,2024,9172.71049624795,,66205.0
DNK,Denmark,Europe & Central Asia,High income,1980,31745.9167880971,,5123027.0
DNK,Denmark,Europe & Central Asia,High income,1981,31519.6358133961,,5121572.0
DNK,Denmark,Europe & Central Asia,High income,1982,32770.4867216483,,5117810.0
DNK,Denmark,Europe & Central Asia,High income,1983,33663.5864707769,,5114297.0
DNK,Denmark,Europe & Central Asia,High income,1984,35142.7674562678,,5111619.0
DNK,Denmark,Europe & Central Asia,High income,1985,36587.4452915,,5113691.0
DNK,Denmark,Europe & Central Asia,High income,1986,38268.0683940959,,5120534.0
DNK,Denmark,Europe & Central Asia,High income,1987,38396.5670749076,,5127024.0
DNK,Denmark,Europe & Central Asia,High income,1988,38482.6663594586,,5129516.0
DNK,Denmark,Europe & Central Asia,High income,1989,38727.7183764143,,5132594.0
DNK,Denmark,Europe & Central Asia,High income,1990,39306.7939232431,,5140939.0
DNK,Denmark,Europe & Central Asia,High income,1991,39776.5961774467,,5154298.0
DNK,Denmark,Europe & Central Asia,High income,1992,40447.2328284958,,5171370.0
DNK,Denmark,Europe & Central Asia,High income,1993,40280.8935863909,,5188628.0
DNK,Denmark,Europe & Central Asia,High income,1994,42270.6520867615,,5206180.0
DNK,Denmark,Europe & Central Asia,High income,1995,43328.5293418439,,5233373.0
DNK,Denmark,Europe & Central Asia,High income,1996,44331.6199637443,,5263074.0
DNK,Denmark,Europe & Central Asia,High income,1997,45546.5896151864,,5284991.0
DNK,Denmark,Europe & Central Asia,High income,1998,46437.1921069175,,5304219.0
DNK,Denmark,Europe & Central Asia,High income,1999,47657.1731901716,,5321799.0
DNK,Denmark,Europe & Central Asia,High income,2000,49266.9882757886,,5339616.0
DNK,Denmark,Europe & Central Asia,High income,2001,49557.1509962227,,5358783.0
DNK,Denmark,Europe & Central Asia,High income,2002,49624.5965359582,,5375931.0
DNK,Denmark,Europe & Central Asia,High income,2003,49708.0909084109,21119000.0,5390574.0
DNK,Denmark,Europe & Central Asia,High income,2004,50956.3045398814,22054000.0,5404523.0
DNK,Denmark,Europe & Central Asia,High income,2005,52015.1841169021,26927000.0,5419432.0
DNK,Denmark,Europe & Central Asia,High income,2006,53823.1590295482,26936000.0,5437272.0
DNK,Denmark,Europe & Central Asia,High income,2007,54113.9771471341,27138000.0,5461438.0
DNK,Denmark,Europe & Central Asia,High income,2008,53572.5346568185,26870000.0,5493621.0
DNK,Denmark,Europe & Central Asia,High income,2009,50635.9118061988,26571000.0,5523095.0
DNK,Denmark,Europe & Central Asia,High income,2010,51209.4492757775,26730000.0,5547683.0
DNK,Denmark,Europe & Central Asia,High income,2011,51667.5313210425,25811000.0,5570572.0
DNK,Denmark,Europe & Central Asia,High income,2012,51470.689845427,26402000.0,5591572.0
DNK,Denmark,Europe & Central Asia,High income,2013,51970.3909324806,26516000.0,5614932.0
DNK,Denmark,Europe & Central Asia,High income,2014,52368.3625969272,28070000.0,5643475.0
DNK,Denmark,Europe & Central Asia,High income,2015,53094.0133607574,28209000.0,5683483.0
DNK,Denmark,Europe & Central Asia,High income,2016,54300.2039621991,28692000.0,5728010.0
DNK,Denmark,Europe & Central Asia,High income,2017,55601.0145717787,30736000.0,5764980.0
DNK,Denmark,Europe & Central Asia,High income,2018,56355.0733084714,30801000.0,5793636.0
DNK,Denmark,Europe & Central Asia,High income,2019,57114.6227336347,33093000.0,5814422.0
DNK,Denmark,Europe & Central Asia,High income,2020,55934.5555945523,15595000.0,5831404.0
DNK,Denmark,Europe & Central Asia,High income,2021,59312.8158043771,,5856733.0
DNK,Denmark,Europe & Central Asia,High income,2022,59108.7449374068,,5903037.0
DNK,Denmark,Europe & Central Asia,High income,2023,59026.9843650999,,5946952.0
DNK,Denmark,Europe & Central Asia,High income,2024,60772.8624276041,,5976992.0
DOM,Dominican Republic,Latin America & Caribbean,Upper middle income,1980,2738.15968545396,,5729037.0
DOM,Dominican Republic,Latin America & Caribbean,Upper middle income,1981,2787.51516595226,,5868453.0
DOM,Dominican Republic,Latin America & Caribbean,Upper middle income,1982,2769.43026558087,,6007114.0
DOM,Dominican Republic,Latin America & Caribbean,Upper middle income,1983,2831.5437390584,,6147248.0
DOM,Dominican Republic,Latin America & Caribbean,Upper middle income,1984,2802.38052005369,,6289040.0
DOM,Dominican Republic,Latin America & Caribbean,Upper middle income,1985,2682.5999751972,,6430404.0
DOM,Dominican Republic,Latin America & Caribbean,Upper middle income,1986,2717.57529794529,,6571208.0
DOM,Dominican Republic,Latin America & Caribbean,Upper middle income,1987,2929.52596237452,,6712515.0
DOM,Dominican Republic,Latin America & Caribbean,Upper middle income,1988,2930.1670825539,,6855734.0
DOM,Dominican Republic,Latin America & Caribbean,Upper middle income,1989,2995.08174979838,,7002295.0
DOM,Dominican Republic,Latin America & Caribbean,Upper middle income,1990,2772.77065608381,,7151166.0
DOM,Dominican Republic,Latin America & Caribbean,Upper middle income,1991,2741.93908143923,,7299853.0
DOM,Dominican Republic,Latin America & Caribbean,Upper middle income,1992,2989.60630229953,,7447474.0
DOM,Dominican Republic,Latin America & Caribbean,Upper middle income,1993,3147.67060324766,,7594572.0
DOM,Dominican Republic,Latin America & Caribbean,Upper middle income,1994,3167.94494108567,,7741694.0
DOM,Dominican Republic,Latin America & Caribbean,Upper middle income,1995,3286.36149249382,1806000.0,7888115.0
DOM,Dominican Republic,Latin America & Caribbean,Upper middle income,1996,3419.50600399521,2037000.0,8032894.0
DOM,Dominican Republic,Latin America & Caribbean,Upper middle income,1997,3659.50819044162,2482000.0,8174078.0
DOM,Dominican Republic,Latin America & Caribbean,Upper middle income,1998,3840.8718026365,2702000.0,8310362.0
DOM,Dominican Republic,Latin America & Caribbean,Upper middle income,1999,4004.19876842647,2932000.0,8446208.0
DOM,Dominican Republic,Latin America & Caribbean,Upper middle income,2000,4123.10573163115,3161000.0,8584190.0
DOM,Dominican Republic,Latin America & Caribbean,Upper middle income,2001,4158.98430282429,3090000.0,8720283.0
DOM,Dominican Republic,Latin America & Caribbean,Upper middle income,2002,4280.80182397408,3058000.0,8852235.0
DOM,Dominican Republic,Latin America & Caribbean,Upper middle income,2003,4162.66686117661,3680000.0,8980620.0
DOM,Dominican Republic,Latin America & Caribbean,Upper middle income,2004,4212.01044121773,3907000.0,9104892.0
DOM,Dominican Republic,Latin America & Caribbean,Upper middle income,2005,4549.24957008857,3981000.0,9225034.0
DOM,Dominican Republic,Latin America & Caribbean,Upper middle income,2006,4904.71715839398,4268000.0,9341183.0
DOM,Dominican Republic,Latin America & Caribbean,Upper middle income,2007,5204.78500652254,4365000.0,9455658.0
DOM,Dominican Republic,Latin America & Caribbean,Upper middle income,2008,5308.92664966814,4455000.0,9573130.0
DOM,Dominican Republic,Latin America & Caribbean,Upper middle income,2009,5294.64953374426,4489000.0,9695265.0
DOM,Dominican Republic,Latin America & Caribbean,Upper middle income,2010,5666.45633430206,4478000.0,9820175.0
DOM,Dominican Republic,Latin America & Caribbean,Upper middle income,2011,5773.57403459156,4654000.0,9945621.0
DOM,Dominican Republic,Latin America & Caribbean,Upper middle income,2012,5860.29893321013,4901000.0,10070411.0
DOM,Dominican Republic,Latin America & Caribbean,Upper middle income,2013,6075.03399972737,5114000.0,10193833.0
DOM,Dominican Republic,Latin America & Caribbean,Upper middle income,2014,6430.27811051339,5576000.0,10315528.0
DOM,Dominican Republic,Latin America & Caribbean,Upper middle income,2015,6800.95309395474,6129000.0,10434829.0
DOM,Dominican Republic,Latin America & Caribbean,Upper middle income,2016,7177.75376475488,6769000.0,10551430.0
DOM,Dominican Republic,Latin America & Caribbean,Upper middle income,2017,7379.39978067137,7296000.0,10666843.0
DOM,Dominican Republic,Latin America & Caribbean,Upper middle income,2018,7818.70593240469,7551000.0,10782053.0
DOM,Dominican Republic,Latin America & Caribbean,Upper middle income,2019,8117.04639185786,7550000.0,10894043.0
DOM,Dominican Republic,Latin America & Caribbean,Upper middle income,2020,7395.8734262396,2748000.0,11008300.0
DOM,Dominican Republic,Latin America & Caribbean,Upper middle income,2021,8344.90510312395,,11123476.0
DOM,Dominican Republic,Latin America & Caribbean,Upper middle income,2022,8698.13592094395,,11230734.0
DOM,Dominican Republic,Latin America & Caribbean,Upper middle income,2023,8809.96335385949,,11331265.0
DOM,Dominican Republic,Latin America & Caribbean,Upper middle income,2024,9168.45418897141,,11427557.0
DZA,Algeria,"Middle East, North Africa, Afghanistan & Pakistan",Upper middle income,1980,3742.71024718729,,18607174.0
DZA,Algeria,"Middle East, North Africa, Afghanistan & Pakistan",Upper middle income,1981,3731.93905389477,,19220704.0
DZA,Algeria,"Middle East, North Africa, Afghanistan & Pakistan",Upper middle income,1982,3840.57538596882,,19872348.0
DZA,Algeria,"Middle East, North Africa, Afghanistan & Pakistan",Upper middle income,1983,3912.93659124038,,20558115.0
DZA,Algeria,"Middle East, North Africa, Afghanistan & Pakistan",Upper middle income,1984,3993.39540513038,,21271969.0
DZA,Algeria,"Middle East, North Africa, Afghanistan & Pakistan",Upper middle income,1985,4002.55619415318,,22008544.0
DZA,Algeria,"Middle East, North Africa, Afghanistan & Pakistan",Upper middle income,1986,3888.36475872916,,22745499.0
DZA,Algeria,"Middle East, North Africa, Afghanistan & Pakistan",Upper middle income,1987,3746.16566713693,,23443624.0
DZA,Algeria,"Middle East, North Africa, Afghanistan & Pakistan",Upper middle income,1988,3606.26838801656,,24109536.0
DZA,Algeria,"Middle East, North Africa, Afghanistan & Pakistan",Upper middle income,1989,3666.85307879595,,24754485.0
DZA,Algeria,"Middle East, North Africa, Afghanistan & Pakistan",Upper middle income,1990,3605.68701212608,,25375810.0
DZA,Algeria,"Middle East, North Africa, Afghanistan & Pakistan",Upper middle income,1991,3478.50976269176,,25987928.0
DZA,Algeria,"Middle East, North Africa, Afghanistan & Pakistan",Upper middle income,1992,3455.92936294162,,26628568.0
DZA,Algeria,"Middle East, North Africa, Afghanistan & Pakistan",Upper middle income,1993,3302.91950568634,,27277048.0
DZA,Algeria,"Middle East, North Africa, Afghanistan & Pakistan",Upper middle income,1994,3201.56914402566,,27887279.0
DZA,Algeria,"Middle East, North Africa, Afghanistan & Pakistan",Upper middle income,1995,3255.18726869561,520000.0,28470191.0
DZA,Algeria,"Middle East, North Africa, Afghanistan & Pakistan",Upper middle income,1996,3322.95538141474,605000.0,29033044.0
DZA,Algeria,"Middle East, North Africa, Afghanistan & Pakistan",Upper middle income,1997,3297.46603361265,635000.0,29579301.0
DZA,Algeria,"Middle East, North Africa, Afghanistan & Pakistan",Upper middle income,1998,3410.88254401644,678000.0,30054133.0
DZA,Algeria,"Middle East, North Africa, Afghanistan & Pakistan",Upper middle income,1999,3471.49196276497,749000.0,30474354.0
DZA,Algeria,"Middle East, North Africa, Afghanistan & Pakistan",Upper middle income,2000,3553.32420521991,866000.0,30903893.0
DZA,Algeria,"Middle East, North Africa, Afghanistan & Pakistan",Upper middle income,2001,3610.00605631983,901000.0,31331221.0
DZA,Algeria,"Middle East, North Africa, Afghanistan & Pakistan",Upper middle income,2002,3754.66081538446,988000.0,31750835.0
DZA,Algeria,"Middle East, North Africa, Afghanistan & Pakistan",Upper middle income,2003,3945.89816094007,1166000.0,32175818.0
DZA,Algeria,"Middle East, North Africa, Afghanistan & Pakistan",Upper middle income,2004,4066.28204806495,1234000.0,32628286.0
DZA,Algeria,"Middle East, North Africa, Afghanistan & Pakistan",Upper middle income,2005,4223.60252133943,1443000.0,33109249.0
DZA,Algeria,"Middle East, North Africa, Afghanistan & Pakistan",Upper middle income,2006,4279.61547120827,1638000.0,33623506.0
DZA,Algeria,"Middle East, North Africa, Afghanistan & Pakistan",Upper middle income,2007,4339.25055772831,1743000.0,34189416.0
DZA,Algeria,"Middle East, North Africa, Afghanistan & Pakistan",Upper middle income,2008,4367.56538017541,1772000.0,34816961.0
DZA,Algeria,"Middle East, North Africa, Afghanistan & Pakistan",Upper middle income,2009,4336.10054052949,1912000.0,35490445.0
DZA,Algeria,"Middle East, North Africa, Afghanistan & Pakistan",Upper middle income,2010,4456.6102741643,2070000.0,36188236.0
DZA,Algeria,"Middle East, North Africa, Afghanistan & Pakistan",Upper middle income,2011,4501.3543013352,2395000.0,36903376.0
DZA,Algeria,"Middle East, North Africa, Afghanistan & Pakistan",Upper middle income,2012,4518.43978956464,2634000.0,37646166.0
DZA,Algeria,"Middle East, North Africa, Afghanistan & Pakistan",Upper middle income,2013,4543.23444006767,2733000.0,38414171.0
DZA,Algeria,"Middle East, North Africa, Afghanistan & Pakistan",Upper middle income,2014,4634.10149179952,2301000.0,39205031.0
DZA,Algeria,"Middle East, North Africa, Afghanistan & Pakistan",Upper middle income,2015,4685.05902729002,1710000.0,40019529.0
DZA,Algeria,"Middle East, North Africa, Afghanistan & Pakistan",Upper middle income,2016,4768.73140081027,2039000.0,40850721.0
DZA,Algeria,"Middle East, North Africa, Afghanistan & Pakistan",Upper middle income,2017,4742.90075532529,2451000.0,41689299.0
DZA,Algeria,"Middle East, North Africa, Afghanistan & Pakistan",Upper middle income,2018,4717.0035885361,2657000.0,42505035.0
DZA,Algeria,"Middle East, North Africa, Afghanistan & Pakistan",Upper middle income,2019,4672.66408678635,2371000.0,43294546.0
DZA,Algeria,"Middle East, North Africa, Afghanistan & Pakistan",Upper middle income,2020,4363.68533767783,591000.0,44042091.0
DZA,Algeria,"Middle East, North Africa, Afghanistan & Pakistan",Upper middle income,2021,4456.74687637774,,44761099.0
DZA,Algeria,"Middle East, North Africa, Afghanistan & Pakistan",Upper middle income,2022,4544.46688060372,,45477389.0
DZA,Algeria,"Middle East, North Africa, Afghanistan & Pakistan",Upper middle income,2023,4660.40545687895,,46164219.0
DZA,Algeria,"Middle East, North Africa, Afghanistan & Pakistan",Upper middle income,2024,4765.72900168387,,46814308.0
ECU,Ecuador,Latin America & Caribbean,Upper middle income,1980,3889.17817173943,,8165877.0
ECU,Ecuador,Latin America & Caribbean,Upper middle income,1981,3999.2219866679,,8386910.0
ECU,Ecuador,Latin America & Caribbean,Upper middle income,1982,3918.96098102769,,8611298.0
ECU,Ecuador,Latin America & Caribbean,Upper middle income,1983,3804.53281852482,,8840417.0
ECU,Ecuador,Latin America & Caribbean,Upper middle income,1984,3803.57698971645,,9074782.0
ECU,Ecuador,Latin America & Caribbean,Upper middle income,1985,3852.89105504248,,9311154.0
ECU,Ecuador,Latin America & Caribbean,Upper middle income,1986,3888.31507228661,,9545998.0
ECU,Ecuador,Latin America & Caribbean,Upper middle income,1987,3785.72228032271,,9779290.0
ECU,Ecuador,Latin America & Caribbean,Upper middle income,1988,3916.01015186151,,10010808.0
ECU,Ecuador,Latin America & Caribbean,Upper middle income,1989,3866.16747717704,,10241852.0
ECU,Ecuador,Latin America & Caribbean,Upper middle income,1990,3919.71758067093,,10473673.0
ECU,Ecuador,Latin America & Caribbean,Upper middle income,1991,4000.56819787678,,10702380.0
ECU,Ecuador,Latin America & Caribbean,Upper middle income,1992,4000.03146191686,,10930128.0
ECU,Ecuador,Latin America & Caribbean,Upper middle income,1993,3996.99377481811,,11154274.0
ECU,Ecuador,Latin America & Caribbean,Upper middle income,1994,4087.34069011974,,11372197.0
ECU,Ecuador,Latin America & Caribbean,Upper middle income,1995,4100.68735341031,440000.0,11590514.0
ECU,Ecuador,Latin America & Caribbean,Upper middle income,1996,4093.84154476335,494000.0,11810950.0
ECU,Ecuador,Latin America & Caribbean,Upper middle income,1997,4192.85523208483,529000.0,12031127.0
ECU,Ecuador,Latin America & Caribbean,Upper middle income,1998,4252.04348649475,511000.0,12251184.0
ECU,Ecuador,Latin America & Caribbean,Upper middle income,1999,3979.19293611513,518000.0,12470795.0
ECU,Ecuador,Latin America & Caribbean,Upper middle income,2000,3953.39879728357,627000.0,12689206.0
ECU,Ecuador,Latin America & Caribbean,Upper middle income,2001,4049.0001889951,641000.0,12910740.0
ECU,Ecuador,Latin America & Caribbean,Upper middle income,2002,4174.89793579965,683000.0,13138472.0
ECU,Ecuador,Latin America & Caribbean,Upper middle income,2003,4220.21298466638,761000.0,13372306.0
ECU,Ecuador,Latin America & Caribbean,Upper middle income,2004,4430.23717984188,819000.0,13608701.0
ECU,Ecuador,Latin America & Caribbean,Upper middle income,2005,4589.32849203452,860000.0,13846163.0
ECU,Ecuador,Latin America & Caribbean,Upper middle income,2006,4706.98056823816,841000.0,14086131.0
ECU,Ecuador,Latin America & Caribbean,Upper middle income,2007,4715.30359842555,937000.0,14328773.0
ECU,Ecuador,Latin America & Caribbean,Upper middle income,2008,4939.90215021789,1005000.0,14575202.0
ECU,Ecuador,Latin America & Caribbean,Upper middle income,2009,4909.33681705683,968000.0,14825954.0
ECU,Ecuador,Latin America & Caribbean,Upper middle income,2010,5022.20374387205,1047000.0,15076695.0
ECU,Ecuador,Latin America & Caribbean,Upper middle income,2011,5359.45724615639,1141000.0,15326227.0
ECU,Ecuador,Latin America & Caribbean,Upper middle income,2012,5579.85624282158,1272000.0,15572194.0
ECU,Ecuador,Latin America & Caribbean,Upper middle income,2013,5893.32172683036,1364000.0,15807128.0
ECU,Ecuador,Latin America & Caribbean,Upper middle income,2014,6055.04172761485,1695000.0,16035124.0
ECU,Ecuador,Latin America & Caribbean,Upper middle income,2015,5976.1596805651,1676000.0,16266225.0
ECU,Ecuador,Latin America & Caribbean,Upper middle income,2016,5849.13587933672,1569000.0,16505139.0
ECU,Ecuador,Latin America & Caribbean,Upper middle income,2017,6104.27253521751,1806000.0,16759519.0
ECU,Ecuador,Latin America & Caribbean,Upper middle income,2018,6063.0956178776,2535000.0,17049547.0
ECU,Ecuador,Latin America & Caribbean,Upper middle income,2019,5971.38938386723,2108000.0,17340021.0
ECU,Ecuador,Latin America & Caribbean,Upper middle income,2020,5355.68934196443,,17546065.0
ECU,Ecuador,Latin America & Caribbean,Upper middle income,2021,5815.09477390949,,17682454.0
ECU,Ecuador,Latin America & Caribbean,Upper middle income,2022,6107.49495006543,,17823897.0
ECU,Ecuador,Latin America & Caribbean,Upper middle income,2023,6165.40977555695,,17980083.0
ECU,Ecuador,Latin America & Caribbean,Upper middle income,2024,5993.74697758454,,18135478.0
EGY,"Egypt, Arab Rep.","Middle East, North Africa, Afghanistan & Pakistan",Lower middle income,1980,1431.40108169045,,43950413.0
EGY,"Egypt, Arab Rep.","Middle East, North Africa, Afghanistan & Pakistan",Lower middle income,1981,1495.85483053309,,45147224.0
EGY,"Egypt, Arab Rep.","Middle East, North Africa, Afghanistan & Pakistan",Lower middle income,1982,1599.40083221743,,46407611.0
EGY,"Egypt, Arab Rep.","Middle East, North Africa, Afghanistan & Pakistan",Lower middle income,1983,1632.3820136427,,47786402.0
EGY,"Egypt, Arab Rep.","Middle East, North Africa, Afghanistan & Pakistan",Lower middle income,1984,1738.32577314782,,49247334.0
EGY,"Egypt, Arab Rep.","Middle East, North Africa, Afghanistan & Pakistan",Lower middle income,1985,1785.07842980701,,50734968.0
EGY,"Egypt, Arab Rep.","Middle East, North Africa, Afghanistan & Pakistan",Lower middle income,1986,1817.0762574663,,52206295.0
EGY,"Egypt, Arab Rep.","Middle East, North Africa, Afghanistan & Pakistan",Lower middle income,1987,1835.11342623572,,53674435.0
EGY,"Egypt, Arab Rep.","Middle East, North Africa, Afghanistan & Pakistan",Lower middle income,1988,1882.26797772983,,55187681.0
EGY,"Egypt, Arab Rep.","Middle East, North Africa, Afghanistan & Pakistan",Lower middle income,1989,1921.85630400156,,56710642.0
EGY,"Egypt, Arab Rep.","Middle East, North Africa, Afghanistan & Pakistan",Lower middle income,1990,1972.13789303325,,58396618.0
EGY,"Egypt, Arab Rep.","Middle East, North Africa, Afghanistan & Pakistan",Lower middle income,1991,1940.10019358564,,60028997.0
EGY,"Egypt, Arab Rep.","Middle East, North Africa, Afghanistan & Pakistan",Lower middle income,1992,1979.02010131332,,61480660.0
EGY,"Egypt, Arab Rep.","Middle East, North Africa, Afghanistan & Pakistan",Lower middle income,1993,1989.97920020791,,62915681.0
EGY,"Egypt, Arab Rep.","Middle East, North Africa, Afghanistan & Pakistan",Lower middle income,1994,2024.95373805253,,64285589.0
EGY,"Egypt, Arab Rep.","Middle East, North Africa, Afghanistan & Pakistan",Lower middle income,1995,2074.83991140246,3133000.0,65652622.0
EGY,"Egypt, Arab Rep.","Middle East, North Africa, Afghanistan & Pakistan",Lower middle income,1996,2133.64804177244,3896000.0,67028048.0
EGY,"Egypt, Arab Rep.","Middle East, North Africa, Afghanistan & Pakistan",Lower middle income,1997,2204.66575942446,3961000.0,68431740.0
EGY,"Egypt, Arab Rep.","Middle East, North Africa, Afghanistan & Pakistan",Lower middle income,1998,2277.2850483467,3454000.0,69943294.0
EGY,"Egypt, Arab Rep.","Middle East, North Africa, Afghanistan & Pakistan",Lower middle income,1999,2361.86425101369,4797000.0,71520954.0
EGY,"Egypt, Arab Rep.","Middle East, North Africa, Afghanistan & Pakistan",Lower middle income,2000,2458.60835003154,5506000.0,73083284.0
EGY,"Egypt, Arab Rep.","Middle East, North Africa, Afghanistan & Pakistan",Lower middle income,2001,2492.03441188861,4648000.0,74652029.0
EGY,"Egypt, Arab Rep.","Middle East, North Africa, Afghanistan & Pakistan",Lower middle income,2002,2498.4812119434,5192000.0,76239137.0
EGY,"Egypt, Arab Rep.","Middle East, North Africa, Afghanistan & Pakistan",Lower middle income,2003,2524.80477195753,6044000.0,77853548.0
EGY,"Egypt, Arab Rep.","Middle East, North Africa, Afghanistan & Pakistan",Lower middle income,2004,2574.42341789647,8104000.0,79477443.0
EGY,"Egypt, Arab Rep.","Middle East, North Africa, Afghanistan & Pakistan",Lower middle income,2005,2635.70305226634,8608000.0,81101004.0
EGY,"Egypt, Arab Rep.","Middle East, North Africa, Afghanistan & Pakistan",Lower middle income,2006,2761.62410768311,9083000.0,82700403.0
EGY,"Egypt, Arab Rep.","Middle East, North Africa, Afghanistan & Pakistan",Lower middle income,2007,2902.06559803259,11091000.0,84276225.0
EGY,"Egypt, Arab Rep.","Middle East, North Africa, Afghanistan & Pakistan",Lower middle income,2008,3052.2129784594,12835000.0,85864789.0
EGY,"Egypt, Arab Rep.","Middle East, North Africa, Afghanistan & Pakistan",Lower middle income,2009,3135.09661305712,12536000.0,87501636.0
EGY,"Egypt, Arab Rep.","Middle East, North Africa, Afghanistan & Pakistan",Lower middle income,2010,3233.84521249306,14731000.0,89196072.0
EGY,"Egypt, Arab Rep.","Middle East, North Africa, Afghanistan & Pakistan",Lower middle income,2011,3222.37650111397,9845000.0,91093059.0
EGY,"Egypt, Arab Rep.","Middle East, North Africa, Afghanistan & Pakistan",Lower middle income,2012,3220.99194201188,11532000.0,93161001.0
EGY,"Egypt, Arab Rep.","Middle East, North Africa, Afghanistan & Pakistan",Lower middle income,2013,3216.37839024454,9464000.0,95333553.0
EGY,"Egypt, Arab Rep.","Middle East, North Africa, Afghanistan & Pakistan",Lower middle income,2014,3235.66246235519,9878000.0,97528654.0
EGY,"Egypt, Arab Rep.","Middle East, North Africa, Afghanistan & Pakistan",Lower middle income,2015,3306.98159414141,9328000.0,99597342.0
EGY,"Egypt, Arab Rep.","Middle East, North Africa, Afghanistan & Pakistan",Lower middle income,2016,3381.22246307712,5399000.0,101644589.0
EGY,"Egypt, Arab Rep.","Middle East, North Africa, Afghanistan & Pakistan",Lower middle income,2017,3452.90961245976,8292000.0,103696057.0
EGY,"Egypt, Arab Rep.","Middle East, North Africa, Afghanistan & Pakistan",Lower middle income,2018,3568.63966286365,11346000.0,105682094.0
EGY,"Egypt, Arab Rep.","Middle East, North Africa, Afghanistan & Pakistan",Lower middle income,2019,3701.2446344954,13026000.0,107553158.0
EGY,"Egypt, Arab Rep.","Middle East, North Africa, Afghanistan & Pakistan",Lower middle income,2020,3770.86947868544,,109315124.0
EGY,"Egypt, Arab Rep.","Middle East, North Africa, Afghanistan & Pakistan",Lower middle income,2021,3837.31992325256,,110957008.0
EGY,"Egypt, Arab Rep.","Middle East, North Africa, Afghanistan & Pakistan",Lower middle income,2022,4029.78295458204,,112618250.0
EGY,"Egypt, Arab Rep.","Middle East, North Africa, Afghanistan & Pakistan",Lower middle income,2023,4111.3118479018,,114535772.0
EGY,"Egypt, Arab Rep.","Middle East, North Africa, Afghanistan & Pakistan",Lower middle income,2024,4137.6092923313,,116538258.0
ERI,Eritrea,Sub-Saharan Africa,Low income,1980,,,1605797.0
ERI,Eritrea,Sub-Saharan Africa,Low income,1981,,,1649939.0
ERI,Eritrea,Sub-Saharan Africa,Low income,1982,,,1695461.0
ERI,Eritrea,Sub-Saharan Africa,Low income,1983,,,1736160.0
ERI,Eritrea,Sub-Saharan Africa,Low income,1984,,,1771730.0
ERI,Eritrea,Sub-Saharan Africa,Low income,1985,,,1807816.0
ERI,Eritrea,Sub-Saharan Africa,Low income,1986,,,1845164.0
ERI,Eritrea,Sub-Saharan Africa,Low income,1987,,,1888669.0
ERI,Eritrea,Sub-Saharan Africa,Low income,1988,,,1938255.0
ERI,Eritrea,Sub-Saharan Africa,Low income,1989,,,1987017.0
ERI,Eritrea,Sub-Saharan Africa,Low income,1990,,,2032737.0
ERI,Eritrea,Sub-Saharan Africa,Low income,1991,,,1919571.0
ERI,Eritrea,Sub-Saharan Africa,Low income,1992,642.072233527209,,1798748.0
ERI,Eritrea,Sub-Saharan Africa,Low income,1993,705.988405158037,,1856006.0
ERI,Eritrea,Sub-Saharan Africa,Low income,1994,829.915037227268,,1913915.0
ERI,Eritrea,Sub-Saharan Africa,Low income,1995,806.702995328956,315000.0,2025267.0
ERI,Eritrea,Sub-Saharan Africa,Low income,1996,838.660572635214,417000.0,2128464.0
ERI,Eritrea,Sub-Saharan Africa,Low income,1997,895.033773452053,410000.0,2152135.0
ERI,Eritrea,Sub-Saharan Africa,Low income,1998,899.082974199102,188000.0,2180419.0
ERI,Eritrea,Sub-Saharan Africa,Low income,1999,886.053679218386,57000.0,2212780.0
ERI,Eritrea,Sub-Saharan Africa,Low income,2000,845.132430060544,70000.0,2247031.0
ERI,Eritrea,Sub-Saharan Africa,Low income,2001,893.268735439193,113000.0,2312079.0
ERI,Eritrea,Sub-Saharan Africa,Low income,2002,889.009113592982,101000.0,2392978.0
ERI,Eritrea,Sub-Saharan Africa,Low income,2003,830.379672282601,80000.0,2493903.0
ERI,Eritrea,Sub-Saharan Africa,Low income,2004,808.591420184592,87000.0,2598284.0
ERI,Eritrea,Sub-Saharan Africa,Low income,2005,809.794793468889,83000.0,2661215.0
ERI,Eritrea,Sub-Saharan Africa,Low income,2006,789.402432018085,78000.0,2703502.0
ERI,Eritrea,Sub-Saharan Africa,Low income,2007,789.072701743247,81000.0,2743222.0
ERI,Eritrea,Sub-Saharan Africa,Low income,2008,693.398874212494,70000.0,2816327.0
ERI,Eritrea,Sub-Saharan Africa,Low income,2009,702.430936480778,79000.0,2887885.0
ERI,Eritrea,Sub-Saharan Africa,Low income,2010,703.877374381654,84000.0,2945186.0
ERI,Eritrea,Sub-Saharan Africa,Low income,2011,751.374899794668,107000.0,2998485.0
ERI,Eritrea,Sub-Saharan Africa,Low income,2012,,129000.0,3036988.0
ERI,Eritrea,Sub-Saharan Africa,Low income,2013,,141000.0,3074360.0
ERI,Eritrea,Sub-Saharan Africa,Low income,2014,,119000.0,3095173.0
ERI,Eritrea,Sub-Saharan Africa,Low income,2015,,114000.0,3105546.0
ERI,Eritrea,Sub-Saharan Africa,Low income,2016,,142000.0,3124698.0
ERI,Eritrea,Sub-Saharan Africa,Low income,2017,,,3150347.0
ERI,Eritrea,Sub-Saharan Africa,Low income,2018,,,3192760.0
ERI,Eritrea,Sub-Saharan Africa,Low income,2019,,,3240194.0
ERI,Eritrea,Sub-Saharan Africa,Low income,2020,,,3291271.0
ERI,Eritrea,Sub-Saharan Africa,Low income,2021,,,3350183.0
ERI,Eritrea,Sub-Saharan Africa,Low income,2022,,,3409447.0
ERI,Eritrea,Sub-Saharan Africa,Low income,2023,,,3470390.0
ERI,Eritrea,Sub-Saharan Africa,Low income,2024,,,3535603.0
ESP,Spain,Europe & Central Asia,High income,1980,14886.4067025715,,37491165.0
ESP,Spain,Europe & Central Asia,High income,1981,14761.3776341084,,37758631.0
ESP,Spain,Europe & Central Asia,High income,1982,14855.9108518513,,37986012.0
ESP,Spain,Europe & Central Asia,High income,1983,15045.4001753188,,38171525.0
ESP,Spain,Europe & Central Asia,High income,1984,15250.4535062705,,38330364.0
ESP,Spain,Europe & Central Asia,High income,1985,15548.0400421709,,38469512.0
ESP,Spain,Europe & Central Asia,High income,1986,16005.9732611803,,38584624.0
ESP,Spain,Europe & Central Asia,High income,1987,16850.0903528198,,38684815.0
ESP,Spain,Europe & Central Asia,High income,1988,17670.9748560478,,38766939.0
ESP,Spain,Europe & Central Asia,High income,1989,18494.9397646048,,38827764.0
ESP,Spain,Europe & Central Asia,High income,1990,19174.77083233,,38867322.0
ESP,Spain,Europe & Central Asia,High income,1991,19612.9766041957,,38966376.0
ESP,Spain,Europe & Central Asia,High income,1992,19698.51176766,,39157685.0
ESP,Spain,Europe & Central Asia,High income,1993,19394.4931411816,,39361262.0
ESP,Spain,Europe & Central Asia,High income,1994,19762.3886289154,,39549108.0
ESP,Spain,Europe & Central Asia,High income,1995,20217.9031940372,52460000.0,39724050.0
ESP,Spain,Europe & Central Asia,High income,1996,20658.8402775701,55077000.0,39889852.0
ESP,Spain,Europe & Central Asia,High income,1997,21310.4311888986,62415000.0,40057389.0
ESP,Spain,Europe & Central Asia,High income,1998,22135.4045018802,68068000.0,40223509.0
ESP,Spain,Europe & Central Asia,High income,1999,23017.838771323,72040000.0,40386875.0
ESP,Spain,Europe & Central Asia,High income,2000,24106.8818529374,74580000.0,40567864.0
ESP,Spain,Europe & Central Asia,High income,2001,24878.3784543991,75564000.0,40850412.0
ESP,Spain,Europe & Central Asia,High income,2002,25205.3154769045,79313000.0,41431558.0
ESP,Spain,Europe & Central Asia,High income,2003,25481.1653690112,82326000.0,42187645.0
ESP,Spain,Europe & Central Asia,High income,2004,25825.3106463315,85981000.0,42921895.0
ESP,Spain,Europe & Central Asia,High income,2005,26294.447384391,92563000.0,43653155.0
ESP,Spain,Europe & Central Asia,High income,2006,26899.0921497113,96152000.0,44397319.0
ESP,Spain,Europe & Central Asia,High income,2007,27338.79541774,98907000.0,45226803.0
ESP,Spain,Europe & Central Asia,High income,2008,27112.526293889,97670000.0,45954106.0
ESP,Spain,Europe & Central Asia,High income,2009,25860.8142592652,91899000.0,46362946.0
ESP,Spain,Europe & Central Asia,High income,2010,25766.2515825743,93744000.0,46576897.0
ESP,Spain,Europe & Central Asia,High income,2011,25510.5579678829,99187000.0,46742697.0
ESP,Spain,Europe & Central Asia,High income,2012,24763.568274484,98128000.0,46773055.0
ESP,Spain,Europe & Central Asia,High income,2013,24498.5559507945,103231000.0,46604197.0
ESP,Spain,Europe & Central Asia,High income,2014,24947.8512505913,107144000.0,46460733.0
ESP,Spain,Europe & Central Asia,High income,2015,25982.4416197775,109834000.0,46422303.0
ESP,Spain,Europe & Central Asia,High income,2016,26719.2442268615,115561000.0,46458139.0
ESP,Spain,Europe & Central Asia,High income,2017,27426.281015093,121717000.0,46571232.0
ESP,Spain,Europe & Central Asia,High income,2018,27956.7225466484,124456000.0,46782011.0
ESP,Spain,Europe & Central Asia,High income,2019,28301.4393949563,126170000.0,47118501.0
ESP,Spain,Europe & Central Asia,High income,2020,25077.019882928,36410000.0,47359424.0
ESP,Spain,Europe & Central Asia,High income,2021,26705.3629138959,,47443821.0
ESP,Spain,Europe & Central Asia,High income,2022,28203.1093419474,,47786102.0
ESP,Spain,Europe & Central Asia,High income,2023,28558.6319817501,,48352528.0
ESP,Spain,Europe & Central Asia,High income,2024,29245.2192451729,,48848840.0
EST,Estonia,Europe & Central Asia,High income,1980,,,1477219.0
EST,Estonia,Europe & Central Asia,High income,1981,,,1487666.0
EST,Estonia,Europe & Central Asia,High income,1982,,,1498414.0
EST,Estonia,Europe & Central Asia,High income,1983,,,1508745.0
EST,Estonia,Europe & Central Asia,High income,1984,,,1518617.0
EST,Estonia,Europe & Central Asia,High income,1985,,,1528781.0
EST,Estonia,Europe & Central Asia,High income,1986,,,1540190.0
EST,Estonia,Europe & Central Asia,High income,1987,,,1552221.0
EST,Estonia,Europe & Central Asia,High income,1988,,,1561900.0
EST,Estonia,Europe & Central Asia,High income,1989,,,1568131.0
EST,Estonia,Europe & Central Asia,High income,1990,9341.22558106091,,1569174.0
EST,Estonia,Europe & Central Asia,High income,1991,8637.20577725726,,1561314.0
EST,Estonia,Europe & Central Asia,High income,1992,6934.17057662389,,1533091.0
EST,Estonia,Europe & Central Asia,High income,1993,6706.56021122484,,1494128.0
EST,Estonia,Europe & Central Asia,High income,1994,6738.99904122236,,1462514.0
EST,Estonia,Europe & Central Asia,High income,1995,7170.94607721168,2111000.0,1436634.0
EST,Estonia,Europe & Central Asia,High income,1996,7637.25708286963,2444000.0,1415594.0
EST,Estonia,Europe & Central Asia,High income,1997,8732.99085657194,2618000.0,1399535.0
EST,Estonia,Europe & Central Asia,High income,1998,9199.93534127632,2909000.0,1386156.0
EST,Estonia,Europe & Central Asia,High income,1999,9133.89593384355,3181000.0,1390244.0
EST,Estonia,Europe & Central Asia,High income,2000,10006.7696280939,3310000.0,1396985.0
EST,Estonia,Europe & Central Asia,High income,2001,10662.9455020331,3230000.0,1388115.0
EST,Estonia,Europe & Central Asia,High income,2002,11474.6622721923,3253000.0,1379350.0
EST,Estonia,Europe & Central Asia,High income,2003,12424.0441535693,3378000.0,1370720.0
EST,Estonia,Europe & Central Asia,High income,2004,13348.5284463324,,1362550.0
EST,Estonia,Europe & Central Asia,High income,2005,14703.6179707772,,1354775.0
EST,Estonia,Europe & Central Asia,High income,2006,16234.5152041417,,1346810.0
EST,Estonia,Europe & Central Asia,High income,2007,17543.4661785723,,1340680.0
EST,Estonia,Europe & Central Asia,High income,2008,16688.997772178,3828000.0,1337090.0
EST,Estonia,Europe & Central Asia,High income,2009,14274.8511086787,3834000.0,1334515.0
EST,Estonia,Europe & Central Asia,High income,2010,14657.939813612,4369000.0,1331475.0
EST,Estonia,Europe & Central Asia,High income,2011,15820.922342204,4907000.0,1327439.0
EST,Estonia,Europe & Central Asia,High income,2012,16460.6843479001,5007000.0,1322696.0
EST,Estonia,Europe & Central Asia,High income,2013,16809.5326683781,5737000.0,1317997.0
EST,Estonia,Europe & Central Asia,High income,2014,17413.6867560212,5804000.0,1314545.0
EST,Estonia,Europe & Central Asia,High income,2015,17722.1557669523,5696000.0,1315407.0
EST,Estonia,Europe & Central Asia,High income,2016,18264.9873304279,5942000.0,1315790.0
EST,Estonia,Europe & Central Asia,High income,2017,19270.8141210511,6145000.0,1317384.0
EST,Estonia,Europe & Central Asia,High income,2018,19914.3454922878,6033000.0,1321977.0
EST,Estonia,Europe & Central Asia,High income,2019,20579.8756732376,6103000.0,1326898.0
EST,Estonia,Europe & Central Asia,High income,2020,19946.945696898,1695000.0,1329522.0
EST,Estonia,Europe & Central Asia,High income,2021,21570.6658455268,,1330932.0
EST,Estonia,Europe & Central Asia,High income,2022,21023.2994937246,,1348840.0
EST,Estonia,Europe & Central Asia,High income,2023,20126.3730486957,,1370286.0
EST,Estonia,Europe & Central Asia,High income,2024,20078.1397620993,,1372341.0
ETH,Ethiopia,Sub-Saharan Africa,Low income,1980,292.153506886342,,34428514.0
ETH,Ethiopia,Sub-Saharan Africa,Low income,1981,297.391843880891,,35304012.0
ETH,Ethiopia,Sub-Saharan Africa,Low income,1982,288.690088739962,,36701290.0
ETH,Ethiopia,Sub-Saharan Africa,Low income,1983,303.85728316787,,37740817.0
ETH,Ethiopia,Sub-Saharan Africa,Low income,1984,287.621232002049,,38735722.0
ETH,Ethiopia,Sub-Saharan Africa,Low income,1985,248.47060503182,,39842136.0
ETH,Ethiopia,Sub-Saharan Africa,Low income,1986,264.539002422205,,41037656.0
ETH,Ethiopia,Sub-Saharan Africa,Low income,1987,291.112259309145,,42460039.0
ETH,Ethiopia,Sub-Saharan Africa,Low income,1988,281.374024417104,,44150825.0
ETH,Ethiopia,Sub-Saharan Africa,Low income,1989,269.793522386618,,45879690.0
ETH,Ethiopia,Sub-Saharan Africa,Low income,1990,267.078134508598,,47609755.0
ETH,Ethiopia,Sub-Saharan Africa,Low income,1991,237.502454667904,,49717198.0
ETH,Ethiopia,Sub-Saharan Africa,Low income,1992,207.967880879774,,51853747.0
ETH,Ethiopia,Sub-Saharan Africa,Low income,1993,227.173295614208,,53708891.0
ETH,Ethiopia,Sub-Saharan Africa,Low income,1994,226.399912642527,,55611508.0
ETH,Ethiopia,Sub-Saharan Africa,Low income,1995,232.230450633845,103000.0,57537335.0
ETH,Ethiopia,Sub-Saharan Africa,Low income,1996,252.612985005506,109000.0,59467635.0
ETH,Ethiopia,Sub-Saharan Africa,Low income,1997,252.311666681832,139000.0,61404539.0
ETH,Ethiopia,Sub-Saharan Africa,Low income,1998,236.05551452188,112000.0,63363524.0
ETH,Ethiopia,Sub-Saharan Africa,Low income,1999,240.604711286049,115000.0,65374561.0
ETH,Ethiopia,Sub-Saharan Africa,Low income,2000,247.505413659694,136000.0,67411494.0
ETH,Ethiopia,Sub-Saharan Africa,Low income,2001,260.04231608135,148000.0,69487762.0
ETH,Ethiopia,Sub-Saharan Africa,Low income,2002,256.066635883709,156000.0,71635517.0
ETH,Ethiopia,Sub-Saharan Africa,Low income,2003,243.076666020009,180000.0,73832663.0
ETH,Ethiopia,Sub-Saharan Africa,Low income,2004,267.923513391712,184000.0,76077206.0
ETH,Ethiopia,Sub-Saharan Africa,Low income,2005,290.833381425059,227000.0,78367470.0
ETH,Ethiopia,Sub-Saharan Africa,Low income,2006,313.013896721503,330000.0,80703490.0
ETH,Ethiopia,Sub-Saharan Africa,Low income,2007,338.799064654308,358000.0,83103217.0
ETH,Ethiopia,Sub-Saharan Africa,Low income,2008,364.642208155735,383000.0,85543668.0
ETH,Ethiopia,Sub-Saharan Africa,Low income,2009,385.632419711374,427000.0,88007636.0
ETH,Ethiopia,Sub-Saharan Africa,Low income,2010,421.898622378633,468000.0,90538514.0
ETH,Ethiopia,Sub-Saharan Africa,Low income,2011,455.909628648555,523000.0,93149970.0
ETH,Ethiopia,Sub-Saharan Africa,Low income,2012,481.639999909808,597000.0,95798767.0
ETH,Ethiopia,Sub-Saharan Africa,Low income,2013,518.324662208106,681000.0,98438751.0
ETH,Ethiopia,Sub-Saharan Africa,Low income,2014,556.362532243867,770000.0,101115610.0
ETH,Ethiopia,Sub-Saharan Africa,Low income,2015,597.912113218663,864000.0,103867135.0
ETH,Ethiopia,Sub-Saharan Africa,Low income,2016,636.835680951429,871000.0,106718162.0
ETH,Ethiopia,Sub-Saharan Africa,Low income,2017,678.98541915757,933000.0,109666481.0
ETH,Ethiopia,Sub-Saharan Africa,Low income,2018,705.96881207336,849000.0,112664152.0
ETH,Ethiopia,Sub-Saharan Africa,Low income,2019,744.702789740042,812000.0,115737383.0
ETH,Ethiopia,Sub-Saharan Africa,Low income,2020,768.705424484873,518000.0,118917671.0
ETH,Ethiopia,Sub-Saharan Africa,Low income,2021,790.657019602458,,122138588.0
ETH,Ethiopia,Sub-Saharan Africa,Low income,2022,811.177729337321,,125384287.0
ETH,Ethiopia,Sub-Saharan Africa,Low income,2023,842.446604881663,,128691692.0
ETH,Ethiopia,Sub-Saharan Africa,Low income,2024,883.458588614999,,132059767.0
FIN,Finland,Europe & Central Asia,High income,1980,23945.0603707378,,4779535.0
FIN,Finland,Europe & Central Asia,High income,1981,24150.5782368449,,4799964.0
FIN,Finland,Europe & Central Asia,High income,1982,24756.9389223507,,4826933.0
FIN,Finland,Europe & Central Asia,High income,1983,25373.6804022849,,4855787.0
FIN,Finland,Europe & Central Asia,High income,1984,26052.7867322716,,4881803.0
FIN,Finland,Europe & Central Asia,High income,1985,26862.7992099895,,4902206.0
FIN,Finland,Europe & Central Asia,High income,1986,27513.38864514,,4918154.0
FIN,Finland,Europe & Central Asia,High income,1987,28412.4497948666,,4932123.0
FIN,Finland,Europe & Central Asia,High income,1988,29811.9509398364,,4946481.0
FIN,Finland,Europe & Central Asia,High income,1989,31214.6750164216,,4964371.0
FIN,Finland,Europe & Central Asia,High income,1990,31291.5222587198,,4986431.0
FIN,Finland,Europe & Central Asia,High income,1991,29290.9773950558,,5013740.0
FIN,Finland,Europe & Central Asia,High income,1992,28162.3512348846,,5041992.0
FIN,Finland,Europe & Central Asia,High income,1993,27807.8614663327,,5066447.0
FIN,Finland,Europe & Central Asia,High income,1994,28785.9195720485,,5088333.0
FIN,Finland,Europe & Central Asia,High income,1995,29890.5243289925,1779000.0,5107790.0
FIN,Finland,Europe & Central Asia,High income,1996,30883.8347237846,1724000.0,5124573.0
FIN,Finland,Europe & Central Asia,High income,1997,32762.1179107575,1832000.0,5139835.0
FIN,Finland,Europe & Central Asia,High income,1998,34457.4555939742,2644000.0,5153498.0
FIN,Finland,Europe & Central Asia,High income,1999,35886.4949080548,2454000.0,5165474.0
FIN,Finland,Europe & Central Asia,High income,2000,37872.6020343504,2714000.0,5176209.0
FIN,Finland,Europe & Central Asia,High income,2001,38784.1308115726,2826000.0,5188008.0
FIN,Finland,Europe & Central Asia,High income,2002,39343.0698997627,2875000.0,5200598.0
FIN,Finland,Europe & Central Asia,High income,2003,40038.9839702277,2601000.0,5213014.0
FIN,Finland,Europe & Central Asia,High income,2004,41521.962874476,2840000.0,5228172.0
FIN,Finland,Europe & Central Asia,High income,2005,42529.3506920884,3140000.0,5246096.0
FIN,Finland,Europe & Central Asia,High income,2006,44069.3958834717,3375000.0,5266268.0
FIN,Finland,Europe & Central Asia,High income,2007,46213.6898975737,3519000.0,5288720.0
FIN,Finland,Europe & Central Asia,High income,2008,46359.8732844055,3583000.0,5313399.0
FIN,Finland,Europe & Central Asia,High income,2009,42412.5133513534,3423000.0,5338871.0
FIN,Finland,Europe & Central Asia,High income,2010,43556.5385834368,3670000.0,5363352.0
FIN,Finland,Europe & Central Asia,High income,2011,44391.4535667984,4192000.0,5388272.0
FIN,Finland,Europe & Central Asia,High income,2012,43507.9345371578,4226000.0,5413971.0
FIN,Finland,Europe & Central Asia,High income,2013,42883.6384986417,2797000.0,5438972.0
FIN,Finland,Europe & Central Asia,High income,2014,42502.4880199858,2731000.0,5461512.0
FIN,Finland,Europe & Central Asia,High income,2015,42560.3456767103,2622000.0,5479531.0
FIN,Finland,Europe & Central Asia,High income,2016,43529.6761616969,2789000.0,5495303.0
FIN,Finland,Europe & Central Asia,High income,2017,44862.220404205,3180000.0,5508214.0
FIN,Finland,Europe & Central Asia,High income,2018,45337.2409550575,3224000.0,5515525.0
FIN,Finland,Europe & Central Asia,High income,2019,45898.5708448954,3290000.0,5521606.0
FIN,Finland,Europe & Central Asia,High income,2020,44690.9801103074,896000.0,5529543.0
FIN,Finland,Europe & Central Asia,High income,2021,45792.0454180872,,5541017.0
FIN,Finland,Europe & Central Asia,High income,2022,46016.1492103929,,5556106.0
FIN,Finland,Europe & Central Asia,High income,2023,45196.4814400136,,5583911.0
FIN,Finland,Europe & Central Asia,High income,2024,45075.1684940688,,5619911.0
FJI,Fiji,East Asia & Pacific,Upper middle income,1980,3588.63389797973,,641975.0
FJI,Fiji,East Asia & Pacific,Upper middle income,1981,3725.85925042297,,657471.0
FJI,Fiji,East Asia & Pacific,Upper middle income,1982,3420.17355509609,,673414.0
FJI,Fiji,East Asia & Pacific,Upper middle income,1983,3206.53995251083,,689835.0
FJI,Fiji,East Asia & Pacific,Upper middle income,1984,3392.64400931294,,706716.0
FJI,Fiji,East Asia & Pacific,Upper middle income,1985,3159.91256608419,,723761.0
FJI,Fiji,East Asia & Pacific,Upper middle income,1986,3333.21187514255,,739306.0
FJI,Fiji,East Asia & Pacific,Upper middle income,1987,3066.12840418725,,750540.0
FJI,Fiji,East Asia & Pacific,Upper middle income,1988,3062.15306054663,,758697.0
FJI,Fiji,East Asia & Pacific,Upper middle income,1989,3257.20435244676,,766321.0
FJI,Fiji,East Asia & Pacific,Upper middle income,1990,3414.95052754862,,773316.0
FJI,Fiji,East Asia & Pacific,Upper middle income,1991,3295.7268636798,,779656.0
FJI,Fiji,East Asia & Pacific,Upper middle income,1992,3471.43143388926,,785346.0
FJI,Fiji,East Asia & Pacific,Upper middle income,1993,3522.84229699877,,790369.0
FJI,Fiji,East Asia & Pacific,Upper middle income,1994,3682.00010727317,,794771.0
FJI,Fiji,East Asia & Pacific,Upper middle income,1995,3755.26832131607,476000.0,798746.0
FJI,Fiji,East Asia & Pacific,Upper middle income,1996,3910.82964905101,534000.0,803789.0
FJI,Fiji,East Asia & Pacific,Upper middle income,1997,3785.46685383881,547000.0,812139.0
FJI,Fiji,East Asia & Pacific,Upper middle income,1998,3787.48699562496,499000.0,822258.0
FJI,Fiji,East Asia & Pacific,Upper middle income,1999,4073.37706349238,544000.0,831828.0
FJI,Fiji,East Asia & Pacific,Upper middle income,2000,3960.88903458193,434000.0,840909.0
FJI,Fiji,East Asia & Pacific,Upper middle income,2001,3998.79730008036,446000.0,849596.0
FJI,Fiji,East Asia & Pacific,Upper middle income,2002,4086.1043298133,461000.0,858049.0
FJI,Fiji,East Asia & Pacific,Upper middle income,2003,4087.72446536081,451000.0,866286.0
FJI,Fiji,East Asia & Pacific,Upper middle income,2004,4264.59725802376,513000.0,874366.0
FJI,Fiji,East Asia & Pacific,Upper middle income,2005,4255.45096025011,547000.0,882379.0
FJI,Fiji,East Asia & Pacific,Upper middle income,2006,4295.40677074806,,890365.0
FJI,Fiji,East Asia & Pacific,Upper middle income,2007,4223.44802067613,542000.0,897832.0
FJI,Fiji,East Asia & Pacific,Upper middle income,2008,4240.77264898616,627000.0,903399.0
FJI,Fiji,East Asia & Pacific,Upper middle income,2009,4164.29314815569,605000.0,907239.0
FJI,Fiji,East Asia & Pacific,Upper middle income,2010,4272.35916210382,692000.0,910419.0
FJI,Fiji,East Asia & Pacific,Upper middle income,2011,4375.58083514077,734000.0,912989.0
FJI,Fiji,East Asia & Pacific,Upper middle income,2012,4427.97841523552,741000.0,914918.0
FJI,Fiji,East Asia & Pacific,Upper middle income,2013,4630.3512738488,769000.0,916352.0
FJI,Fiji,East Asia & Pacific,Upper middle income,2014,4883.24299340799,781000.0,917585.0
FJI,Fiji,East Asia & Pacific,Upper middle income,2015,5097.53106864695,869000.0,918578.0
FJI,Fiji,East Asia & Pacific,Upper middle income,2016,5218.85824573477,963000.0,919166.0
FJI,Fiji,East Asia & Pacific,Upper middle income,2017,5500.67840280072,1027000.0,918759.0
FJI,Fiji,East Asia & Pacific,Upper middle income,2018,5720.21445752907,1058000.0,917180.0
FJI,Fiji,East Asia & Pacific,Upper middle income,2019,5701.10434532357,969000.0,914899.0
FJI,Fiji,East Asia & Pacific,Upper middle income,2020,4721.12281287253,168000.0,914963.0
FJI,Fiji,East Asia & Pacific,Upper middle income,2021,4507.33353013335,,916711.0
FJI,Fiji,East Asia & Pacific,Upper middle income,2022,5291.51692439451,,919422.0
FJI,Fiji,East Asia & Pacific,Upper middle income,2023,5761.56947891018,,924145.0
FJI,Fiji,East Asia & Pacific,Upper middle income,2024,5935.20895738332,,928784.0
FRA,France,Europe & Central Asia,High income,1980,23050.9255953042,,55274184.0
FRA,France,Europe & Central Asia,High income,1981,23186.7612665684,,55603353.0
FRA,France,Europe & Central Asia,High income,1982,23666.5121788084,,55806789.0
FRA,France,Europe & Central Asia,High income,1983,23836.4018927227,,56108330.0
FRA,France,Europe & Central Asia,High income,1984,24102.0176176027,,56383085.0
FRA,France,Europe & Central Asia,High income,1985,24358.1382748825,,56665619.0
FRA,France,Europe & Central Asia,High income,1986,24813.0302579158,,56956002.0
FRA,France,Europe & Central Asia,High income,1987,25308.620924146,,57266167.0
FRA,France,Europe & Central Asia,High income,1988,26374.1221811161,,57598186.0
FRA,France,Europe & Central Asia,High income,1989,27372.0534763161,,57943062.0
FRA,France,Europe & Central Asia,High income,1990,27992.9751471374,,58261012.0
FRA,France,Europe & Central Asia,High income,1991,28197.2359540607,,58554242.0
FRA,France,Europe & Central Asia,High income,1992,28482.5194675509,,58846584.0
FRA,France,Europe & Central Asia,High income,1993,28257.0962487817,,59103094.0
FRA,France,Europe & Central Asia,High income,1994,28822.5006495069,,59324863.0
FRA,France,Europe & Central Asia,High income,1995,29379.6158424052,,59541294.0
FRA,France,Europe & Central Asia,High income,1996,29683.7786067651,148263000.0,59754504.0
FRA,France,Europe & Central Asia,High income,1997,30325.522871824,157551000.0,59968066.0
FRA,France,Europe & Central Asia,High income,1998,31256.5073830655,,60190684.0
FRA,France,Europe & Central Asia,High income,1999,32152.7207478734,,60501986.0
FRA,France,Europe & Central Asia,High income,2000,33255.1379642335,,60918661.0
FRA,France,Europe & Central Asia,High income,2001,33640.6738002565,,61364377.0
FRA,France,Europe & Central Asia,High income,2002,33753.5782979758,,61812142.0
FRA,France,Europe & Central Asia,High income,2003,33840.6175720101,,62249855.0
FRA,France,Europe & Central Asia,High income,2004,34557.1471111581,190282000.0,62707588.0
FRA,France,Europe & Central Asia,High income,2005,34946.0372494703,185829000.0,63180854.0
FRA,France,Europe & Central Asia,High income,2006,35645.4162427116,193882000.0,63622342.0
FRA,France,Europe & Central Asia,High income,2007,36322.1685141004,193319000.0,64016890.0
FRA,France,Europe & Central Asia,High income,2008,36257.3658930938,193571000.0,64375116.0
FRA,France,Europe & Central Asia,High income,2009,35052.8510772683,192369000.0,64706436.0
FRA,France,Europe & Central Asia,High income,2010,35578.1968010183,189826000.0,65026211.0
FRA,France,Europe & Central Asia,High income,2011,36269.9561530888,196595000.0,65340830.0
FRA,France,Europe & Central Asia,High income,2012,36161.2918253465,197522000.0,65657659.0
FRA,France,Europe & Central Asia,High income,2013,36256.086680981,204410000.0,65997932.0
FRA,France,Europe & Central Asia,High income,2014,36444.3949089146,206599000.0,66312067.0
FRA,France,Europe & Central Asia,High income,2015,36702.4323733379,203302000.0,66548272.0
FRA,France,Europe & Central Asia,High income,2016,36920.5342846914,203042000.0,66724104.0
FRA,France,Europe & Central Asia,High income,2017,37580.5979329356,207274000.0,66918020.0
FRA,France,Europe & Central Asia,High income,2018,38062.4435961412,211998000.0,67158348.0
FRA,France,Europe & Central Asia,High income,2019,38705.2072940618,217877000.0,67382061.0
FRA,France,Europe & Central Asia,High income,2020,35709.2045925926,117109000.0,67601110.0
FRA,France,Europe & Central Asia,High income,2021,38030.8571685178,,67842811.0
FRA,France,Europe & Central Asia,High income,2022,38868.3303330557,,68184457.0
FRA,France,Europe & Central Asia,High income,2023,39319.4152227295,,68372286.0
FRA,France,Europe & Central Asia,High income,2024,39683.3953489029,,68551653.0
FRO,Faroe Islands,Europe & Central Asia,High income,1980,,,43072.0
FRO,Faroe Islands,Europe & Central Asia,High income,1981,,,43626.0
FRO,Faroe Islands,Europe & Central Asia,High income,1982,,,44171.0
FRO,Faroe Islands,Europe & Central Asia,High income,1983,,,44670.0
FRO,Faroe Islands,Europe & Central Asia,High income,1984,,,45141.0
FRO,Faroe Islands,Europe & Central Asia,High income,1985,,,45709.0
FRO,Faroe Islands,Europe & Central Asia,High income,1986,,,46132.0
FRO,Faroe Islands,Europe & Central Asia,High income,1987,,,46702.0
FRO,Faroe Islands,Europe & Central Asia,High income,1988,,,47356.0
FRO,Faroe Islands,Europe & Central Asia,High income,1989,,,47959.0
FRO,Faroe Islands,Europe & Central Asia,High income,1990,,,47741.0
FRO,Faroe Islands,Europe & Central Asia,High income,1991,,,47447.0
FRO,Faroe Islands,Europe & Central Asia,High income,1992,,,47287.0
FRO,Faroe Islands,Europe & Central Asia,High income,1993,,,46474.0
FRO,Faroe Islands,Europe & Central Asia,High income,1994,,,44695.0
FRO,Faroe Islands,Europe & Central Asia,High income,1995,,,43611.0
FRO,Faroe Islands,Europe & Central Asia,High income,1996,,,43581.0
FRO,Faroe Islands,Europe & Central Asia,High income,1997,,,44132.0
FRO,Faroe Islands,Europe & Central Asia,High income,1998,,,44674.0
FRO,Faroe Islands,Europe & Central Asia,High income,1999,,,45146.0
FRO,Faroe Islands,Europe & Central Asia,High income,2000,,,45754.0
FRO,Faroe Islands,Europe & Central Asia,High income,2001,,,46635.0
FRO,Faroe Islands,Europe & Central Asia,High income,2002,,,47335.0
FRO,Faroe Islands,Europe & Central Asia,High income,2003,,,48032.0
FRO,Faroe Islands,Europe & Central Asia,High income,2004,,,48384.0
FRO,Faroe Islands,Europe & Central Asia,High income,2005,,,48359.0
FRO,Faroe Islands,Europe & Central Asia,High income,2006,,,48335.0
FRO,Faroe Islands,Europe & Central Asia,High income,2007,,,48378.0
FRO,Faroe Islands,Europe & Central Asia,High income,2008,44623.0315871975,,48547.0
FRO,Faroe Islands,Europe & Central Asia,High income,2009,42379.0851176044,,48790.0
FRO,Faroe Islands,Europe & Central Asia,High income,2010,42334.391628988,,48656.0
FRO,Faroe Islands,Europe & Central Asia,High income,2011,43947.1570625821,,48542.0
FRO,Faroe Islands,Europe & Central Asia,High income,2012,47304.8451728204,,48290.0
FRO,Faroe Islands,Europe & Central Asia,High income,2013,50121.7919684574,,48245.0
FRO,Faroe Islands,Europe & Central Asia,High income,2014,52645.8769957728,,48427.0
FRO,Faroe Islands,Europe & Central Asia,High income,2015,52638.2668218454,,48898.0
FRO,Faroe Islands,Europe & Central Asia,High income,2016,52758.462646154,,49463.0
FRO,Faroe Islands,Europe & Central Asia,High income,2017,53832.1022752798,,50179.0
FRO,Faroe Islands,Europe & Central Asia,High income,2018,54432.5257658066,,50997.0
FRO,Faroe Islands,Europe & Central Asia,High income,2019,56031.6628701293,,51790.0
FRO,Faroe Islands,Europe & Central Asia,High income,2020,54305.7918823334,,52561.0
FRO,Faroe Islands,Europe & Central Asia,High income,2021,56275.5306614124,,53291.0
FRO,Faroe Islands,Europe & Central Asia,High income,2022,57784.7223702914,,53903.0
FRO,Faroe Islands,Europe & Central Asia,High income,2023,59067.5637446297,,54398.0
FRO,Faroe Islands,Europe & Central Asia,High income,2024,59302.1098546142,,54640.0
FSM,"Micronesia, Fed. Sts.",East Asia & Pacific,Upper middle income,1980,2126.82765124626,,77407.0
FSM,"Micronesia, Fed. Sts.",East Asia & Pacific,Upper middle income,1981,2263.82494115477,,79794.0
FSM,"Micronesia, Fed. Sts.",East Asia & Pacific,Upper middle income,1982,2139.46857014815,,82219.0
FSM,"Micronesia, Fed. Sts.",East Asia & Pacific,Upper middle income,1983,2117.38222314946,,84680.0
FSM,"Micronesia, Fed. Sts.",East Asia & Pacific,Upper middle income,1984,1975.46457480113,,87176.0
FSM,"Micronesia, Fed. Sts.",East Asia & Pacific,Upper middle income,1985,2237.45674325707,,89707.0
FSM,"Micronesia, Fed. Sts.",East Asia & Pacific,Upper middle income,1986,2348.98360673158,,92266.0
FSM,"Micronesia, Fed. Sts.",East Asia & Pacific,Upper middle income,1987,2312.55089689426,,94844.0
FSM,"Micronesia, Fed. Sts.",East Asia & Pacific,Upper middle income,1988,2316.46834864802,,97097.0
FSM,"Micronesia, Fed. Sts.",East Asia & Pacific,Upper middle income,1989,2351.97829821341,,99003.0
FSM,"Micronesia, Fed. Sts.",East Asia & Pacific,Upper middle income,1990,2394.37558886361,,100888.0
FSM,"Micronesia, Fed. Sts.",East Asia & Pacific,Upper middle income,1991,2525.50241966495,,102754.0
FSM,"Micronesia, Fed. Sts.",East Asia & Pacific,Upper middle income,1992,2575.29732806047,,104806.0
FSM,"Micronesia, Fed. Sts.",East Asia & Pacific,Upper middle income,1993,2726.15725759043,,107066.0
FSM,"Micronesia, Fed. Sts.",East Asia & Pacific,Upper middle income,1994,2661.64218976612,,109075.0
FSM,"Micronesia, Fed. Sts.",East Asia & Pacific,Upper middle income,1995,2818.49690906028,,110230.0
FSM,"Micronesia, Fed. Sts.",East Asia & Pacific,Upper middle income,1996,2712.57379982072,17600.0003814697,110710.0
FSM,"Micronesia, Fed. Sts.",East Asia & Pacific,Upper middle income,1997,2535.82445447681,17200.0007629395,111071.0
FSM,"Micronesia, Fed. Sts.",East Asia & Pacific,Upper middle income,1998,2600.59655060566,13399.9996185303,111377.0
FSM,"Micronesia, Fed. Sts.",East Asia & Pacific,Upper middle income,1999,2622.81714261636,16100.0003814697,111680.0
FSM,"Micronesia, Fed. Sts.",East Asia & Pacific,Upper middle income,2000,2735.1956569283,20500.0,112044.0
FSM,"Micronesia, Fed. Sts.",East Asia & Pacific,Upper middle income,2001,2777.02466489199,15300.0001907349,112365.0
FSM,"Micronesia, Fed. Sts.",East Asia & Pacific,Upper middle income,2002,2787.27413276067,19100.0003814697,112448.0
FSM,"Micronesia, Fed. Sts.",East Asia & Pacific,Upper middle income,2003,2840.52449068865,18200.0007629395,112285.0
FSM,"Micronesia, Fed. Sts.",East Asia & Pacific,Upper middle income,2004,2758.74590390098,19299.9992370605,111925.0
FSM,"Micronesia, Fed. Sts.",East Asia & Pacific,Upper middle income,2005,2847.48229525537,19000.0,111412.0
FSM,"Micronesia, Fed. Sts.",East Asia & Pacific,Upper middle income,2006,2853.20713732847,19100.0003814697,110729.0
FSM,"Micronesia, Fed. Sts.",East Asia & Pacific,Upper middle income,2007,2827.53072106163,21100.0003814697,109880.0
FSM,"Micronesia, Fed. Sts.",East Asia & Pacific,Upper middle income,2008,2779.82971113098,25700.0007629395,108936.0
FSM,"Micronesia, Fed. Sts.",East Asia & Pacific,Upper middle income,2009,2841.46745946079,47500.0,107957.0
FSM,"Micronesia, Fed. Sts.",East Asia & Pacific,Upper middle income,2010,2901.24604798215,44700.0007629395,107540.0
FSM,"Micronesia, Fed. Sts.",East Asia & Pacific,Upper middle income,2011,3006.53976237006,35400.0015258789,107698.0
FSM,"Micronesia, Fed. Sts.",East Asia & Pacific,Upper middle income,2012,2952.58709656817,38299.9992370605,107890.0
FSM,"Micronesia, Fed. Sts.",East Asia & Pacific,Upper middle income,2013,2837.15746729135,42099.9984741211,108121.0
FSM,"Micronesia, Fed. Sts.",East Asia & Pacific,Upper middle income,2014,2757.39654878889,35400.0015258789,108396.0
FSM,"Micronesia, Fed. Sts.",East Asia & Pacific,Upper middle income,2015,2869.86276169101,31200.0007629395,108716.0
FSM,"Micronesia, Fed. Sts.",East Asia & Pacific,Upper middle income,2016,2896.47282245468,29600.0003814697,109075.0
FSM,"Micronesia, Fed. Sts.",East Asia & Pacific,Upper middle income,2017,2945.60147384462,,109481.0
FSM,"Micronesia, Fed. Sts.",East Asia & Pacific,Upper middle income,2018,2946.05827846428,19200.0007629395,109909.0
FSM,"Micronesia, Fed. Sts.",East Asia & Pacific,Upper middle income,2019,3043.07718989012,18000.0,110282.0
FSM,"Micronesia, Fed. Sts.",East Asia & Pacific,Upper middle income,2020,2963.44360529022,,110916.0
FSM,"Micronesia, Fed. Sts.",East Asia & Pacific,Upper middle income,2021,3035.92251779232,,111624.0
FSM,"Micronesia, Fed. Sts.",East Asia & Pacific,Upper middle income,2022,2928.52464245951,,112114.0
FSM,"Micronesia, Fed. Sts.",East Asia & Pacific,Upper middle income,2023,2948.07720975276,,112630.0
FSM,"Micronesia, Fed. Sts.",East Asia & Pacific,Upper middle income,2024,3001.79669747008,,113160.0
GAB,Gabon,Sub-Saharan Africa,Upper middle income,1980,9182.52680219592,,748389.0
GAB,Gabon,Sub-Saharan Africa,Upper middle income,1981,9399.27026015795,,768385.0
GAB,Gabon,Sub-Saharan Africa,Upper middle income,1982,8866.93461619978,,789286.0
GAB,Gabon,Sub-Saharan Africa,Upper middle income,1983,9113.43670535789,,811005.0
GAB,Gabon,Sub-Saharan Africa,Upper middle income,1984,9533.31659324811,,833501.0
GAB,Gabon,Sub-Saharan Africa,Upper middle income,1985,9058.4995497615,,856726.0
GAB,Gabon,Sub-Saharan Africa,Upper middle income,1986,8741.05138607781,,880705.0
GAB,Gabon,Sub-Saharan Africa,Upper middle income,1987,7044.15674885946,,905479.0
GAB,Gabon,Sub-Saharan Africa,Upper middle income,1988,7730.9357484059,,931020.0
GAB,Gabon,Sub-Saharan Africa,Upper middle income,1989,8162.58240779554,,957138.0
GAB,Gabon,Sub-Saharan Africa,Upper middle income,1990,8354.26309000876,,983734.0
GAB,Gabon,Sub-Saharan Africa,Upper middle income,1991,8627.38985737905,,1010818.0
GAB,Gabon,Sub-Saharan Africa,Upper middle income,1992,8138.86821905371,,1038380.0
GAB,Gabon,Sub-Saharan Africa,Upper middle income,1993,8237.7433874389,,1066405.0
GAB,Gabon,Sub-Saharan Africa,Upper middle income,1994,8322.61010843084,,1094720.0
GAB,Gabon,Sub-Saharan Africa,Upper middle income,1995,8514.94009899596,203000.0,1123213.0
GAB,Gabon,Sub-Saharan Africa,Upper middle income,1996,8603.00813400361,217000.0,1152015.0
GAB,Gabon,Sub-Saharan Africa,Upper middle income,1997,8870.12550864019,247000.0,1181439.0
GAB,Gabon,Sub-Saharan Africa,Upper middle income,1998,8949.1211008365,274000.0,1211736.0
GAB,Gabon,Sub-Saharan Africa,Upper middle income,1999,7944.64517936466,262000.0,1243016.0
GAB,Gabon,Sub-Saharan Africa,Upper middle income,2000,7596.09970650519,230000.0,1275572.0
GAB,Gabon,Sub-Saharan Africa,Upper middle income,2001,7556.76995314898,236000.0,1309589.0
GAB,Gabon,Sub-Saharan Africa,Upper middle income,2002,7338.75620613605,269000.0,1345135.0
GAB,Gabon,Sub-Saharan Africa,Upper middle income,2003,7301.67154442842,234000.0,1382350.0
GAB,Gabon,Sub-Saharan Africa,Upper middle income,2004,7148.98713447497,351000.0,1421609.0
GAB,Gabon,Sub-Saharan Africa,Upper middle income,2005,7130.22505771754,526000.0,1463495.0
GAB,Gabon,Sub-Saharan Africa,Upper middle income,2006,6724.08148977274,,1508337.0
GAB,Gabon,Sub-Saharan Africa,Upper middle income,2007,6908.67399162999,,1556237.0
GAB,Gabon,Sub-Saharan Africa,Upper middle income,2008,6468.38523357609,,1607175.0
GAB,Gabon,Sub-Saharan Africa,Upper middle income,2009,6264.83611480154,,1661556.0
GAB,Gabon,Sub-Saharan Africa,Upper middle income,2010,6481.49612073562,,1719879.0
GAB,Gabon,Sub-Saharan Africa,Upper middle income,2011,6699.23394606512,,1781985.0
GAB,Gabon,Sub-Saharan Africa,Upper middle income,2012,6803.22668079211,,1846889.0
GAB,Gabon,Sub-Saharan Africa,Upper middle income,2013,6938.25753862236,,1913059.0
GAB,Gabon,Sub-Saharan Africa,Upper middle income,2014,6998.60545439576,,1978399.0
GAB,Gabon,Sub-Saharan Africa,Upper middle income,2015,7047.12654634355,,2040989.0
GAB,Gabon,Sub-Saharan Africa,Upper middle income,2016,6991.3251446736,,2100306.0
GAB,Gabon,Sub-Saharan Africa,Upper middle income,2017,6840.05959347802,,2156900.0
GAB,Gabon,Sub-Saharan Africa,Upper middle income,2018,6724.5961429108,,2212318.0
GAB,Gabon,Sub-Saharan Africa,Upper middle income,2019,6817.56879468764,,2267706.0
GAB,Gabon,Sub-Saharan Africa,Upper middle income,2020,6534.27966529444,,2322539.0
GAB,Gabon,Sub-Saharan Africa,Upper middle income,2021,6479.0490069252,,2376722.0
GAB,Gabon,Sub-Saharan Africa,Upper middle income,2022,6527.48207901861,,2430747.0
GAB,Gabon,Sub-Saharan Africa,Upper middle income,2023,6541.25368618042,,2484789.0
GAB,Gabon,Sub-Saharan Africa,Upper middle income,2024,6618.9868586134,,2538952.0
GBR,United Kingdom,Europe & Central Asia,High income,1980,23381.0626649925,,56314216.0
GBR,United Kingdom,Europe & Central Asia,High income,1981,23063.5915396279,,56333829.0
GBR,United Kingdom,Europe & Central Asia,High income,1982,23554.7695677663,,56313641.0
GBR,United Kingdom,Europe & Central Asia,High income,1983,24400.1538085665,,56332848.0
GBR,United Kingdom,Europe & Central Asia,High income,1984,25012.2474056338,,56422072.0
GBR,United Kingdom,Europe & Central Asia,High income,1985,25853.7914666851,,56550268.0
GBR,United Kingdom,Europe & Central Asia,High income,1986,26828.9203252802,,56681396.0
GBR,United Kingdom,Europe & Central Asia,High income,1987,27993.289860294,,56802050.0
GBR,United Kingdom,Europe & Central Asia,High income,1988,29336.7220502717,,56928327.0
GBR,United Kingdom,Europe & Central Asia,High income,1989,29928.0161928787,,57076711.0
GBR,United Kingdom,Europe & Central Asia,High income,1990,30071.2085616955,,57247586.0
GBR,United Kingdom,Europe & Central Asia,High income,1991,29590.9054053428,,57424897.0
GBR,United Kingdom,Europe & Central Asia,High income,1992,29893.0776793743,,57580402.0
GBR,United Kingdom,Europe & Central Asia,High income,1993,30862.4118121654,,57718614.0
GBR,United Kingdom,Europe & Central Asia,High income,1994,32308.7952722115,,57865745.0
GBR,United Kingdom,Europe & Central Asia,High income,1995,33362.0161272507,23537000.0,58019030.0
GBR,United Kingdom,Europe & Central Asia,High income,1996,34147.3459054033,25163000.0,58166950.0
GBR,United Kingdom,Europe & Central Asia,High income,1997,35721.6105928791,25515000.0,58316954.0
GBR,United Kingdom,Europe & Central Asia,High income,1998,36773.9287790406,25745000.0,58487141.0
GBR,United Kingdom,Europe & Central Asia,High income,1999,37730.7155591161,25394000.0,58682466.0
GBR,United Kingdom,Europe & Central Asia,High income,2000,39297.1366317267,25209000.0,58892514.0
GBR,United Kingdom,Europe & Central Asia,High income,2001,40082.1359356822,22835000.0,59119673.0
GBR,United Kingdom,Europe & Central Asia,High income,2002,40594.932929345,24180000.0,59370479.0
GBR,United Kingdom,Europe & Central Asia,High income,2003,41706.8303930126,24715000.0,59647577.0
GBR,United Kingdom,Europe & Central Asia,High income,2004,42434.8209023638,27755000.0,59987905.0
GBR,United Kingdom,Europe & Central Asia,High income,2005,43320.5628684438,29970000.0,60401206.0
GBR,United Kingdom,Europe & Central Asia,High income,2006,43944.9985799069,32713000.0,60846820.0
GBR,United Kingdom,Europe & Central Asia,High income,2007,44882.141312304,32778000.0,61322463.0
GBR,United Kingdom,Europe & Central Asia,High income,2008,44508.2874631479,31888000.0,61806995.0
GBR,United Kingdom,Europe & Central Asia,High income,2009,42146.5095879962,31072000.0,62276270.0
GBR,United Kingdom,Europe & Central Asia,High income,2010,42762.720840223,30398000.0,62766365.0
GBR,United Kingdom,Europe & Central Asia,High income,2011,42791.0934313474,31886000.0,63258810.0
GBR,United Kingdom,Europe & Central Asia,High income,2012,43136.7006795996,32221000.0,63711000.0
GBR,United Kingdom,Europe & Central Asia,High income,2013,43585.8731772281,33567000.0,64138000.0
GBR,United Kingdom,Europe & Central Asia,High income,2014,44628.5724578217,35337000.0,64619000.0
GBR,United Kingdom,Europe & Central Asia,High income,2015,45256.040227057,36792000.0,65087000.0
GBR,United Kingdom,Europe & Central Asia,High income,2016,45888.7099614563,39129000.0,65606000.0
GBR,United Kingdom,Europe & Central Asia,High income,2017,47019.4510419999,41080000.0,65964000.0
GBR,United Kingdom,Europe & Central Asia,High income,2018,47516.2099770322,40283000.0,66287000.0
GBR,United Kingdom,Europe & Central Asia,High income,2019,47866.9140354078,40857000.0,66628000.0
GBR,United Kingdom,Europe & Central Asia,High income,2020,42985.0392148248,11101000.0,66740000.0
GBR,United Kingdom,Europe & Central Asia,High income,2021,46491.5068836685,,66978000.0
GBR,United Kingdom,Europe & Central Asia,High income,2022,48410.095170282,,67636000.0
GBR,United Kingdom,Europe & Central Asia,High income,2023,47911.1540134832,,68526000.0
GBR,United Kingdom,Europe & Central Asia,High income,2024,47900.9680144146,,69281000.0
GEO,Georgia,Europe & Central Asia,Upper middle income,1980,3948.86535079512,,4467700.0
GEO,Georgia,Europe & Central Asia,Upper middle income,1981,4122.87659127008,,4504500.0
GEO,Georgia,Europe & Central Asia,Upper middle income,1982,4169.97924413232,,4542800.0
GEO,Georgia,Europe & Central Asia,Upper middle income,1983,4311.29871587326,,4582900.0
GEO,Georgia,Europe & Central Asia,Upper middle income,1984,4506.66813674822,,4622200.0
GEO,Georgia,Europe & Central Asia,Upper middle income,1985,4688.0718652506,,4662900.0
GEO,Georgia,Europe & Central Asia,Upper middle income,1986,4266.72494637357,,4704500.0
GEO,Georgia,Europe & Central Asia,Upper middle income,1987,4285.87259530389,,4743500.0
GEO,Georgia,Europe & Central Asia,Upper middle income,1988,4479.40018281131,,4790700.0
GEO,Georgia,Europe & Central Asia,Upper middle income,1989,4146.2568079811,,4803300.0
GEO,Georgia,Europe & Central Asia,Upper middle income,1990,3534.03227732782,,4802000.0
GEO,Georgia,Europe & Central Asia,Upper middle income,1991,2768.81016089293,,4835900.0
GEO,Georgia,Europe & Central Asia,Upper middle income,1992,1513.85017404463,,4873500.0
GEO,Georgia,Europe & Central Asia,Upper middle income,1993,1062.09528080207,,4911100.0
GEO,Georgia,Europe & Central Asia,Upper middle income,1994,966.419596225484,,4836076.0
GEO,Georgia,Europe & Central Asia,Upper middle income,1995,1029.48054628347,85000.0,4657722.0
GEO,Georgia,Europe & Central Asia,Upper middle income,1996,1187.123206219,117000.0,4491699.0
GEO,Georgia,Europe & Central Asia,Upper middle income,1997,1354.78352202066,313000.0,4349913.0
GEO,Georgia,Europe & Central Asia,Upper middle income,1998,1431.79336069224,317000.0,4243607.0
GEO,Georgia,Europe & Central Asia,Upper middle income,1999,1503.46298776734,384000.0,4157192.0
GEO,Georgia,Europe & Central Asia,Upper middle income,2000,1561.19867638847,387000.0,4077131.0
GEO,Georgia,Europe & Central Asia,Upper middle income,2001,1661.83019106421,302000.0,4014373.0
GEO,Georgia,Europe & Central Asia,Upper middle income,2002,1768.5970116888,298000.0,3978515.0
GEO,Georgia,Europe & Central Asia,Upper middle income,2003,1977.46143338741,313000.0,3951736.0
GEO,Georgia,Europe & Central Asia,Upper middle income,2004,2105.00472843799,368000.0,3927340.0
GEO,Georgia,Europe & Central Asia,Upper middle income,2005,2321.60084285163,560000.0,3902469.0
GEO,Georgia,Europe & Central Asia,Upper middle income,2006,2554.81253503914,983000.0,3880347.0
GEO,Georgia,Europe & Central Asia,Upper middle income,2007,2891.13702331846,1052000.0,3860158.0
GEO,Georgia,Europe & Central Asia,Upper middle income,2008,2970.15858282428,1290000.0,3848449.0
GEO,Georgia,Europe & Central Asia,Upper middle income,2009,2887.25607935922,1500000.0,3814419.0
GEO,Georgia,Europe & Central Asia,Upper middle income,2010,3090.06513662318,2032000.0,3786695.0
GEO,Georgia,Europe & Central Asia,Upper middle income,2011,3362.1030031968,2712000.0,3756441.0
GEO,Georgia,Europe & Central Asia,Upper middle income,2012,3609.780798626,4106000.0,3728874.0
GEO,Georgia,Europe & Central Asia,Upper middle income,2013,3806.50600649051,4954000.0,3717668.0
GEO,Georgia,Europe & Central Asia,Upper middle income,2014,3960.35080091901,5004000.0,3719414.0
GEO,Georgia,Europe & Central Asia,Upper middle income,2015,4086.6223465965,5256000.0,3725276.0
GEO,Georgia,Europe & Central Asia,Upper middle income,2016,4225.09154904806,5393000.0,3727505.0
GEO,Georgia,Europe & Central Asia,Upper middle income,2017,4442.50744127374,6483000.0,3728004.0
GEO,Georgia,Europe & Central Asia,Upper middle income,2018,4713.65354845303,7203000.0,3726549.0
GEO,Georgia,Europe & Central Asia,Upper middle income,2019,4975.81148194814,7726000.0,3720161.0
GEO,Georgia,Europe & Central Asia,Upper middle income,2020,4659.60925318234,1513000.0,3722716.0
GEO,Georgia,Europe & Central Asia,Upper middle income,2021,5175.19865185825,,3708610.0
GEO,Georgia,Europe & Central Asia,Upper middle income,2022,5736.30449578597,,3712502.0
GEO,Georgia,Europe & Central Asia,Upper middle income,2023,6180.6206023429,,3715483.0
GEO,Georgia,Europe & Central Asia,Upper middle income,2024,6606.35772271858,,3812518.0
GHA,Ghana,Sub-Saharan Africa,Lower middle income,1980,891.578049368905,,11941448.0
GHA,Ghana,Sub-Saharan Africa,Lower middle income,1981,836.509660283615,,12281712.0
GHA,Ghana,Sub-Saharan Africa,Lower middle income,1982,756.294499573179,,12643819.0
GHA,Ghana,Sub-Saharan Africa,Lower middle income,1983,700.396045771895,,13029836.0
GHA,Ghana,Sub-Saharan Africa,Lower middle income,1984,741.569874205891,,13370590.0
GHA,Ghana,Sub-Saharan Africa,Lower middle income,1985,762.747783660855,,13661229.0
GHA,Ghana,Sub-Saharan Africa,Lower middle income,1986,784.937923659407,,13965217.0
GHA,Ghana,Sub-Saharan Africa,Lower middle income,1987,803.929610179043,,14289108.0
GHA,Ghana,Sub-Saharan Africa,Lower middle income,1988,829.017387585837,,14636568.0
GHA,Ghana,Sub-Saharan Africa,Lower middle income,1989,849.686579158456,,15006813.0
GHA,Ghana,Sub-Saharan Africa,Lower middle income,1990,855.85250708181,,15394648.0
GHA,Ghana,Sub-Saharan Africa,Lower middle income,1991,878.63570406594,,15787496.0
GHA,Ghana,Sub-Saharan Africa,Lower middle income,1992,890.313174799419,,16184855.0
GHA,Ghana,Sub-Saharan Africa,Lower middle income,1993,910.722897752222,,16589519.0
GHA,Ghana,Sub-Saharan Africa,Lower middle income,1994,918.428722656692,,16993190.0
GHA,Ghana,Sub-Saharan Africa,Lower middle income,1995,933.895311664356,286000.0,17399017.0
GHA,Ghana,Sub-Saharan Africa,Lower middle income,1996,954.325387944775,305000.0,17810181.0
GHA,Ghana,Sub-Saharan Africa,Lower middle income,1997,970.995739362631,325000.0,18238958.0
GHA,Ghana,Sub-Saharan Africa,Lower middle income,1998,992.20631798932,348000.0,18688036.0
GHA,Ghana,Sub-Saharan Africa,Lower middle income,1999,1010.88194916348,373000.0,19149864.0
GHA,Ghana,Sub-Saharan Africa,Lower middle income,2000,1022.27520714566,399000.0,19637087.0
GHA,Ghana,Sub-Saharan Africa,Lower middle income,2001,1035.22666053257,439000.0,20167069.0
GHA,Ghana,Sub-Saharan Africa,Lower middle income,2002,1052.46591644399,483000.0,20729388.0
GHA,Ghana,Sub-Saharan Africa,Lower middle income,2003,1077.69990866645,531000.0,21296705.0
GHA,Ghana,Sub-Saharan Africa,Lower middle income,2004,1108.30475353633,584000.0,21868298.0
GHA,Ghana,Sub-Saharan Africa,Lower middle income,2005,1143.31178934301,429000.0,22449438.0
GHA,Ghana,Sub-Saharan Africa,Lower middle income,2006,1185.26570738595,497000.0,23040702.0
GHA,Ghana,Sub-Saharan Africa,Lower middle income,2007,1205.31705804209,587000.0,23642279.0
GHA,Ghana,Sub-Saharan Africa,Lower middle income,2008,1282.63416886747,698000.0,24249946.0
GHA,Ghana,Sub-Saharan Africa,Lower middle income,2009,1311.63053760125,803000.0,24862664.0
GHA,Ghana,Sub-Saharan Africa,Lower middle income,2010,1381.2279503506,931000.0,25474995.0
GHA,Ghana,Sub-Saharan Africa,Lower middle income,2011,1537.81834019283,821000.0,26095088.0
GHA,Ghana,Sub-Saharan Africa,Lower middle income,2012,1640.54072088003,903000.0,26734268.0
GHA,Ghana,Sub-Saharan Africa,Lower middle income,2013,1718.59704769958,994000.0,27386193.0
GHA,Ghana,Sub-Saharan Africa,Lower middle income,2014,1726.36930134647,825000.0,28041592.0
GHA,Ghana,Sub-Saharan Africa,Lower middle income,2015,1722.77282833606,897000.0,28696068.0
GHA,Ghana,Sub-Saharan Africa,Lower middle income,2016,1740.81101902928,,29356742.0
GHA,Ghana,Sub-Saharan Africa,Lower middle income,2017,1841.44636153249,,30008354.0
GHA,Ghana,Sub-Saharan Africa,Lower middle income,2018,1915.4532323781,,30637585.0
GHA,Ghana,Sub-Saharan Africa,Lower middle income,2019,1999.55372220211,,31258945.0
GHA,Ghana,Sub-Saharan Africa,Lower middle income,2020,1970.19411460398,,31887809.0
GHA,Ghana,Sub-Saharan Africa,Lower middle income,2021,2030.04866500967,,32518665.0
GHA,Ghana,Sub-Saharan Africa,Lower middle income,2022,2067.20895855521,,33149152.0
GHA,Ghana,Sub-Saharan Africa,Lower middle income,2023,2091.81335596465,,33787914.0
GHA,Ghana,Sub-Saharan Africa,Lower middle income,2024,2173.00329800201,,34427414.0
GIB,Gibraltar,Europe & Central Asia,High income,1980,,,28675.0
GIB,Gibraltar,Europe & Central Asia,High income,1981,,,28740.0
GIB,Gibraltar,Europe & Central Asia,High income,1982,,,28765.0
GIB,Gibraltar,Europe & Central Asia,High income,1983,,,28733.0
GIB,Gibraltar,Europe & Central Asia,High income,1984,,,28643.0
GIB,Gibraltar,Europe & Central Asia,High income,1985,,,28512.0
GIB,Gibraltar,Europe & Central Asia,High income,1986,,,28328.0
GIB,Gibraltar,Europe & Central Asia,High income,1987,,,28096.0
GIB,Gibraltar,Europe & Central Asia,High income,1988,,,27839.0
GIB,Gibraltar,Europe & Central Asia,High income,1989,,,27544.0
GIB,Gibraltar,Europe & Central Asia,High income,1990,,,27200.0
GIB,Gibraltar,Europe & Central Asia,High income,1991,,,26898.0
GIB,Gibraltar,Europe & Central Asia,High income,1992,,,26878.0
GIB,Gibraltar,Europe & Central Asia,High income,1993,,,27070.0
GIB,Gibraltar,Europe & Central Asia,High income,1994,,,27239.0
GIB,Gibraltar,Europe & Central Asia,High income,1995,,,27377.0
GIB,Gibraltar,Europe & Central Asia,High income,1996,,,27487.0
GIB,Gibraltar,Europe & Central Asia,High income,1997,,,27582.0
GIB,Gibraltar,Europe & Central Asia,High income,1998,,,27650.0
GIB,Gibraltar,Europe & Central Asia,High income,1999,,,27692.0
GIB,Gibraltar,Europe & Central Asia,High income,2000,,,27709.0
GIB,Gibraltar,Europe & Central Asia,High income,2001,,,27657.0
GIB,Gibraltar,Europe & Central Asia,High income,2002,,,27831.0
GIB,Gibraltar,Europe & Central Asia,High income,2003,,,28274.0
GIB,Gibraltar,Europe & Central Asia,High income,2004,,,28715.0
GIB,Gibraltar,Europe & Central Asia,High income,2005,,,29163.0
GIB,Gibraltar,Europe & Central Asia,High income,2006,,,29594.0
GIB,Gibraltar,Europe & Central Asia,High income,2007,,,30006.0
GIB,Gibraltar,Europe & Central Asia,High income,2008,,,30413.0
GIB,Gibraltar,Europe & Central Asia,High income,2009,,,30823.0
GIB,Gibraltar,Europe & Central Asia,High income,2010,,,31248.0
GIB,Gibraltar,Europe & Central Asia,High income,2011,,,31660.0
GIB,Gibraltar,Europe & Central Asia,High income,2012,,,32029.0
GIB,Gibraltar,Europe & Central Asia,High income,2013,,,32407.0
GIB,Gibraltar,Europe & Central Asia,High income,2014,,,32813.0
GIB,Gibraltar,Europe & Central Asia,High income,2015,,,33193.0
GIB,Gibraltar,Europe & Central Asia,High income,2016,,,33658.0
GIB,Gibraltar,Europe & Central Asia,High income,2017,,,34245.0
GIB,Gibraltar,Europe & Central Asia,High income,2018,,,34854.0
GIB,Gibraltar,Europe & Central Asia,High income,2019,,,35494.0
GIB,Gibraltar,Europe & Central Asia,High income,2020,,,36173.0
GIB,Gibraltar,Europe & Central Asia,High income,2021,,,36858.0
GIB,Gibraltar,Europe & Central Asia,High income,2022,,,37609.0
GIB,Gibraltar,Europe & Central Asia,High income,2023,,,38471.0
GIB,Gibraltar,Europe & Central Asia,High income,2024,,,39329.0
GIN,Guinea,Sub-Saharan Africa,Lower middle income,1980,515.075498240815,,5047419.0
GIN,Guinea,Sub-Saharan Africa,Lower middle income,1981,508.556746994401,,5143288.0
GIN,Guinea,Sub-Saharan Africa,Lower middle income,1982,507.412755095438,,5247672.0
GIN,Guinea,Sub-Saharan Africa,Lower middle income,1983,503.254700009446,,5359814.0
GIN,Guinea,Sub-Saharan Africa,Lower middle income,1984,499.099790230844,,5480096.0
GIN,Guinea,Sub-Saharan Africa,Lower middle income,1985,511.885502734728,,5610373.0
GIN,Guinea,Sub-Saharan Africa,Lower middle income,1986,514.948827108147,,5750668.0
GIN,Guinea,Sub-Saharan Africa,Lower middle income,1987,518.460706253598,,5900198.0
GIN,Guinea,Sub-Saharan Africa,Lower middle income,1988,536.935142790771,,6056574.0
GIN,Guinea,Sub-Saharan Africa,Lower middle income,1989,544.125289836889,,6215811.0
GIN,Guinea,Sub-Saharan Africa,Lower middle income,1990,548.371534819426,,6434374.0
GIN,Guinea,Sub-Saharan Africa,Lower middle income,1991,540.622747465388,,6697166.0
GIN,Guinea,Sub-Saharan Africa,Lower middle income,1992,540.768238017649,,6914366.0
GIN,Guinea,Sub-Saharan Africa,Lower middle income,1993,551.006742654772,,7128177.0
GIN,Guinea,Sub-Saharan Africa,Lower middle income,1994,555.962782286148,,7345107.0
GIN,Guinea,Sub-Saharan Africa,Lower middle income,1995,565.553359749505,,7553249.0
GIN,Guinea,Sub-Saharan Africa,Lower middle income,1996,574.302865750492,12000.0,7770035.0
GIN,Guinea,Sub-Saharan Africa,Lower middle income,1997,591.77353015526,17000.0,7931370.0
GIN,Guinea,Sub-Saharan Africa,Lower middle income,1998,601.907993085373,23000.0,8081990.0
GIN,Guinea,Sub-Saharan Africa,Lower middle income,1999,611.007685844967,27000.0,8265123.0
GIN,Guinea,Sub-Saharan Africa,Lower middle income,2000,614.137235083638,33000.0,8428832.0
GIN,Guinea,Sub-Saharan Africa,Lower middle income,2001,628.320554864936,38000.0,8539960.0
GIN,Guinea,Sub-Saharan Africa,Lower middle income,2002,650.554963973291,43000.0,8674066.0
GIN,Guinea,Sub-Saharan Africa,Lower middle income,2003,644.071217908894,44000.0,8870781.0
GIN,Guinea,Sub-Saharan Africa,Lower middle income,2004,645.182843390689,45000.0,9062726.0
GIN,Guinea,Sub-Saharan Africa,Lower middle income,2005,651.359606871604,45000.0,9245844.0
GIN,Guinea,Sub-Saharan Africa,Lower middle income,2006,645.472001923653,46099.9984741211,9441171.0
GIN,Guinea,Sub-Saharan Africa,Lower middle income,2007,673.698997420626,30000.0,9662281.0
GIN,Guinea,Sub-Saharan Africa,Lower middle income,2008,684.775780377366,24000.0,9898870.0
GIN,Guinea,Sub-Saharan Africa,Lower middle income,2009,660.756701330284,,10143534.0
GIN,Guinea,Sub-Saharan Africa,Lower middle income,2010,675.736917327708,12399.9996185303,10396086.0
GIN,Guinea,Sub-Saharan Africa,Lower middle income,2011,696.199991395571,131000.0,10656810.0
GIN,Guinea,Sub-Saharan Africa,Lower middle income,2012,719.505916794546,96000.0,10921581.0
GIN,Guinea,Sub-Saharan Africa,Lower middle income,2013,729.833143236326,56000.0,11191873.0
GIN,Guinea,Sub-Saharan Africa,Lower middle income,2014,738.272274481308,33000.0,11472924.0
GIN,Guinea,Sub-Saharan Africa,Lower middle income,2015,747.356966759448,35000.0,11767070.0
GIN,Guinea,Sub-Saharan Africa,Lower middle income,2016,807.236421043888,63000.0,12073030.0
GIN,Guinea,Sub-Saharan Africa,Lower middle income,2017,867.907502577607,99000.0,12385659.0
GIN,Guinea,Sub-Saharan Africa,Lower middle income,2018,899.907328045175,,12704774.0
GIN,Guinea,Sub-Saharan Africa,Lower middle income,2019,926.42221954853,,13034346.0
GIN,Guinea,Sub-Saharan Africa,Lower middle income,2020,945.570903389665,,13371183.0
GIN,Guinea,Sub-Saharan Africa,Lower middle income,2021,973.646890096159,,13710513.0
GIN,Guinea,Sub-Saharan Africa,Lower middle income,2022,987.502501465337,,14055137.0
GIN,Guinea,Sub-Saharan Africa,Lower middle income,2023,1016.88094800324,,14405468.0
GIN,Guinea,Sub-Saharan Africa,Lower middle income,2024,1045.92207475792,,14754785.0
GMB,"Gambia, The",Sub-Saharan Africa,Low income,1980,682.144429383382,,713913.0
GMB,"Gambia, The",Sub-Saharan Africa,Low income,1981,680.763235791179,,739125.0
GMB,"Gambia, The",Sub-Saharan Africa,Low income,1982,652.066636208096,,765753.0
GMB,"Gambia, The",Sub-Saharan Africa,Low income,1983,696.849478073282,,794525.0
GMB,"Gambia, The",Sub-Saharan Africa,Low income,1984,694.302648852541,,825631.0
GMB,"Gambia, The",Sub-Saharan Africa,Low income,1985,662.008143550023,,858874.0
GMB,"Gambia, The",Sub-Saharan Africa,Low income,1986,662.002325492942,,894019.0
GMB,"Gambia, The",Sub-Saharan Africa,Low income,1987,651.245092357426,,931091.0
GMB,"Gambia, The",Sub-Saharan Africa,Low income,1988,653.000030965074,,970160.0
GMB,"Gambia, The",Sub-Saharan Africa,Low income,1989,663.331309889547,,1011357.0
GMB,"Gambia, The",Sub-Saharan Africa,Low income,1990,658.711165332156,,1054696.0
GMB,"Gambia, The",Sub-Saharan Africa,Low income,1991,651.229615381431,,1099959.0
GMB,"Gambia, The",Sub-Saharan Africa,Low income,1992,646.421031932611,,1145582.0
GMB,"Gambia, The",Sub-Saharan Africa,Low income,1993,641.918738488002,,1188365.0
GMB,"Gambia, The",Sub-Saharan Africa,Low income,1994,622.551318791124,,1227226.0
GMB,"Gambia, The",Sub-Saharan Africa,Low income,1995,609.618491441846,45000.0,1264313.0
GMB,"Gambia, The",Sub-Saharan Africa,Low income,1996,605.40992484126,77000.0,1301410.0
GMB,"Gambia, The",Sub-Saharan Africa,Low income,1997,617.297597679527,85000.0,1338889.0
GMB,"Gambia, The",Sub-Saharan Africa,Low income,1998,621.226058231623,91000.0,1376987.0
GMB,"Gambia, The",Sub-Saharan Africa,Low income,1999,642.873705091153,96000.0,1415779.0
GMB,"Gambia, The",Sub-Saharan Africa,Low income,2000,659.911237641141,79000.0,1455084.0
GMB,"Gambia, The",Sub-Saharan Africa,Low income,2001,679.539755947951,57000.0,1495011.0
GMB,"Gambia, The",Sub-Saharan Africa,Low income,2002,640.03893213613,81000.0,1535691.0
GMB,"Gambia, The",Sub-Saharan Africa,Low income,2003,665.834222326194,89000.0,1577611.0
GMB,"Gambia, The",Sub-Saharan Africa,Low income,2004,693.563314497133,90000.0,1621312.0
GMB,"Gambia, The",Sub-Saharan Africa,Low income,2005,658.676285443081,108000.0,1667037.0
GMB,"Gambia, The",Sub-Saharan Africa,Low income,2006,636.596026908866,125000.0,1715275.0
GMB,"Gambia, The",Sub-Saharan Africa,Low income,2007,637.20930597537,143000.0,1765774.0
GMB,"Gambia, The",Sub-Saharan Africa,Low income,2008,657.675679192228,147000.0,1817852.0
GMB,"Gambia, The",Sub-Saharan Africa,Low income,2009,681.433469086571,142000.0,1871422.0
GMB,"Gambia, The",Sub-Saharan Africa,Low income,2010,701.014524591061,91000.0,1926630.0
GMB,"Gambia, The",Sub-Saharan Africa,Low income,2011,625.464360270983,106000.0,1983784.0
GMB,"Gambia, The",Sub-Saharan Africa,Low income,2012,639.139881889048,157000.0,2043094.0
GMB,"Gambia, The",Sub-Saharan Africa,Low income,2013,638.522368532214,171000.0,2103820.0
GMB,"Gambia, The",Sub-Saharan Africa,Low income,2014,611.879472952196,156000.0,2164528.0
GMB,"Gambia, The",Sub-Saharan Africa,Low income,2015,619.536364296461,449000.0,2224529.0
GMB,"Gambia, The",Sub-Saharan Africa,Low income,2016,615.193365494386,450000.0,2283769.0
GMB,"Gambia, The",Sub-Saharan Africa,Low income,2017,628.777299272925,522000.0,2342189.0
GMB,"Gambia, The",Sub-Saharan Africa,Low income,2018,658.127833258563,552000.0,2399632.0
GMB,"Gambia, The",Sub-Saharan Africa,Low income,2019,682.797642940426,620000.0,2456844.0
GMB,"Gambia, The",Sub-Saharan Africa,Low income,2020,670.758642891251,246000.0,2515733.0
GMB,"Gambia, The",Sub-Saharan Africa,Low income,2021,689.49323955737,,2576010.0
GMB,"Gambia, The",Sub-Saharan Africa,Low income,2022,710.686979216316,,2636470.0
GMB,"Gambia, The",Sub-Saharan Africa,Low income,2023,735.612384062616,,2697845.0
GMB,"Gambia, The",Sub-Saharan Africa,Low income,2024,758.965888826955,,2759988.0
GNB,Guinea-Bissau,Sub-Saharan Africa,Low income,1980,411.228191061056,,829303.0
GNB,Guinea-Bissau,Sub-Saharan Africa,Low income,1981,478.365016394864,,842432.0
GNB,Guinea-Bissau,Sub-Saharan Africa,Low income,1982,490.618441344467,,855891.0
GNB,Guinea-Bissau,Sub-Saharan Africa,Low income,1983,466.478485144929,,869592.0
GNB,Guinea-Bissau,Sub-Saharan Africa,Low income,1984,500.948088022197,,883519.0
GNB,Guinea-Bissau,Sub-Saharan Africa,Low income,1985,513.578560199997,,897697.0
GNB,Guinea-Bissau,Sub-Saharan Africa,Low income,1986,501.441680283283,,912126.0
GNB,Guinea-Bissau,Sub-Saharan Africa,Low income,1987,507.779967171681,,926862.0
GNB,Guinea-Bissau,Sub-Saharan Africa,Low income,1988,522.568587226461,,942061.0
GNB,Guinea-Bissau,Sub-Saharan Africa,Low income,1989,545.340640363452,,957789.0
GNB,Guinea-Bissau,Sub-Saharan Africa,Low income,1990,569.169670374215,,973669.0
GNB,Guinea-Bissau,Sub-Saharan Africa,Low income,1991,585.58551396824,,994639.0
GNB,Guinea-Bissau,Sub-Saharan Africa,Low income,1992,574.852002556155,,1024356.0
GNB,Guinea-Bissau,Sub-Saharan Africa,Low income,1993,567.860072938098,,1058745.0
GNB,Guinea-Bissau,Sub-Saharan Africa,Low income,1994,568.168871993007,,1092031.0
GNB,Guinea-Bissau,Sub-Saharan Africa,Low income,1995,578.381849917403,,1119949.0
GNB,Guinea-Bissau,Sub-Saharan Africa,Low income,1996,632.160906920913,,1143535.0
GNB,Guinea-Bissau,Sub-Saharan Africa,Low income,1997,660.537774707954,,1165545.0
GNB,Guinea-Bissau,Sub-Saharan Africa,Low income,1998,502.81554020706,,1187473.0
GNB,Guinea-Bissau,Sub-Saharan Africa,Low income,1999,576.330795296558,,1210206.0
GNB,Guinea-Bissau,Sub-Saharan Africa,Low income,2000,571.094015178625,,1234741.0
GNB,Guinea-Bissau,Sub-Saharan Africa,Low income,2001,585.837980688333,7800.00019073486,1261273.0
GNB,Guinea-Bissau,Sub-Saharan Africa,Low income,2002,594.040535151552,,1289307.0
GNB,Guinea-Bissau,Sub-Saharan Africa,Low income,2003,579.092506821836,,1318806.0
GNB,Guinea-Bissau,Sub-Saharan Africa,Low income,2004,572.526464627294,,1349563.0
GNB,Guinea-Bissau,Sub-Saharan Africa,Low income,2005,595.94255560187,5000.0,1381585.0
GNB,Guinea-Bissau,Sub-Saharan Africa,Low income,2006,597.257151722046,11600.0003814697,1415303.0
GNB,Guinea-Bissau,Sub-Saharan Africa,Low income,2007,597.482020935948,15600.0003814697,1450986.0
GNB,Guinea-Bissau,Sub-Saharan Africa,Low income,2008,608.958620496925,18000.0,1488054.0
GNB,Guinea-Bissau,Sub-Saharan Africa,Low income,2009,608.202131879882,16000.0,1526377.0
GNB,Guinea-Bissau,Sub-Saharan Africa,Low income,2010,625.904027290582,22299.9992370605,1566347.0
GNB,Guinea-Bissau,Sub-Saharan Africa,Low income,2011,658.953470528116,36700.0007629395,1608076.0
GNB,Guinea-Bissau,Sub-Saharan Africa,Low income,2012,630.66862302825,35400.0015258789,1651417.0
GNB,Guinea-Bissau,Sub-Saharan Africa,Low income,2013,634.095456089352,35500.0,1695973.0
GNB,Guinea-Bissau,Sub-Saharan Africa,Low income,2014,623.610159103365,36099.9984741211,1741122.0
GNB,Guinea-Bissau,Sub-Saharan Africa,Low income,2015,645.066837207039,43799.9992370605,1786457.0
GNB,Guinea-Bissau,Sub-Saharan Africa,Low income,2016,663.242608032005,45200.0007629395,1831893.0
GNB,Guinea-Bissau,Sub-Saharan Africa,Low income,2017,677.466131311367,49500.0,1877072.0
GNB,Guinea-Bissau,Sub-Saharan Africa,Low income,2018,686.456819839526,55000.0,1922168.0
GNB,Guinea-Bissau,Sub-Saharan Africa,Low income,2019,706.298562874985,52400.0015258789,1967696.0
GNB,Guinea-Bissau,Sub-Saharan Africa,Low income,2020,710.275830755611,,2013255.0
GNB,Guinea-Bissau,Sub-Saharan Africa,Low income,2021,729.396882757942,,2058841.0
GNB,Guinea-Bissau,Sub-Saharan Africa,Low income,2022,752.149255217249,,2105529.0
GNB,Guinea-Bissau,Sub-Saharan Africa,Low income,2023,769.504652461795,,2153339.0
GNB,Guinea-Bissau,Sub-Saharan Africa,Low income,2024,785.91021956464,,2201352.0
GNQ,Equatorial Guinea,Sub-Saharan Africa,Upper middle income,1980,457.608857542671,,288644.0
GNQ,Equatorial Guinea,Sub-Saharan Africa,Upper middle income,1981,460.694903212463,,303252.0
GNQ,Equatorial Guinea,Sub-Saharan Africa,Upper middle income,1982,443.126779908143,,322216.0
GNQ,Equatorial Guinea,Sub-Saharan Africa,Upper middle income,1983,436.571815905833,,343421.0
GNQ,Equatorial Guinea,Sub-Saharan Africa,Upper middle income,1984,415.030661056574,,364899.0
GNQ,Equatorial Guinea,Sub-Saharan Africa,Upper middle income,1985,443.495676350693,,385547.0
GNQ,Equatorial Guinea,Sub-Saharan Africa,Upper middle income,1986,412.631312540002,,404728.0
GNQ,Equatorial Guinea,Sub-Saharan Africa,Upper middle income,1987,412.790221907507,,422522.0
GNQ,Equatorial Guinea,Sub-Saharan Africa,Upper middle income,1988,407.241360186669,,439651.0
GNQ,Equatorial Guinea,Sub-Saharan Africa,Upper middle income,1989,387.128291910418,,456808.0
GNQ,Equatorial Guinea,Sub-Saharan Africa,Upper middle income,1990,366.314404747023,,474274.0
GNQ,Equatorial Guinea,Sub-Saharan Africa,Upper middle income,1991,349.352882285968,,492217.0
GNQ,Equatorial Guinea,Sub-Saharan Africa,Upper middle income,1992,453.637813917068,,510770.0
GNQ,Equatorial Guinea,Sub-Saharan Africa,Upper middle income,1993,485.392231712925,,530023.0
GNQ,Equatorial Guinea,Sub-Saharan Africa,Upper middle income,1994,545.595470854948,,550138.0
GNQ,Equatorial Guinea,Sub-Saharan Africa,Upper middle income,1995,617.294826128754,,571264.0
GNQ,Equatorial Guinea,Sub-Saharan Africa,Upper middle income,1996,989.777266733629,,593492.0
GNQ,Equatorial Guinea,Sub-Saharan Africa,Upper middle income,1997,2380.32106827232,,616893.0
GNQ,Equatorial Guinea,Sub-Saharan Africa,Upper middle income,1998,2833.33184629343,,641474.0
GNQ,Equatorial Guinea,Sub-Saharan Africa,Upper middle income,1999,3423.12126162912,,667214.0
GNQ,Equatorial Guinea,Sub-Saharan Africa,Upper middle income,2000,3839.08642737128,,703279.0
GNQ,Equatorial Guinea,Sub-Saharan Africa,Upper middle income,2001,5882.85050306586,,749836.0
GNQ,Equatorial Guinea,Sub-Saharan Africa,Upper middle income,2002,6604.0054631081,,797957.0
GNQ,Equatorial Guinea,Sub-Saharan Africa,Upper middle income,2003,7082.65489186921,,847862.0
GNQ,Equatorial Guinea,Sub-Saharan Africa,Upper middle income,2004,9208.60566707162,,899917.0
GNQ,Equatorial Guinea,Sub-Saharan Africa,Upper middle income,2005,10212.4545051498,,947367.0
GNQ,Equatorial Guinea,Sub-Saharan Africa,Upper middle income,2006,10521.9996774827,,990343.0
GNQ,Equatorial Guinea,Sub-Saharan Africa,Upper middle income,2007,11594.9172068456,,1036044.0
GNQ,Equatorial Guinea,Sub-Saharan Africa,Upper middle income,2008,13048.0703050168,,1084530.0
GNQ,Equatorial Guinea,Sub-Saharan Africa,Upper middle income,2009,12627.862381545,,1135673.0
GNQ,Equatorial Guinea,Sub-Saharan Africa,Upper middle income,2010,10984.3243932426,,1189085.0
GNQ,Equatorial Guinea,Sub-Saharan Africa,Upper middle income,2011,11203.9073679091,,1241835.0
GNQ,Equatorial Guinea,Sub-Saharan Africa,Upper middle income,2012,11650.7196270884,,1293483.0
GNQ,Equatorial Guinea,Sub-Saharan Africa,Upper middle income,2013,10731.6455729191,,1346218.0
GNQ,Equatorial Guinea,Sub-Saharan Africa,Upper middle income,2014,10363.4872473549,,1399828.0
GNQ,Equatorial Guinea,Sub-Saharan Africa,Upper middle income,2015,9068.91003238645,,1453923.0
GNQ,Equatorial Guinea,Sub-Saharan Africa,Upper middle income,2016,7971.83401904573,,1508186.0
GNQ,Equatorial Guinea,Sub-Saharan Africa,Upper middle income,2017,7259.10936454803,,1562396.0
GNQ,Equatorial Guinea,Sub-Saharan Africa,Upper middle income,2018,6578.90039765711,,1616422.0
GNQ,Equatorial Guinea,Sub-Saharan Africa,Upper middle income,2019,6018.12066321865,,1670177.0
GNQ,Equatorial Guinea,Sub-Saharan Africa,Upper middle income,2020,5575.26241511492,,1716468.0
GNQ,Equatorial Guinea,Sub-Saharan Africa,Upper middle income,2021,5487.92479201992,,1758786.0
GNQ,Equatorial Guinea,Sub-Saharan Africa,Upper middle income,2022,5524.24312418579,,1803545.0
GNQ,Equatorial Guinea,Sub-Saharan Africa,Upper middle income,2023,4992.26076814571,,1847549.0
GNQ,Equatorial Guinea,Sub-Saharan Africa,Upper middle income,2024,4892.95310498567,,1892516.0
GRC,Greece,Europe & Central Asia,High income,1980,15246.994403616,,9642505.0
GRC,Greece,Europe & Central Asia,High income,1981,14876.1172004964,,9729350.0
GRC,Greece,Europe & Central Asia,High income,1982,14617.2352230695,,9789513.0
GRC,Greece,Europe & Central Asia,High income,1983,14375.6996589942,,9846627.0
GRC,Greece,Europe & Central Asia,High income,1984,14591.8630536729,,9895801.0
GRC,Greece,Europe & Central Asia,High income,1985,14900.0862258833,,9934300.0
GRC,Greece,Europe & Central Asia,High income,1986,14927.7613419499,,9967213.0
GRC,Greece,Europe & Central Asia,High income,1987,14541.8603092112,,10000595.0
GRC,Greece,Europe & Central Asia,High income,1988,15110.414666476,,10036983.0
GRC,Greece,Europe & Central Asia,High income,1989,15602.9733207597,,10089498.0
GRC,Greece,Europe & Central Asia,High income,1990,15438.7937023583,,10196792.0
GRC,Greece,Europe & Central Asia,High income,1991,15727.4735434744,,10319927.0
GRC,Greece,Europe & Central Asia,High income,1992,15717.04638162,,10399061.0
GRC,Greece,Europe & Central Asia,High income,1993,15374.8626265369,,10460415.0
GRC,Greece,Europe & Central Asia,High income,1994,15604.0339944242,,10512922.0
GRC,Greece,Europe & Central Asia,High income,1995,15857.4161930856,10712000.0,10562153.0
GRC,Greece,Europe & Central Asia,High income,1996,16005.9511569711,9782000.0,10608800.0
GRC,Greece,Europe & Central Asia,High income,1997,16501.0316491318,10588000.0,10661259.0
GRC,Greece,Europe & Central Asia,High income,1998,16973.8293714071,11364000.0,10720509.0
GRC,Greece,Europe & Central Asia,High income,1999,17358.4346978294,12606000.0,10761698.0
GRC,Greece,Europe & Central Asia,High income,2000,18002.9064613985,13567000.0,10805808.0
GRC,Greece,Europe & Central Asia,High income,2001,18742.4235780691,14678000.0,10862132.0
GRC,Greece,Europe & Central Asia,High income,2002,19548.3677447396,14918000.0,10902022.0
GRC,Greece,Europe & Central Asia,High income,2003,20632.2557041942,14785000.0,10928070.0
GRC,Greece,Europe & Central Asia,High income,2004,21688.1050959558,14268000.0,10955141.0
GRC,Greece,Europe & Central Asia,High income,2005,21880.5265835801,15938000.0,10987314.0
GRC,Greece,Europe & Central Asia,High income,2006,23220.5324419197,17284000.0,11020362.0
GRC,Greece,Europe & Central Asia,High income,2007,23973.6936091313,,11048473.0
GRC,Greece,Europe & Central Asia,High income,2008,23923.8800731311,,11077841.0
GRC,Greece,Europe & Central Asia,High income,2009,22878.1346644397,,11107017.0
GRC,Greece,Europe & Central Asia,High income,2010,21547.724178239,,11121341.0
GRC,Greece,Europe & Central Asia,High income,2011,19448.255802525,,11104899.0
GRC,Greece,Europe & Central Asia,High income,2012,17924.6620496886,,11045011.0
GRC,Greece,Europe & Central Asia,High income,2013,17644.8766635021,20112000.0,10965211.0
GRC,Greece,Europe & Central Asia,High income,2014,17903.5252440012,24272000.0,10892413.0
GRC,Greece,Europe & Central Asia,High income,2015,17980.7298238137,26114000.0,10820883.0
GRC,Greece,Europe & Central Asia,High income,2016,18049.928997892,28071000.0,10775971.0
GRC,Greece,Europe & Central Asia,High income,2017,18352.0884461258,30161000.0,10754679.0
GRC,Greece,Europe & Central Asia,High income,2018,18769.0389621976,33072000.0,10732882.0
GRC,Greece,Europe & Central Asia,High income,2019,19216.6759579785,34005000.0,10721582.0
GRC,Greece,Europe & Central Asia,High income,2020,17486.951333323,7406000.0,10698599.0
GRC,Greece,Europe & Central Asia,High income,2021,19231.2888803517,,10570130.0
GRC,Greece,Europe & Central Asia,High income,2022,20550.5049158297,,10437805.0
GRC,Greece,Europe & Central Asia,High income,2023,21050.8648111581,,10407351.0
GRC,Greece,Europe & Central Asia,High income,2024,21494.6856060599,,10405134.0
GRD,Grenada,Latin America & Caribbean,Upper middle income,1980,3451.94417701718,,94538.0
GRD,Grenada,Latin America & Caribbean,Upper middle income,1981,3523.01454992859,,94052.0
GRD,Grenada,Latin America & Caribbean,Upper middle income,1982,3655.44815778464,,94383.0
GRD,Grenada,Latin America & Caribbean,Upper middle income,1983,3765.69268144747,,94948.0
GRD,Grenada,Latin America & Caribbean,Upper middle income,1984,3877.60851229182,,95498.0
GRD,Grenada,Latin America & Caribbean,Upper middle income,1985,4083.26775949669,,96111.0
GRD,Grenada,Latin America & Caribbean,Upper middle income,1986,4346.32354009777,,96790.0
GRD,Grenada,Latin America & Caribbean,Upper middle income,1987,4705.94265134243,,97526.0
GRD,Grenada,Latin America & Caribbean,Upper middle income,1988,4807.01372985656,,98308.0
GRD,Grenada,Latin America & Caribbean,Upper middle income,1989,4947.21594941974,,99121.0
GRD,Grenada,Latin America & Caribbean,Upper middle income,1990,5102.69172981553,,99957.0
GRD,Grenada,Latin America & Caribbean,Upper middle income,1991,5130.48257478522,,100793.0
GRD,Grenada,Latin America & Caribbean,Upper middle income,1992,5046.3110720505,,101602.0
GRD,Grenada,Latin America & Caribbean,Upper middle income,1993,4909.77076444883,,102382.0
GRD,Grenada,Latin America & Caribbean,Upper middle income,1994,4956.32245138997,,103138.0
GRD,Grenada,Latin America & Caribbean,Upper middle income,1995,5026.24215573734,369000.0,103869.0
GRD,Grenada,Latin America & Caribbean,Upper middle income,1996,5213.43103712383,386000.0,104584.0
GRD,Grenada,Latin America & Caribbean,Upper middle income,1997,5438.0445822801,368000.0,105293.0
GRD,Grenada,Latin America & Caribbean,Upper middle income,1998,6036.15899808614,392000.0,106009.0
GRD,Grenada,Latin America & Caribbean,Upper middle income,1999,6409.14591451052,379000.0,106727.0
GRD,Grenada,Latin America & Caribbean,Upper middle income,2000,6677.1265230922,316000.0,107451.0
GRD,Grenada,Latin America & Caribbean,Upper middle income,2001,6509.51660313374,277000.0,107987.0
GRD,Grenada,Latin America & Caribbean,Upper middle income,2002,6707.36873532777,271000.0,108404.0
GRD,Grenada,Latin America & Caribbean,Upper middle income,2003,7309.78547094579,294000.0,108884.0
GRD,Grenada,Latin America & Caribbean,Upper middle income,2004,7233.29494434962,370000.0,109323.0
GRD,Grenada,Latin America & Caribbean,Upper middle income,2005,8162.91232124727,380000.0,109734.0
GRD,Grenada,Latin America & Caribbean,Upper middle income,2006,7808.24358323434,342000.0,110135.0
GRD,Grenada,Latin America & Caribbean,Upper middle income,2007,8257.36225682689,406000.0,110522.0
GRD,Grenada,Latin America & Caribbean,Upper middle income,2008,8307.49221491819,428000.0,110896.0
GRD,Grenada,Latin America & Caribbean,Upper middle income,2009,7733.12990600058,460000.0,111254.0
GRD,Grenada,Latin America & Caribbean,Upper middle income,2010,7670.71165827663,445000.0,111586.0
GRD,Grenada,Latin America & Caribbean,Upper middle income,2011,7695.37616017287,447000.0,112079.0
GRD,Grenada,Latin America & Caribbean,Upper middle income,2012,7559.5628483956,370000.0,112775.0
GRD,Grenada,Latin America & Caribbean,Upper middle income,2013,7688.75297701343,327000.0,113487.0
GRD,Grenada,Latin America & Caribbean,Upper middle income,2014,8206.62862112333,387000.0,114132.0
GRD,Grenada,Latin America & Caribbean,Upper middle income,2015,8694.12438005692,437000.0,114676.0
GRD,Grenada,Latin America & Caribbean,Upper middle income,2016,8983.68397337899,474000.0,115130.0
GRD,Grenada,Latin America & Caribbean,Upper middle income,2017,9357.40728883583,468000.0,115438.0
GRD,Grenada,Latin America & Caribbean,Upper middle income,2018,9744.16919577204,529000.0,115691.0
GRD,Grenada,Latin America & Caribbean,Upper middle income,2019,9785.56040240592,526000.0,115981.0
GRD,Grenada,Latin America & Caribbean,Upper middle income,2020,8413.28335500372,217000.0,116341.0
GRD,Grenada,Latin America & Caribbean,Upper middle income,2021,8782.32193426078,,116688.0
GRD,Grenada,Latin America & Caribbean,Upper middle income,2022,9406.19337643226,,116913.0
GRD,Grenada,Latin America & Caribbean,Upper middle income,2023,9817.86383583917,,117081.0
GRD,Grenada,Latin America & Caribbean,Upper middle income,2024,10042.6503142063,,117207.0
GRL,Greenland,Europe & Central Asia,High income,1980,27005.3259668971,,50200.0
GRL,Greenland,Europe & Central Asia,High income,1981,26758.5557170795,,51000.0
GRL,Greenland,Europe & Central Asia,High income,1982,25327.608421672,,51500.0
GRL,Greenland,Europe & Central Asia,High income,1983,25901.4739745512,,52100.0
GRL,Greenland,Europe & Central Asia,High income,1984,24280.2581215331,,52700.0
GRL,Greenland,Europe & Central Asia,High income,1985,24931.4968474838,,53200.0
GRL,Greenland,Europe & Central Asia,High income,1986,26551.2406001603,,53500.0
GRL,Greenland,Europe & Central Asia,High income,1987,27705.0620966198,,54100.0
GRL,Greenland,Europe & Central Asia,High income,1988,28883.818146464,,54800.0
GRL,Greenland,Europe & Central Asia,High income,1989,30528.8015621406,,55300.0
GRL,Greenland,Europe & Central Asia,High income,1990,26805.5496974442,,55600.0
GRL,Greenland,Europe & Central Asia,High income,1991,26823.378375534,,55500.0
GRL,Greenland,Europe & Central Asia,High income,1992,25544.2992633194,,55300.0
GRL,Greenland,Europe & Central Asia,High income,1993,24303.8982888635,,55200.0
GRL,Greenland,Europe & Central Asia,High income,1994,25604.5956883247,,55500.0
GRL,Greenland,Europe & Central Asia,High income,1995,26416.5165028368,,55800.0
GRL,Greenland,Europe & Central Asia,High income,1996,26772.6138141762,,55900.0
GRL,Greenland,Europe & Central Asia,High income,1997,27117.3732945796,,56000.0
GRL,Greenland,Europe & Central Asia,High income,1998,29169.0465812684,,56100.0
GRL,Greenland,Europe & Central Asia,High income,1999,29570.9623369365,,56100.0
GRL,Greenland,Europe & Central Asia,High income,2000,31623.0591501943,,56185.0
GRL,Greenland,Europe & Central Asia,High income,2001,31914.1710964481,,56379.0
GRL,Greenland,Europe & Central Asia,High income,2002,31483.6074780094,,56595.0
GRL,Greenland,Europe & Central Asia,High income,2003,32787.9680355213,,56751.0
GRL,Greenland,Europe & Central Asia,High income,2004,34961.9356097257,,56898.0
GRL,Greenland,Europe & Central Asia,High income,2005,36681.8055890619,,56935.0
GRL,Greenland,Europe & Central Asia,High income,2006,38828.8524943222,,56775.0
GRL,Greenland,Europe & Central Asia,High income,2007,39896.875364094,,56555.0
GRL,Greenland,Europe & Central Asia,High income,2008,42527.6668469766,,56328.0
GRL,Greenland,Europe & Central Asia,High income,2009,42899.7441985862,,56323.0
GRL,Greenland,Europe & Central Asia,High income,2010,43481.5161087805,,56534.0
GRL,Greenland,Europe & Central Asia,High income,2011,42994.8790874739,,56890.0
GRL,Greenland,Europe & Central Asia,High income,2012,43655.7004664255,,56810.0
GRL,Greenland,Europe & Central Asia,High income,2013,43338.3839246907,,56483.0
GRL,Greenland,Europe & Central Asia,High income,2014,45545.1429414917,,56295.0
GRL,Greenland,Europe & Central Asia,High income,2015,44536.3549705377,,56114.0
GRL,Greenland,Europe & Central Asia,High income,2016,46561.7831434013,,56186.0
GRL,Greenland,Europe & Central Asia,High income,2017,46597.9452470348,,56172.0
GRL,Greenland,Europe & Central Asia,High income,2018,47012.9860350276,,56023.0
GRL,Greenland,Europe & Central Asia,High income,2019,48170.7896955512,,56225.0
GRL,Greenland,Europe & Central Asia,High income,2020,48169.9406957389,,56367.0
GRL,Greenland,Europe & Central Asia,High income,2021,48709.9339758895,,56653.0
GRL,Greenland,Europe & Central Asia,High income,2022,49679.3365414895,,56661.0
GRL,Greenland,Europe & Central Asia,High income,2023,49929.7755428605,,56865.0
GRL,Greenland,Europe & Central Asia,High income,2024,,,56836.0
GTM,Guatemala,Latin America & Caribbean,Upper middle income,1980,3287.02569465938,,6900212.0
GTM,Guatemala,Latin America & Caribbean,Upper middle income,1981,3226.26129373388,,7075648.0
GTM,Guatemala,Latin America & Caribbean,Upper middle income,1982,3041.6176008832,,7240241.0
GTM,Guatemala,Latin America & Caribbean,Upper middle income,1983,2891.73215349284,,7419642.0
GTM,Guatemala,Latin America & Caribbean,Upper middle income,1984,2825.72211867085,,7630682.0
GTM,Guatemala,Latin America & Caribbean,Upper middle income,1985,2730.1450010131,,7849693.0
GTM,Guatemala,Latin America & Caribbean,Upper middle income,1986,2659.14270106243,,8070818.0
GTM,Guatemala,Latin America & Caribbean,Upper middle income,1987,2678.48941109293,,8296485.0
GTM,Guatemala,Latin America & Caribbean,Upper middle income,1988,2705.90101135815,,8532099.0
GTM,Guatemala,Latin America & Caribbean,Upper middle income,1989,2734.55823253419,,8775546.0
GTM,Guatemala,Latin America & Caribbean,Upper middle income,1990,2741.53944249398,,9024773.0
GTM,Guatemala,Latin America & Caribbean,Upper middle income,1991,2765.88345519371,,9272584.0
GTM,Guatemala,Latin America & Caribbean,Upper middle income,1992,2823.67347786611,,9522266.0
GTM,Guatemala,Latin America & Caribbean,Upper middle income,1993,2857.29765344313,,9779761.0
GTM,Guatemala,Latin America & Caribbean,Upper middle income,1994,2894.43254991164,,10043718.0
GTM,Guatemala,Latin America & Caribbean,Upper middle income,1995,2958.34981711979,563000.0,10312996.0
GTM,Guatemala,Latin America & Caribbean,Upper middle income,1996,2967.99499537336,520000.0,10583526.0
GTM,Guatemala,Latin America & Caribbean,Upper middle income,1997,3019.28867475021,576000.0,10857754.0
GTM,Guatemala,Latin America & Caribbean,Upper middle income,1998,3089.97742727983,636000.0,11139145.0
GTM,Guatemala,Latin America & Caribbean,Upper middle income,1999,3129.12226621472,823000.0,11422965.0
GTM,Guatemala,Latin America & Caribbean,Upper middle income,2000,3165.933886028,826000.0,11697592.0
GTM,Guatemala,Latin America & Caribbean,Upper middle income,2001,3166.20502444306,835000.0,11969422.0
GTM,Guatemala,Latin America & Caribbean,Upper middle income,2002,3213.26990763198,884000.0,12246915.0
GTM,Guatemala,Latin America & Caribbean,Upper middle income,2003,3222.15622111509,880000.0,12525842.0
GTM,Guatemala,Latin America & Caribbean,Upper middle income,2004,3250.20561194529,1182000.0,12807402.0
GTM,Guatemala,Latin America & Caribbean,Upper middle income,2005,3284.81128421658,1316000.0,13087629.0
GTM,Guatemala,Latin America & Caribbean,Upper middle income,2006,3388.15165081967,1502000.0,13367459.0
GTM,Guatemala,Latin America & Caribbean,Upper middle income,2007,3527.77995621193,1628000.0,13652040.0
GTM,Guatemala,Latin America & Caribbean,Upper middle income,2008,3569.93031541246,1715000.0,13935174.0
GTM,Guatemala,Latin America & Caribbean,Upper middle income,2009,3516.19395579721,1311000.0,14215611.0
GTM,Guatemala,Latin America & Caribbean,Upper middle income,2010,3546.62750929879,1384000.0,14500112.0
GTM,Guatemala,Latin America & Caribbean,Upper middle income,2011,3621.37582644774,1434000.0,14792126.0
GTM,Guatemala,Latin America & Caribbean,Upper middle income,2012,3655.57490299412,1491000.0,15089647.0
GTM,Guatemala,Latin America & Caribbean,Upper middle income,2013,3717.30457960279,1516000.0,15387337.0
GTM,Guatemala,Latin America & Caribbean,Upper middle income,2014,3809.61584332802,1739000.0,15681725.0
GTM,Guatemala,Latin America & Caribbean,Upper middle income,2015,3893.50533299068,1865000.0,15971743.0
GTM,Guatemala,Latin America & Caribbean,Upper middle income,2016,3924.7789643024,1906000.0,16268760.0
GTM,Guatemala,Latin America & Caribbean,Upper middle income,2017,3972.74059262672,2120000.0,16567357.0
GTM,Guatemala,Latin America & Caribbean,Upper middle income,2018,4040.21214374742,2406000.0,16845685.0
GTM,Guatemala,Latin America & Caribbean,Upper middle income,2019,4139.12206338632,2560000.0,17103803.0
GTM,Guatemala,Latin America & Caribbean,Upper middle income,2020,4005.83916360689,594000.0,17357325.0
GTM,Guatemala,Latin America & Caribbean,Upper middle income,2021,4268.62864461492,,17598650.0
GTM,Guatemala,Latin America & Caribbean,Upper middle income,2022,4383.90326160481,,17847877.0
GTM,Guatemala,Latin America & Caribbean,Upper middle income,2023,4469.05514652918,,18124838.0
GTM,Guatemala,Latin America & Caribbean,Upper middle income,2024,4564.21378502908,,18406359.0
GUM,Guam,East Asia & Pacific,High income,1980,,,110141.0
GUM,Guam,East Asia & Pacific,High income,1981,,,112902.0
GUM,Guam,East Asia & Pacific,High income,1982,,,115711.0
GUM,Guam,East Asia & Pacific,High income,1983,,,118508.0
GUM,Guam,East Asia & Pacific,High income,1984,,,121302.0
GUM,Guam,East Asia & Pacific,High income,1985,,,124117.0
GUM,Guam,East Asia & Pacific,High income,1986,,,126965.0
GUM,Guam,East Asia & Pacific,High income,1987,,,129858.0
GUM,Guam,East Asia & Pacific,High income,1988,,,132799.0
GUM,Guam,East Asia & Pacific,High income,1989,,,135799.0
GUM,Guam,East Asia & Pacific,High income,1990,,,138610.0
GUM,Guam,East Asia & Pacific,High income,1991,,,141073.0
GUM,Guam,East Asia & Pacific,High income,1992,,,143393.0
GUM,Guam,East Asia & Pacific,High income,1993,,,145654.0
GUM,Guam,East Asia & Pacific,High income,1994,,,147868.0
GUM,Guam,East Asia & Pacific,High income,1995,,1362000.0,150054.0
GUM,Guam,East Asia & Pacific,High income,1996,,1373000.0,152169.0
GUM,Guam,East Asia & Pacific,High income,1997,,1382000.0,154215.0
GUM,Guam,East Asia & Pacific,High income,1998,,1137000.0,156237.0
GUM,Guam,East Asia & Pacific,High income,1999,,1162000.0,158289.0
GUM,Guam,East Asia & Pacific,High income,2000,,1287000.0,160065.0
GUM,Guam,East Asia & Pacific,High income,2001,,1159000.0,161329.0
GUM,Guam,East Asia & Pacific,High income,2002,29576.221681311,1059000.0,162315.0
GUM,Guam,East Asia & Pacific,High income,2003,29685.9531745657,910000.0,163137.0
GUM,Guam,East Asia & Pacific,High income,2004,31483.8141949558,1160000.0,163810.0
GUM,Guam,East Asia & Pacific,High income,2005,32520.3729565352,1228000.0,164365.0
GUM,Guam,East Asia & Pacific,High income,2006,31242.462900947,1212000.0,164839.0
GUM,Guam,East Asia & Pacific,High income,2007,31385.0475162113,1225000.0,165267.0
GUM,Guam,East Asia & Pacific,High income,2008,31941.2706025874,1142000.0,165693.0
GUM,Guam,East Asia & Pacific,High income,2009,31988.7229358255,1053000.0,166173.0
GUM,Guam,East Asia & Pacific,High income,2010,32644.1484056205,1197000.0,166522.0
GUM,Guam,East Asia & Pacific,High income,2011,32665.3787483379,1160000.0,166543.0
GUM,Guam,East Asia & Pacific,High income,2012,33404.9317636913,1308000.0,166331.0
GUM,Guam,East Asia & Pacific,High income,2013,34044.3190415455,1334000.0,165966.0
GUM,Guam,East Asia & Pacific,High income,2014,34755.2691107298,1343000.0,165486.0
GUM,Guam,East Asia & Pacific,High income,2015,35165.7014644795,1409000.0,164905.0
GUM,Guam,East Asia & Pacific,High income,2016,35373.8483143417,1536000.0,164233.0
GUM,Guam,East Asia & Pacific,High income,2017,35850.9025520506,1545000.0,163490.0
GUM,Guam,East Asia & Pacific,High income,2018,35731.2203743081,1549000.0,162679.0
GUM,Guam,East Asia & Pacific,High income,2019,36830.1264410973,1667000.0,161808.0
GUM,Guam,East Asia & Pacific,High income,2020,32884.8852646787,328000.0,162158.0
GUM,Guam,East Asia & Pacific,High income,2021,33239.4846327875,,163730.0
GUM,Guam,East Asia & Pacific,High income,2022,34627.9862781837,,165180.0
GUM,Guam,East Asia & Pacific,High income,2023,,,166506.0
GUM,Guam,East Asia & Pacific,High income,2024,,,167777.0
GUY,Guyana,Latin America & Caribbean,High income,1980,3247.67276846022,,774367.0
GUY,Guyana,Latin America & Caribbean,High income,1981,3287.40767961686,,776453.0
GUY,Guyana,Latin America & Caribbean,High income,1982,2852.84256803946,,776712.0
GUY,Guyana,Latin America & Caribbean,High income,1983,2661.88012930901,,775891.0
GUY,Guyana,Latin America & Caribbean,High income,1984,2533.83411714106,,774111.0
GUY,Guyana,Latin America & Caribbean,High income,1985,2603.49640007679,,771477.0
GUY,Guyana,Latin America & Caribbean,High income,1986,2591.39934975717,,768098.0
GUY,Guyana,Latin America & Caribbean,High income,1987,2628.31843844379,,764120.0
GUY,Guyana,Latin America & Caribbean,High income,1988,2546.09160620841,,759663.0
GUY,Guyana,Latin America & Caribbean,High income,1989,2436.29631542227,,754865.0
GUY,Guyana,Latin America & Caribbean,High income,1990,2377.21795364949,,749894.0
GUY,Guyana,Latin America & Caribbean,High income,1991,2528.08038811696,,747861.0
GUY,Guyana,Latin America & Caribbean,High income,1992,2716.75893023455,,749911.0
GUY,Guyana,Latin America & Caribbean,High income,1993,2926.93693707006,,752965.0
GUY,Guyana,Latin America & Caribbean,High income,1994,3164.66777875426,,755822.0
GUY,Guyana,Latin America & Caribbean,High income,1995,3312.64996890674,106000.0,758388.0
GUY,Guyana,Latin America & Caribbean,High income,1996,3566.13499360957,92000.0,760526.0
GUY,Guyana,Latin America & Caribbean,High income,1997,3778.00652865741,76000.0,762245.0
GUY,Guyana,Latin America & Caribbean,High income,1998,3708.04637110615,66000.0,763586.0
GUY,Guyana,Latin America & Caribbean,High income,1999,3813.33057565798,75000.0,764483.0
GUY,Guyana,Latin America & Caribbean,High income,2000,3759.60789699989,105000.0,764832.0
GUY,Guyana,Latin America & Caribbean,High income,2001,3847.09461851367,99000.0,764477.0
GUY,Guyana,Latin America & Caribbean,High income,2002,3894.87107415198,104000.0,763652.0
GUY,Guyana,Latin America & Caribbean,High income,2003,3873.04123684261,101000.0,763101.0
GUY,Guyana,Latin America & Caribbean,High income,2004,3937.11435304522,122000.0,762418.0
GUY,Guyana,Latin America & Caribbean,High income,2005,3867.93308158647,117000.0,760914.0
GUY,Guyana,Latin America & Caribbean,High income,2006,4076.77981715707,113000.0,758966.0
GUY,Guyana,Latin America & Caribbean,High income,2007,4382.10449666813,134000.0,756861.0
GUY,Guyana,Latin America & Caribbean,High income,2008,4472.34517889699,130000.0,754606.0
GUY,Guyana,Latin America & Caribbean,High income,2009,4649.34144792756,141000.0,752094.0
GUY,Guyana,Latin America & Caribbean,High income,2010,4860.09110980566,152000.0,749256.0
GUY,Guyana,Latin America & Caribbean,High income,2011,5133.89539813637,157000.0,746153.0
GUY,Guyana,Latin America & Caribbean,High income,2012,5403.79899428921,177000.0,746288.0
GUY,Guyana,Latin America & Caribbean,High income,2013,5573.3421790463,200000.0,750021.0
GUY,Guyana,Latin America & Caribbean,High income,2014,5635.71704117947,206000.0,754229.0
GUY,Guyana,Latin America & Caribbean,High income,2015,5640.41560569466,207000.0,758781.0
GUY,Guyana,Latin America & Caribbean,High income,2016,5818.61682204646,235000.0,763548.0
GUY,Guyana,Latin America & Caribbean,High income,2017,5997.18271426826,247000.0,768479.0
GUY,Guyana,Latin America & Caribbean,High income,2018,6080.90612132746,287000.0,791556.0
GUY,Guyana,Latin America & Caribbean,High income,2019,6278.63054079553,315000.0,807665.0
GUY,Guyana,Latin America & Caribbean,High income,2020,9010.61000469878,86400.0015258789,807481.0
GUY,Guyana,Latin America & Caribbean,High income,2021,10711.9973374148,,815482.0
GUY,Guyana,Latin America & Caribbean,High income,2022,17365.3336428642,,821637.0
GUY,Guyana,Latin America & Caribbean,High income,2023,23101.3538282741,,826353.0
GUY,Guyana,Latin America & Caribbean,High income,2024,33034.948872927,,831087.0
HKG,"Hong Kong SAR, China",East Asia & Pacific,High income,1980,12553.0638934721,,5063100.0
HKG,"Hong Kong SAR, China",East Asia & Pacific,High income,1981,13397.2671849205,,5183400.0
HKG,"Hong Kong SAR, China",East Asia & Pacific,High income,1982,13579.9965035895,,5264500.0
HKG,"Hong Kong SAR, China",East Asia & Pacific,High income,1983,14174.6667776616,,5345100.0
HKG,"Hong Kong SAR, China",East Asia & Pacific,High income,1984,15435.9492999607,,5397900.0
HKG,"Hong Kong SAR, China",East Asia & Pacific,High income,1985,15386.6259060365,,5456200.0
HKG,"Hong Kong SAR, China",East Asia & Pacific,High income,1986,16876.223613412,,5524600.0
HKG,"Hong Kong SAR, China",East Asia & Pacific,High income,1987,18945.6777188565,,5580500.0
HKG,"Hong Kong SAR, China",East Asia & Pacific,High income,1988,20386.1833473406,,5627600.0
HKG,"Hong Kong SAR, China",East Asia & Pacific,High income,1989,20635.519980503,,5686200.0
HKG,"Hong Kong SAR, China",East Asia & Pacific,High income,1990,21357.2396746971,,5704500.0
HKG,"Hong Kong SAR, China",East Asia & Pacific,High income,1991,22388.5913459199,,5752000.0
HKG,"Hong Kong SAR, China",East Asia & Pacific,High income,1992,23585.6546636119,,5800500.0
HKG,"Hong Kong SAR, China",East Asia & Pacific,High income,1993,24621.6478184223,,5901000.0
HKG,"Hong Kong SAR, China",East Asia & Pacific,High income,1994,25526.4330083318,,6035400.0
HKG,"Hong Kong SAR, China",East Asia & Pacific,High income,1995,25620.0203685972,10200000.0,6156100.0
HKG,"Hong Kong SAR, China",East Asia & Pacific,High income,1996,25551.3713114257,12974000.0,6435500.0
HKG,"Hong Kong SAR, China",East Asia & Pacific,High income,1997,26631.7761597523,11273000.0,6489300.0
HKG,"Hong Kong SAR, China",East Asia & Pacific,High income,1998,24856.7504063002,10160000.0,6543700.0
HKG,"Hong Kong SAR, China",East Asia & Pacific,High income,1999,25237.6325695984,11328000.0,6606500.0
HKG,"Hong Kong SAR, China",East Asia & Pacific,High income,2000,26933.2130754703,13059000.0,6665000.0
HKG,"Hong Kong SAR, China",East Asia & Pacific,High income,2001,26885.4053275596,13725000.0,6714300.0
HKG,"Hong Kong SAR, China",East Asia & Pacific,High income,2002,27210.0502364654,16566000.0,6744100.0
HKG,"Hong Kong SAR, China",East Asia & Pacific,High income,2003,28097.0971397308,15537000.0,6730800.0
HKG,"Hong Kong SAR, China",East Asia & Pacific,High income,2004,30304.2901619598,21811000.0,6783500.0
HKG,"Hong Kong SAR, China",East Asia & Pacific,High income,2005,32401.3558626573,23359000.0,6813200.0
HKG,"Hong Kong SAR, China",East Asia & Pacific,High income,2006,34458.0032348089,25251000.0,6857100.0
HKG,"Hong Kong SAR, China",East Asia & Pacific,High income,2007,36371.6434233987,28169000.0,6916300.0
HKG,"Hong Kong SAR, China",East Asia & Pacific,High income,2008,36924.0529643897,29507000.0,6957800.0
HKG,"Hong Kong SAR, China",East Asia & Pacific,High income,2009,35938.578391742,29591000.0,6972800.0
HKG,"Hong Kong SAR, China",East Asia & Pacific,High income,2010,38090.0154420129,36030000.0,7024200.0
HKG,"Hong Kong SAR, China",East Asia & Pacific,High income,2011,39656.3184510131,41921000.0,7071600.0
HKG,"Hong Kong SAR, China",East Asia & Pacific,High income,2012,39887.8192650568,48615000.0,7150100.0
HKG,"Hong Kong SAR, China",East Asia & Pacific,High income,2013,40959.9776349249,54299000.0,7178900.0
HKG,"Hong Kong SAR, China",East Asia & Pacific,High income,2014,41796.8593150091,60839000.0,7229500.0
HKG,"Hong Kong SAR, China",East Asia & Pacific,High income,2015,42432.1619740441,59308000.0,7291300.0
HKG,"Hong Kong SAR, China",East Asia & Pacific,High income,2016,43087.5537128127,56655000.0,7336600.0
HKG,"Hong Kong SAR, China",East Asia & Pacific,High income,2017,44380.8176753147,58472000.0,7393200.0
HKG,"Hong Kong SAR, China",East Asia & Pacific,High income,2018,45280.4971892076,65148000.0,7452600.0
HKG,"Hong Kong SAR, China",East Asia & Pacific,High income,2019,44195.2741142906,55913000.0,7507900.0
HKG,"Hong Kong SAR, China",East Asia & Pacific,High income,2020,41451.2989586282,3569000.0,7481000.0
HKG,"Hong Kong SAR, China",East Asia & Pacific,High income,2021,44530.9213833761,,7413100.0
HKG,"Hong Kong SAR, China",East Asia & Pacific,High income,2022,43281.0067309646,,7346100.0
HKG,"Hong Kong SAR, China",East Asia & Pacific,High income,2023,43518.9311789918,,7536100.0
HKG,"Hong Kong SAR, China",East Asia & Pacific,High income,2024,44734.4365296835,,7524100.0
HND,Honduras,Latin America & Caribbean,Lower middle income,1980,318.017226315051,,3727173.0
HND,Honduras,Latin America & Caribbean,Lower middle income,1981,330.912192293134,,3841778.0
HND,Honduras,Latin America & Caribbean,Lower middle income,1982,335.238355650801,,3958728.0
HND,Honduras,Latin America & Caribbean,Lower middle income,1983,348.18544759768,,4078174.0
HND,Honduras,Latin America & Caribbean,Lower middle income,1984,346.071904246267,,4199850.0
HND,Honduras,Latin America & Caribbean,Lower middle income,1985,351.880656755497,,4323342.0
HND,Honduras,Latin America & Caribbean,Lower middle income,1986,360.878990418874,,4448899.0
HND,Honduras,Latin America & Caribbean,Lower middle income,1987,356.889613108792,,4576910.0
HND,Honduras,Latin America & Caribbean,Lower middle income,1988,373.257584295228,,4707677.0
HND,Honduras,Latin America & Caribbean,Lower middle income,1989,388.784671302458,,4841838.0
HND,Honduras,Latin America & Caribbean,Lower middle income,1990,457.981040092588,,4980488.0
HND,Honduras,Latin America & Caribbean,Lower middle income,1991,561.125592319344,,5123792.0
HND,Honduras,Latin America & Caribbean,Lower middle income,1992,594.68900114157,,5271431.0
HND,Honduras,Latin America & Caribbean,Lower middle income,1993,656.869827849093,,5423249.0
HND,Honduras,Latin America & Caribbean,Lower middle income,1994,823.791675562094,,5579242.0
HND,Honduras,Latin America & Caribbean,Lower middle income,1995,998.356564183177,,5739637.0
HND,Honduras,Latin America & Caribbean,Lower middle income,1996,1193.38830906175,271000.0,5903954.0
HND,Honduras,Latin America & Caribbean,Lower middle income,1997,1420.73109700244,310000.0,6071454.0
HND,Honduras,Latin America & Caribbean,Lower middle income,1998,1543.75794800689,324000.0,6234431.0
HND,Honduras,Latin America & Caribbean,Lower middle income,1999,1677.77949157084,428000.0,6400463.0
HND,Honduras,Latin America & Caribbean,Lower middle income,2000,1789.47798512637,689000.0,6577773.0
HND,Honduras,Latin America & Caribbean,Lower middle income,2001,1789.18816032117,672000.0,6757993.0
HND,Honduras,Latin America & Caribbean,Lower middle income,2002,1807.97305547292,788000.0,6938859.0
HND,Honduras,Latin America & Caribbean,Lower middle income,2003,1842.29750018813,887000.0,7119213.0
HND,Honduras,Latin America & Caribbean,Lower middle income,2004,1908.90950050464,1026000.0,7298994.0
HND,Honduras,Latin America & Caribbean,Lower middle income,2005,1975.85647913236,1118000.0,7478355.0
HND,Honduras,Latin America & Caribbean,Lower middle income,2006,2056.53491469231,1136000.0,7656832.0
HND,Honduras,Latin America & Caribbean,Lower middle income,2007,2134.19540639485,1309000.0,7834798.0
HND,Honduras,Latin America & Caribbean,Lower middle income,2008,2175.14709403064,1561000.0,8012587.0
HND,Honduras,Latin America & Caribbean,Lower middle income,2009,2076.30859895638,1589000.0,8189899.0
HND,Honduras,Latin America & Caribbean,Lower middle income,2010,2108.47314459603,1965000.0,8365878.0
HND,Honduras,Latin America & Caribbean,Lower middle income,2011,2144.56265540491,1852000.0,8540583.0
HND,Honduras,Latin America & Caribbean,Lower middle income,2012,2188.39378817891,1903000.0,8715076.0
HND,Honduras,Latin America & Caribbean,Lower middle income,2013,2205.40126728067,1857000.0,8889278.0
HND,Honduras,Latin America & Caribbean,Lower middle income,2014,2229.24772232218,2082000.0,9063122.0
HND,Honduras,Latin America & Caribbean,Lower middle income,2015,2271.20265980349,2093000.0,9237305.0
HND,Honduras,Latin America & Caribbean,Lower middle income,2016,2315.72983058198,2228000.0,9412380.0
HND,Honduras,Latin America & Caribbean,Lower middle income,2017,2383.37398439714,2144000.0,9588137.0
HND,Honduras,Latin America & Caribbean,Lower middle income,2018,2430.13503657762,2323000.0,9765210.0
HND,Honduras,Latin America & Caribbean,Lower middle income,2019,2447.61649282181,2315000.0,9943633.0
HND,Honduras,Latin America & Caribbean,Lower middle income,2020,2189.43168668222,669000.0,10119640.0
HND,Honduras,Latin America & Caribbean,Lower middle income,2021,2423.76634916911,,10289877.0
HND,Honduras,Latin America & Caribbean,Lower middle income,2022,2482.22384904714,,10463872.0
HND,Honduras,Latin America & Caribbean,Lower middle income,2023,2527.27366333188,,10644851.0
HND,Honduras,Latin America & Caribbean,Lower middle income,2024,2575.32081187859,,10825703.0
HRV,Croatia,Europe & Central Asia,High income,1980,,,4599782.0
HRV,Croatia,Europe & Central Asia,High income,1981,,,4611509.0
HRV,Croatia,Europe & Central Asia,High income,1982,,,4634234.0
HRV,Croatia,Europe & Central Asia,High income,1983,,,4658254.0
HRV,Croatia,Europe & Central Asia,High income,1984,,,4680285.0
HRV,Croatia,Europe & Central Asia,High income,1985,,,4701417.0
HRV,Croatia,Europe & Central Asia,High income,1986,,,4721446.0
HRV,Croatia,Europe & Central Asia,High income,1987,,,4739745.0
HRV,Croatia,Europe & Central Asia,High income,1988,,,4755207.0
HRV,Croatia,Europe & Central Asia,High income,1989,,,4767260.0
HRV,Croatia,Europe & Central Asia,High income,1990,9754.76325850554,,4777368.0
HRV,Croatia,Europe & Central Asia,High income,1991,7842.64431877356,,4689022.0
HRV,Croatia,Europe & Central Asia,High income,1992,7095.31004903355,,4575818.0
HRV,Croatia,Europe & Central Asia,High income,1993,6490.91059131693,,4600463.0
HRV,Croatia,Europe & Central Asia,High income,1994,6795.79207585721,,4652024.0
HRV,Croatia,Europe & Central Asia,High income,1995,7304.72692228877,16100000.0,4620030.0
HRV,Croatia,Europe & Central Asia,High income,1996,7858.19280544609,19085000.0,4557097.0
HRV,Croatia,Europe & Central Asia,High income,1997,8383.47376326709,23660000.0,4534920.0
HRV,Croatia,Europe & Central Asia,High income,1998,8577.65913376916,25499000.0,4532135.0
HRV,Croatia,Europe & Central Asia,High income,1999,8541.53312242717,29215000.0,4512597.0
HRV,Croatia,Europe & Central Asia,High income,2000,8880.47789126428,37226000.0,4468302.0
HRV,Croatia,Europe & Central Asia,High income,2001,9515.92714476421,40129000.0,4299642.0
HRV,Croatia,Europe & Central Asia,High income,2002,10062.0602516769,41737000.0,4302174.0
HRV,Croatia,Europe & Central Asia,High income,2003,10619.3351874985,42857000.0,4303399.0
HRV,Croatia,Europe & Central Asia,High income,2004,11059.1274155158,44974000.0,4304600.0
HRV,Croatia,Europe & Central Asia,High income,2005,11522.944604729,45762000.0,4310145.0
HRV,Croatia,Europe & Central Asia,High income,2006,12104.2947219361,47733000.0,4311159.0
HRV,Croatia,Europe & Central Asia,High income,2007,12718.2002498979,52271000.0,4310217.0
HRV,Croatia,Europe & Central Asia,High income,2008,12970.5143712302,51336000.0,4309705.0
HRV,Croatia,Europe & Central Asia,High income,2009,12099.7045228367,47573000.0,4305181.0
HRV,Croatia,Europe & Central Asia,High income,2010,11965.1414956676,49006000.0,4295427.0
HRV,Croatia,Europe & Central Asia,High income,2011,11993.1337166457,49969000.0,4280622.0
HRV,Croatia,Europe & Central Asia,High income,2012,11780.5853491253,47185000.0,4260368.0
HRV,Croatia,Europe & Central Asia,High income,2013,11838.4554388595,48345000.0,4233922.0
HRV,Croatia,Europe & Central Asia,High income,2014,11862.7815706266,51168000.0,4201598.0
HRV,Croatia,Europe & Central Asia,High income,2015,12283.8750299177,55858000.0,4151725.0
HRV,Croatia,Europe & Central Asia,High income,2016,12848.473748279,57587000.0,4106867.0
HRV,Croatia,Europe & Central Asia,High income,2017,13485.3711360576,59238000.0,4041407.0
HRV,Croatia,Europe & Central Asia,High income,2018,14061.0597402919,57668000.0,3988775.0
HRV,Croatia,Europe & Central Asia,High income,2019,14641.8735578488,60021000.0,3949390.0
HRV,Croatia,Europe & Central Asia,High income,2020,13545.7402289427,21608000.0,3914206.0
HRV,Croatia,Europe & Central Asia,High income,2021,15395.2861605128,,3878981.0
HRV,Croatia,Europe & Central Asia,High income,2022,16618.3333786183,,3855641.0
HRV,Croatia,Europe & Central Asia,High income,2023,17225.4504515697,,3859686.0
HRV,Croatia,Europe & Central Asia,High income,2024,17854.3262648378,,3866200.0
HTI,Haiti,Latin America & Caribbean,Lower middle income,1980,2146.49092997378,,5614493.0
HTI,Haiti,Latin America & Caribbean,Lower middle income,1981,2045.46255796987,,5723725.0
HTI,Haiti,Latin America & Caribbean,Lower middle income,1982,1934.639428235,,5835937.0
HTI,Haiti,Latin America & Caribbean,Lower middle income,1983,1914.43247559,,5951096.0
HTI,Haiti,Latin America & Caribbean,Lower middle income,1984,1882.81789284203,,6069230.0
HTI,Haiti,Latin America & Caribbean,Lower middle income,1985,1856.96811301461,,6190862.0
HTI,Haiti,Latin America & Caribbean,Lower middle income,1986,1811.0858236738,,6316122.0
HTI,Haiti,Latin America & Caribbean,Lower middle income,1987,1760.75045120756,,6445123.0
HTI,Haiti,Latin America & Caribbean,Lower middle income,1988,1728.60254302384,,6578145.0
HTI,Haiti,Latin America & Caribbean,Lower middle income,1989,1644.10374508487,,6714730.0
HTI,Haiti,Latin America & Caribbean,Lower middle income,1990,1627.31264525633,,6854441.0
HTI,Haiti,Latin America & Caribbean,Lower middle income,1991,1624.49598864977,,6995450.0
HTI,Haiti,Latin America & Caribbean,Lower middle income,1992,1507.81872889823,,7136571.0
HTI,Haiti,Latin America & Caribbean,Lower middle income,1993,1398.25464638175,,7278181.0
HTI,Haiti,Latin America & Caribbean,Lower middle income,1994,1207.6605445003,,7419771.0
HTI,Haiti,Latin America & Caribbean,Lower middle income,1995,1302.13491168553,370000.0,7562546.0
HTI,Haiti,Latin America & Caribbean,Lower middle income,1996,1330.54039885269,400000.0,7707557.0
HTI,Haiti,Latin America & Caribbean,Lower middle income,1997,1340.99702096807,387000.0,7854298.0
HTI,Haiti,Latin America & Caribbean,Lower middle income,1998,1344.9390395747,393000.0,8002143.0
HTI,Haiti,Latin America & Caribbean,Lower middle income,1999,1356.11344556059,386000.0,8151296.0
HTI,Haiti,Latin America & Caribbean,Lower middle income,2000,1342.89490450523,445000.0,8303151.0
HTI,Haiti,Latin America & Caribbean,Lower middle income,2001,1314.11419693969,499000.0,8455918.0
HTI,Haiti,Latin America & Caribbean,Lower middle income,2002,1304.5293810385,482000.0,8607641.0
HTI,Haiti,Latin America & Caribbean,Lower middle income,2003,1326.47161042212,518000.0,8759912.0
HTI,Haiti,Latin America & Caribbean,Lower middle income,2004,1286.90282128221,385000.0,8910263.0
HTI,Haiti,Latin America & Caribbean,Lower middle income,2005,1304.33303731231,480000.0,9061273.0
HTI,Haiti,Latin America & Caribbean,Lower middle income,2006,1305.03813815611,558000.0,9216562.0
HTI,Haiti,Latin America & Caribbean,Lower middle income,2007,1343.61111422048,868000.0,9373296.0
HTI,Haiti,Latin America & Caribbean,Lower middle income,2008,1356.53400140048,758000.0,9530774.0
HTI,Haiti,Latin America & Caribbean,Lower middle income,2009,1412.89653523429,826000.0,9689581.0
HTI,Haiti,Latin America & Caribbean,Lower middle income,2010,1317.58389339746,793000.0,9803294.0
HTI,Haiti,Latin America & Caribbean,Lower middle income,2011,1369.16921255852,946000.0,9914904.0
HTI,Haiti,Latin America & Caribbean,Lower middle income,2012,1354.88546124499,959000.0,10069771.0
HTI,Haiti,Latin America & Caribbean,Lower middle income,2013,1392.38204736859,1064000.0,10222362.0
HTI,Haiti,Latin America & Caribbean,Lower middle income,2014,1411.76834802154,1127599.97558594,10373235.0
HTI,Haiti,Latin America & Caribbean,Lower middle income,2015,1411.12684746796,1190000.0,10523242.0
HTI,Haiti,Latin America & Caribbean,Lower middle income,2016,1416.74881879698,1153000.0,10671457.0
HTI,Haiti,Latin America & Caribbean,Lower middle income,2017,1432.67228609541,1262000.0,10817754.0
HTI,Haiti,Latin America & Caribbean,Lower middle income,2018,1437.35251928349,1333000.0,10962362.0
HTI,Haiti,Latin America & Caribbean,Lower middle income,2019,1394.42114071112,938000.0,11105163.0
HTI,Haiti,Latin America & Caribbean,Lower middle income,2020,1331.69778506932,,11243848.0
HTI,Haiti,Latin America & Caribbean,Lower middle income,2021,1292.71954963551,,11374586.0
HTI,Haiti,Latin America & Caribbean,Lower middle income,2022,1256.72143592448,,11503606.0
HTI,Haiti,Latin America & Caribbean,Lower middle income,2023,1219.11871645847,,11637398.0
HTI,Haiti,Latin America & Caribbean,Lower middle income,2024,1154.68841945337,,11772557.0
HUN,Hungary,Europe & Central Asia,High income,1980,7477.86543101327,,10711122.0
HUN,Hungary,Europe & Central Asia,High income,1981,7691.71541684827,,10711848.0
HUN,Hungary,Europe & Central Asia,High income,1982,7914.90849326563,,10705535.0
HUN,Hungary,Europe & Central Asia,High income,1983,7984.11697147846,,10689463.0
HUN,Hungary,Europe & Central Asia,High income,1984,8212.75572464126,,10668095.0
HUN,Hungary,Europe & Central Asia,High income,1985,8206.88233186907,,10648713.0
HUN,Hungary,Europe & Central Asia,High income,1986,8347.08001662316,,10630564.0
HUN,Hungary,Europe & Central Asia,High income,1987,8699.82535349933,,10612741.0
HUN,Hungary,Europe & Central Asia,High income,1988,8707.48356673951,,10596487.0
HUN,Hungary,Europe & Central Asia,High income,1989,8867.65103070439,,10481719.0
HUN,Hungary,Europe & Central Asia,High income,1990,8646.44754423109,,10373988.0
HUN,Hungary,Europe & Central Asia,High income,1991,7618.64029551674,,10373400.0
HUN,Hungary,Europe & Central Asia,High income,1992,7388.08229422743,,10369341.0
HUN,Hungary,Europe & Central Asia,High income,1993,7353.90020686221,,10357523.0
HUN,Hungary,Europe & Central Asia,High income,1994,7581.00102233039,,10343355.0
HUN,Hungary,Europe & Central Asia,High income,1995,7704.6409020455,39240000.0,10328965.0
HUN,Hungary,Europe & Central Asia,High income,1996,7725.69980358198,39833000.0,10311238.0
HUN,Hungary,Europe & Central Asia,High income,1997,7971.80554914825,37315000.0,10290486.0
HUN,Hungary,Europe & Central Asia,High income,1998,8297.85419511945,33624000.0,10266570.0
HUN,Hungary,Europe & Central Asia,High income,1999,8578.19506388065,28803000.0,10237530.0
HUN,Hungary,Europe & Central Asia,High income,2000,8979.73578602949,31141000.0,10210971.0
HUN,Hungary,Europe & Central Asia,High income,2001,9365.95393193015,30679000.0,10187576.0
HUN,Hungary,Europe & Central Asia,High income,2002,9836.94065083321,31739000.0,10158608.0
HUN,Hungary,Europe & Central Asia,High income,2003,10253.723920764,31412000.0,10129552.0
HUN,Hungary,Europe & Central Asia,High income,2004,10786.4881991495,33934000.0,10107146.0
HUN,Hungary,Europe & Central Asia,High income,2005,11272.7345428122,36173000.0,10087065.0
HUN,Hungary,Europe & Central Asia,High income,2006,11734.4544729813,38318000.0,10071370.0
HUN,Hungary,Europe & Central Asia,High income,2007,11791.7074416876,39379000.0,10055780.0
HUN,Hungary,Europe & Central Asia,High income,2008,11929.7209867703,39554000.0,10038188.0
HUN,Hungary,Europe & Central Asia,High income,2009,11142.885928524,40624000.0,10022650.0
HUN,Hungary,Europe & Central Asia,High income,2010,11287.3686666108,39904000.0,10000023.0
HUN,Hungary,Europe & Central Asia,High income,2011,11536.3578996772,41304000.0,9971727.0
HUN,Hungary,Europe & Central Asia,High income,2012,11440.7622718825,43565000.0,9920362.0
HUN,Hungary,Europe & Central Asia,High income,2013,11729.5720798501,43611000.0,9872734.0
HUN,Hungary,Europe & Central Asia,High income,2014,12287.3779441033,45984000.0,9833038.0
HUN,Hungary,Europe & Central Asia,High income,2015,12782.9412577973,48345000.0,9797755.0
HUN,Hungary,Europe & Central Asia,High income,2016,13145.6559885563,52890000.0,9759755.0
HUN,Hungary,Europe & Central Asia,High income,2017,13734.2442804335,54962000.0,9726756.0
HUN,Hungary,Europe & Central Asia,High income,2018,14533.7783144312,57667000.0,9706964.0
HUN,Hungary,Europe & Central Asia,High income,2019,15290.8085466331,61397000.0,9694824.0
HUN,Hungary,Europe & Central Asia,High income,2020,14664.2971195385,31641000.0,9670419.0
HUN,Hungary,Europe & Central Asia,High income,2021,15787.9535427563,,9630932.0
HUN,Hungary,Europe & Central Asia,High income,2022,16487.7973935944,,9605074.0
HUN,Hungary,Europe & Central Asia,High income,2023,16375.0462724192,,9592186.0
HUN,Hungary,Europe & Central Asia,High income,2024,16543.1049095203,,9562065.0
IDN,Indonesia,East Asia & Pacific,Upper middle income,1980,1061.791789401,,148950540.0
IDN,Indonesia,East Asia & Pacific,Upper middle income,1981,1119.39911020788,,152485035.0
IDN,Indonesia,East Asia & Pacific,Upper middle income,1982,1118.38320739334,,156052152.0
IDN,Indonesia,East Asia & Pacific,Upper middle income,1983,1139.00630123248,,159651381.0
IDN,Indonesia,East Asia & Pacific,Upper middle income,1984,1191.59058771764,,163251124.0
IDN,Indonesia,East Asia & Pacific,Upper middle income,1985,1195.12311547851,,166776185.0
IDN,Indonesia,East Asia & Pacific,Upper middle income,1986,1240.06475649342,,170175065.0
IDN,Indonesia,East Asia & Pacific,Upper middle income,1987,1276.13231995892,,173511154.0
IDN,Indonesia,East Asia & Pacific,Upper middle income,1988,1324.37572952378,,176855065.0
IDN,Indonesia,East Asia & Pacific,Upper middle income,1989,1396.699709074,,180201630.0
IDN,Indonesia,East Asia & Pacific,Upper middle income,1990,1470.91822258528,,183501098.0
IDN,Indonesia,East Asia & Pacific,Upper middle income,1991,1544.99580894527,,186778238.0
IDN,Indonesia,East Asia & Pacific,Upper middle income,1992,1617.10954872218,,190043744.0
IDN,Indonesia,East Asia & Pacific,Upper middle income,1993,1693.1074260189,,193305168.0
IDN,Indonesia,East Asia & Pacific,Upper middle income,1994,1790.32729962455,,196591828.0
IDN,Indonesia,East Asia & Pacific,Upper middle income,1995,1905.54236111238,4324000.0,199888057.0
IDN,Indonesia,East Asia & Pacific,Upper middle income,1996,2020.99148132509,5034000.0,203204348.0
IDN,Indonesia,East Asia & Pacific,Upper middle income,1997,2081.8416693962,5185000.0,206536095.0
IDN,Indonesia,East Asia & Pacific,Upper middle income,1998,1780.20049544892,4606000.0,209826788.0
IDN,Indonesia,East Asia & Pacific,Upper middle income,1999,1767.51466729756,4728000.0,213004668.0
IDN,Indonesia,East Asia & Pacific,Upper middle income,2000,1828.10265968361,5064000.0,216077790.0
IDN,Indonesia,East Asia & Pacific,Upper middle income,2001,1868.59172307292,5153000.0,219097902.0
IDN,Indonesia,East Asia & Pacific,Upper middle income,2002,1926.37435868149,5033000.0,222088495.0
IDN,Indonesia,East Asia & Pacific,Upper middle income,2003,1991.91820506473,4467000.0,225048008.0
IDN,Indonesia,East Asia & Pacific,Upper middle income,2004,2065.70617470842,5321000.0,227926649.0
IDN,Indonesia,East Asia & Pacific,Upper middle income,2005,2155.4478015921,5002000.0,230871650.0
IDN,Indonesia,East Asia & Pacific,Upper middle income,2006,2244.0802226202,4871000.0,233951652.0
IDN,Indonesia,East Asia & Pacific,Upper middle income,2007,2355.1528565328,5506000.0,237062337.0
IDN,Indonesia,East Asia & Pacific,Upper middle income,2008,2464.60193418272,6234000.0,240157903.0
IDN,Indonesia,East Asia & Pacific,Upper middle income,2009,2546.21969707767,6324000.0,243220028.0
IDN,Indonesia,East Asia & Pacific,Upper middle income,2010,2670.8129098953,7003000.0,246305322.0
IDN,Indonesia,East Asia & Pacific,Upper middle income,2011,2799.62468790318,7650000.0,249470032.0
IDN,Indonesia,East Asia & Pacific,Upper middle income,2012,2930.518445323,8044000.0,252698525.0
IDN,Indonesia,East Asia & Pacific,Upper middle income,2013,3055.24246006469,8802000.0,255852467.0
IDN,Indonesia,East Asia & Pacific,Upper middle income,2014,3170.72103011429,9435000.0,258877399.0
IDN,Indonesia,East Asia & Pacific,Upper middle income,2015,3288.22269725538,10407000.0,261799249.0
IDN,Indonesia,East Asia & Pacific,Upper middle income,2016,3416.81005170972,11519000.0,264627418.0
IDN,Indonesia,East Asia & Pacific,Upper middle income,2017,3553.51999262321,14040000.0,267346658.0
IDN,Indonesia,East Asia & Pacific,Upper middle income,2018,3701.32155461912,15810000.0,269951846.0
IDN,Indonesia,East Asia & Pacific,Upper middle income,2019,3850.90321738979,16107000.0,272489381.0
IDN,Indonesia,East Asia & Pacific,Upper middle income,2020,3739.44906563161,4053000.0,274814866.0
IDN,Indonesia,East Asia & Pacific,Upper middle income,2021,3850.68877253903,,276758053.0
IDN,Indonesia,East Asia & Pacific,Upper middle income,2022,4024.91225288391,,278830529.0
IDN,Indonesia,East Asia & Pacific,Upper middle income,2023,4192.64401034181,,281190067.0
IDN,Indonesia,East Asia & Pacific,Upper middle income,2024,4367.94741847938,,283487931.0
IMN,Isle of Man,Europe & Central Asia,High income,1980,,,64076.0
IMN,Isle of Man,Europe & Central Asia,High income,1981,,,64596.0
IMN,Isle of Man,Europe & Central Asia,High income,1982,,,64686.0
IMN,Isle of Man,Europe & Central Asia,High income,1983,,,64630.0
IMN,Isle of Man,Europe & Central Asia,High income,1984,18303.4356649234,,64528.0
IMN,Isle of Man,Europe & Central Asia,High income,1985,18416.3589164412,,64401.0
IMN,Isle of Man,Europe & Central Asia,High income,1986,21835.2224329301,,64695.0
IMN,Isle of Man,Europe & Central Asia,High income,1987,23666.1501333527,,65597.0
IMN,Isle of Man,Europe & Central Asia,High income,1988,26035.8540320139,,66680.0
IMN,Isle of Man,Europe & Central Asia,High income,1989,27362.5680646573,,67790.0
IMN,Isle of Man,Europe & Central Asia,High income,1990,28042.4441205102,,68916.0
IMN,Isle of Man,Europe & Central Asia,High income,1991,28128.4485818915,,69808.0
IMN,Isle of Man,Europe & Central Asia,High income,1992,28133.8324364624,,70353.0
IMN,Isle of Man,Europe & Central Asia,High income,1993,28694.4160940259,,70772.0
IMN,Isle of Man,Europe & Central Asia,High income,1994,29676.1422111499,,71168.0
IMN,Isle of Man,Europe & Central Asia,High income,1995,30802.8930909929,,71513.0
IMN,Isle of Man,Europe & Central Asia,High income,1996,32928.8324560471,,72047.0
IMN,Isle of Man,Europe & Central Asia,High income,1997,35337.9128286621,,72909.0
IMN,Isle of Man,Europe & Central Asia,High income,1998,39591.5712572814,,73861.0
IMN,Isle of Man,Europe & Central Asia,High income,1999,44456.4562710624,,74790.0
IMN,Isle of Man,Europe & Central Asia,High income,2000,46274.9709691403,,75659.0
IMN,Isle of Man,Europe & Central Asia,High income,2001,48252.7638498277,,76476.0
IMN,Isle of Man,Europe & Central Asia,High income,2002,50714.5824703383,,77275.0
IMN,Isle of Man,Europe & Central Asia,High income,2003,53224.3527757804,,78049.0
IMN,Isle of Man,Europe & Central Asia,High income,2004,55464.0220993356,,78792.0
IMN,Isle of Man,Europe & Central Asia,High income,2005,58201.5990838178,,79516.0
IMN,Isle of Man,Europe & Central Asia,High income,2006,62075.7601604994,,80294.0
IMN,Isle of Man,Europe & Central Asia,High income,2007,66029.9755907183,,81147.0
IMN,Isle of Man,Europe & Central Asia,High income,2008,68520.6825624937,,82029.0
IMN,Isle of Man,Europe & Central Asia,High income,2009,69192.0258221691,,82939.0
IMN,Isle of Man,Europe & Central Asia,High income,2010,70747.8417587183,,83873.0
IMN,Isle of Man,Europe & Central Asia,High income,2011,71727.5055082703,,84382.0
IMN,Isle of Man,Europe & Central Asia,High income,2012,77009.2978612012,,84335.0
IMN,Isle of Man,Europe & Central Asia,High income,2013,80383.8273088527,,84141.0
IMN,Isle of Man,Europe & Central Asia,High income,2014,84778.5806639347,,83892.0
IMN,Isle of Man,Europe & Central Asia,High income,2015,84753.5187422732,,83593.0
IMN,Isle of Man,Europe & Central Asia,High income,2016,90783.7647245394,,83466.0
IMN,Isle of Man,Europe & Central Asia,High income,2017,93200.3108083857,,83609.0
IMN,Isle of Man,Europe & Central Asia,High income,2018,95040.4061748938,,83805.0
IMN,Isle of Man,Europe & Central Asia,High income,2019,95110.1385990737,,83957.0
IMN,Isle of Man,Europe & Central Asia,High income,2020,86595.0676099275,,84064.0
IMN,Isle of Man,Europe & Central Asia,High income,2021,89873.5420093569,,84106.0
IMN,Isle of Man,Europe & Central Asia,High income,2022,86100.5672917037,,84132.0
IMN,Isle of Man,Europe & Central Asia,High income,2023,84315.137992954,,84165.0
IMN,Isle of Man,Europe & Central Asia,High income,2024,,,84160.0
IND,India,South Asia,Lower middle income,1980,394.182239921013,,687354025.0
IND,India,South Asia,Lower middle income,1981,408.153549793307,,703696250.0
IND,India,South Asia,Lower middle income,1982,412.596737104221,,720313473.0
IND,India,South Asia,Lower middle income,1983,432.429235384759,,737372681.0
IND,India,South Asia,Lower middle income,1984,438.541705512915,,754875449.0
IND,India,South Asia,Lower middle income,1985,450.966703855867,,772647793.0
IND,India,South Asia,Lower middle income,1986,461.725611476403,,790689978.0
IND,India,South Asia,Lower middle income,1987,469.209956296394,,808931270.0
IND,India,South Asia,Lower middle income,1988,502.937342187065,,827342990.0
IND,India,South Asia,Lower middle income,1989,521.073383839123,,846039529.0
IND,India,South Asia,Lower middle income,1990,537.870269536103,,864972221.0
IND,India,South Asia,Lower middle income,1991,531.898397833351,,883927600.0
IND,India,South Asia,Lower middle income,1992,549.235069964895,,902957070.0
IND,India,South Asia,Lower middle income,1993,563.372872336747,,922118387.0
IND,India,South Asia,Lower middle income,1994,588.727892180632,,941163767.0
IND,India,South Asia,Lower middle income,1995,620.699954336366,2124000.0,960301044.0
IND,India,South Asia,Lower middle income,1996,654.355928434052,2288000.0,979678458.0
IND,India,South Asia,Lower middle income,1997,667.598423093399,2374000.0,999133762.0
IND,India,South Asia,Lower middle income,1998,695.293709337082,2359000.0,1018665080.0
IND,India,South Asia,Lower middle income,1999,742.53920839812,2482000.0,1038225823.0
IND,India,South Asia,Lower middle income,2000,756.704109533187,2649000.0,1057922733.0
IND,India,South Asia,Lower middle income,2001,778.507377522499,2537000.0,1077898575.0
IND,India,South Asia,Lower middle income,2002,793.615912901002,2384000.0,1097600380.0
IND,India,South Asia,Lower middle income,2003,841.278894562408,2726000.0,1116803006.0
IND,India,South Asia,Lower middle income,2004,892.596614580718,3457000.0,1135991513.0
IND,India,South Asia,Lower middle income,2005,947.732565644272,3919000.0,1154676322.0
IND,India,South Asia,Lower middle income,2006,1008.23275344818,4447000.0,1172878890.0
IND,India,South Asia,Lower middle income,2007,1069.24696812234,5082000.0,1190676021.0
IND,India,South Asia,Lower middle income,2008,1086.50605251005,5283000.0,1207930964.0
IND,India,South Asia,Lower middle income,2009,1155.10163273817,5168000.0,1225524753.0
IND,India,South Asia,Lower middle income,2010,1235.15939132939,5776000.0,1243481564.0
IND,India,South Asia,Lower middle income,2011,1281.61054354937,6309000.0,1261224954.0
IND,India,South Asia,Lower middle income,2012,1333.09626557649,6578000.0,1278674502.0
IND,India,South Asia,Lower middle income,2013,1399.4537980281,6968000.0,1295829511.0
IND,India,South Asia,Lower middle income,2014,1484.31640682961,13107000.0,1312277191.0
IND,India,South Asia,Lower middle income,2015,1583.99815907985,13284000.0,1328024498.0
IND,India,South Asia,Lower middle income,2016,1694.46534973787,14570000.0,1343944296.0
IND,India,South Asia,Lower middle income,2017,1788.69770318481,15543000.0,1359657400.0
IND,India,South Asia,Lower middle income,2018,1883.35772705055,17423000.0,1374659064.0
IND,India,South Asia,Lower middle income,2019,1936.03067741063,17914000.0,1389030312.0
IND,India,South Asia,Lower middle income,2020,1806.50110583865,,1402617695.0
IND,India,South Asia,Lower middle income,2021,1965.30943437472,,1414203896.0
IND,India,South Asia,Lower middle income,2022,2098.21124476122,,1425423212.0
IND,India,South Asia,Lower middle income,2023,2229.71491223037,,1438069596.0
IND,India,South Asia,Lower middle income,2024,2366.8328910323,,1450935791.0
IRL,Ireland,Europe & Central Asia,High income,1980,16921.795746439,,3412800.0
IRL,Ireland,Europe & Central Asia,High income,1981,17280.9270056772,,3453000.0
IRL,Ireland,Europe & Central Asia,High income,1982,17509.2117546219,,3485800.0
IRL,Ireland,Europe & Central Asia,High income,1983,17343.0480497196,,3510600.0
IRL,Ireland,Europe & Central Asia,High income,1984,17986.419721408,,3532423.0
IRL,Ireland,Europe & Central Asia,High income,1985,18511.7551873722,,3538082.0
IRL,Ireland,Europe & Central Asia,High income,1986,18424.0903029613,,3539690.0
IRL,Ireland,Europe & Central Asia,High income,1987,19281.2232196111,,3540057.0
IRL,Ireland,Europe & Central Asia,High income,1988,20374.1557006031,,3524949.0
IRL,Ireland,Europe & Central Asia,High income,1989,21644.2887602714,,3511009.0
IRL,Ireland,Europe & Central Asia,High income,1990,23456.999356198,,3513974.0
IRL,Ireland,Europe & Central Asia,High income,1991,23772.5663058612,,3534235.0
IRL,Ireland,Europe & Central Asia,High income,1992,24400.3064402451,,3558430.0
IRL,Ireland,Europe & Central Asia,High income,1993,24932.3770542724,,3576261.0
IRL,Ireland,Europe & Central Asia,High income,1994,26263.7091752353,,3590386.0
IRL,Ireland,Europe & Central Asia,High income,1995,28646.8176219898,4818000.0,3608841.0
IRL,Ireland,Europe & Central Asia,High income,1996,30518.4039336362,5289000.0,3637510.0
IRL,Ireland,Europe & Central Asia,High income,1997,33543.9942975657,5587000.0,3674171.0
IRL,Ireland,Europe & Central Asia,High income,1998,36105.9184837456,6064000.0,3712696.0
IRL,Ireland,Europe & Central Asia,High income,1999,39460.4758655009,6403000.0,3754786.0
IRL,Ireland,Europe & Central Asia,High income,2000,42599.4803921319,6646000.0,3805174.0
IRL,Ireland,Europe & Central Asia,High income,2001,44151.1536032557,6353000.0,3866243.0
IRL,Ireland,Europe & Central Asia,High income,2002,45974.4881988842,6476000.0,3931947.0
IRL,Ireland,Europe & Central Asia,High income,2003,46594.8620267616,6764000.0,3996521.0
IRL,Ireland,Europe & Central Asia,High income,2004,48856.3238587396,6953000.0,4070262.0
IRL,Ireland,Europe & Central Asia,High income,2005,50547.2123729763,7333000.0,4159914.0
IRL,Ireland,Europe & Central Asia,High income,2006,51656.8194855887,8001000.0,4273591.0
IRL,Ireland,Europe & Central Asia,High income,2007,52849.6948429458,8332000.0,4398942.0
IRL,Ireland,Europe & Central Asia,High income,2008,49461.1594281353,8026000.0,4489544.0
IRL,Ireland,Europe & Central Asia,High income,2009,46466.3794269222,7189000.0,4535375.0
IRL,Ireland,Europe & Central Asia,High income,2010,46991.6464673949,7134000.0,4560155.0
IRL,Ireland,Europe & Central Asia,High income,2011,47539.9181739968,7630000.0,4580084.0
IRL,Ireland,Europe & Central Asia,High income,2012,47147.1604669421,7550000.0,4599533.0
IRL,Ireland,Europe & Central Asia,High income,2013,47928.0346487005,8260000.0,4623816.0
IRL,Ireland,Europe & Central Asia,High income,2014,52044.6201181887,8813000.0,4657740.0
IRL,Ireland,Europe & Central Asia,High income,2015,64250.1385181257,9528000.0,4701957.0
IRL,Ireland,Europe & Central Asia,High income,2016,64205.979777351,10100000.0,4762722.0
IRL,Ireland,Europe & Central Asia,High income,2017,69748.6221034014,10338000.0,4827445.0
IRL,Ireland,Europe & Central Asia,High income,2018,74029.0550611436,10926000.0,4898022.0
IRL,Ireland,Europe & Central Asia,High income,2019,76485.635854651,10951000.0,4976456.0
IRL,Ireland,Europe & Central Asia,High income,2020,80927.936475395,,5039747.0
IRL,Ireland,Europe & Central Asia,High income,2021,92781.2322150786,,5110585.0
IRL,Ireland,Europe & Central Asia,High income,2022,97793.5366671697,,5212836.0
IRL,Ireland,Europe & Central Asia,High income,2023,93541.9643678381,,5311538.0
IRL,Ireland,Europe & Central Asia,High income,2024,94474.9879707069,,5395790.0
IRN,"Iran, Islamic Rep.","Middle East, North Africa, Afghanistan & Pakistan",Upper middle income,1980,3793.35429688212,,39842324.0
IRN,"Iran, Islamic Rep.","Middle East, North Africa, Afghanistan & Pakistan",Upper middle income,1981,3394.34358172067,,41989312.0
IRN,"Iran, Islamic Rep.","Middle East, North Africa, Afghanistan & Pakistan",Upper middle income,1982,3965.27550470445,,44272141.0
IRN,"Iran, Islamic Rep.","Middle East, North Africa, Afghanistan & Pakistan",Upper middle income,1983,4236.71681089406,,46029535.0
IRN,"Iran, Islamic Rep.","Middle East, North Africa, Afghanistan & Pakistan",Upper middle income,1984,3788.97762858202,,47793998.0
IRN,"Iran, Islamic Rep.","Middle East, North Africa, Afghanistan & Pakistan",Upper middle income,1985,3720.53262273169,,49582289.0
IRN,"Iran, Islamic Rep.","Middle East, North Africa, Afghanistan & Pakistan",Upper middle income,1986,3234.88543131803,,51446045.0
IRN,"Iran, Islamic Rep.","Middle East, North Africa, Afghanistan & Pakistan",Upper middle income,1987,3115.61803177018,,53323493.0
IRN,"Iran, Islamic Rep.","Middle East, North Africa, Afghanistan & Pakistan",Upper middle income,1988,2833.18757791548,,55072694.0
IRN,"Iran, Islamic Rep.","Middle East, North Africa, Afghanistan & Pakistan",Upper middle income,1989,2920.36931132344,,56704914.0
IRN,"Iran, Islamic Rep.","Middle East, North Africa, Afghanistan & Pakistan",Upper middle income,1990,3222.20102704479,,58380092.0
IRN,"Iran, Islamic Rep.","Middle East, North Africa, Afghanistan & Pakistan",Upper middle income,1991,3534.65396417255,,59986931.0
IRN,"Iran, Islamic Rep.","Middle East, North Africa, Afghanistan & Pakistan",Upper middle income,1992,3579.73221786246,,61184983.0
IRN,"Iran, Islamic Rep.","Middle East, North Africa, Afghanistan & Pakistan",Upper middle income,1993,3514.51966574661,,61403543.0
IRN,"Iran, Islamic Rep.","Middle East, North Africa, Afghanistan & Pakistan",Upper middle income,1994,3448.25956881527,,61520598.0
IRN,"Iran, Islamic Rep.","Middle East, North Africa, Afghanistan & Pakistan",Upper middle income,1995,3492.17204969482,452000.0,62205567.0
IRN,"Iran, Islamic Rep.","Middle East, North Africa, Afghanistan & Pakistan",Upper middle income,1996,3674.0326860276,573000.0,62881300.0
IRN,"Iran, Islamic Rep.","Middle East, North Africa, Afghanistan & Pakistan",Upper middle income,1997,3679.27534912962,764000.0,63639638.0
IRN,"Iran, Islamic Rep.","Middle East, North Africa, Afghanistan & Pakistan",Upper middle income,1998,3704.56563043092,1008000.0,64519859.0
IRN,"Iran, Islamic Rep.","Middle East, North Africa, Afghanistan & Pakistan",Upper middle income,1999,3725.31745828772,1321000.0,65445391.0
IRN,"Iran, Islamic Rep.","Middle East, North Africa, Afghanistan & Pakistan",Upper middle income,2000,3885.30183360649,1342000.0,66418659.0
IRN,"Iran, Islamic Rep.","Middle East, North Africa, Afghanistan & Pakistan",Upper middle income,2001,3917.29935489016,1402000.0,67452005.0
IRN,"Iran, Islamic Rep.","Middle East, North Africa, Afghanistan & Pakistan",Upper middle income,2002,4198.95356080727,1585000.0,68011317.0
IRN,"Iran, Islamic Rep.","Middle East, North Africa, Afghanistan & Pakistan",Upper middle income,2003,4511.43134034458,1546000.0,68769340.0
IRN,"Iran, Islamic Rep.","Middle East, North Africa, Afghanistan & Pakistan",Upper middle income,2004,4607.45169088209,1659000.0,70256316.0
IRN,"Iran, Islamic Rep.","Middle East, North Africa, Afghanistan & Pakistan",Upper middle income,2005,4650.35841490708,1889000.0,71828455.0
IRN,"Iran, Islamic Rep.","Middle East, North Africa, Afghanistan & Pakistan",Upper middle income,2006,4778.7934584732,2735000.0,73392747.0
IRN,"Iran, Islamic Rep.","Middle East, North Africa, Afghanistan & Pakistan",Upper middle income,2007,5084.71796043623,2219000.0,74602648.0
IRN,"Iran, Islamic Rep.","Middle East, North Africa, Afghanistan & Pakistan",Upper middle income,2008,5035.94008533618,2034000.0,75514204.0
IRN,"Iran, Islamic Rep.","Middle East, North Africa, Afghanistan & Pakistan",Upper middle income,2009,5023.89314362941,2116000.0,76457825.0
IRN,"Iran, Islamic Rep.","Middle East, North Africa, Afghanistan & Pakistan",Upper middle income,2010,5249.06133369759,2938000.0,77420842.0
IRN,"Iran, Islamic Rep.","Middle East, North Africa, Afghanistan & Pakistan",Upper middle income,2011,5321.75870744453,3354000.0,78383598.0
IRN,"Iran, Islamic Rep.","Middle East, North Africa, Afghanistan & Pakistan",Upper middle income,2012,5058.64637811835,3834000.0,79370580.0
IRN,"Iran, Islamic Rep.","Middle East, North Africa, Afghanistan & Pakistan",Upper middle income,2013,4916.97291948475,4769000.0,80414686.0
IRN,"Iran, Islamic Rep.","Middle East, North Africa, Afghanistan & Pakistan",Upper middle income,2014,5093.20319702187,4968000.0,81502045.0
IRN,"Iran, Islamic Rep.","Middle East, North Africa, Afghanistan & Pakistan",Upper middle income,2015,4952.73355532178,5237000.0,82619362.0
IRN,"Iran, Islamic Rep.","Middle East, North Africa, Afghanistan & Pakistan",Upper middle income,2016,5312.61724954192,4942000.0,83812228.0
IRN,"Iran, Islamic Rep.","Middle East, North Africa, Afghanistan & Pakistan",Upper middle income,2017,5395.2398398598,4867000.0,85026754.0
IRN,"Iran, Islamic Rep.","Middle East, North Africa, Afghanistan & Pakistan",Upper middle income,2018,5127.22495367018,7295000.0,86117998.0
IRN,"Iran, Islamic Rep.","Middle East, North Africa, Afghanistan & Pakistan",Upper middle income,2019,4952.45669081078,9107000.0,87051648.0
IRN,"Iran, Islamic Rep.","Middle East, North Africa, Afghanistan & Pakistan",Upper middle income,2020,5132.82430762118,1550000.0,87723443.0
IRN,"Iran, Islamic Rep.","Middle East, North Africa, Afghanistan & Pakistan",Upper middle income,2021,5300.62271961895,,88455488.0
IRN,"Iran, Islamic Rep.","Middle East, North Africa, Afghanistan & Pakistan",Upper middle income,2022,5465.31447539413,,89524246.0
IRN,"Iran, Islamic Rep.","Middle East, North Africa, Afghanistan & Pakistan",Upper middle income,2023,5687.84396268742,,90608707.0
IRN,"Iran, Islamic Rep.","Middle East, North Africa, Afghanistan & Pakistan",Upper middle income,2024,5834.44296939863,,91567738.0
IRQ,Iraq,"Middle East, North Africa, Afghanistan & Pakistan",Upper middle income,1980,2924.31916822628,,13591992.0
IRQ,Iraq,"Middle East, North Africa, Afghanistan & Pakistan",Upper middle income,1981,2817.12121531585,,14006381.0
IRQ,Iraq,"Middle East, North Africa, Afghanistan & Pakistan",Upper middle income,1982,2833.0144210139,,14406083.0
IRQ,Iraq,"Middle East, North Africa, Afghanistan & Pakistan",Upper middle income,1983,2390.54919750291,,14840555.0
IRQ,Iraq,"Middle East, North Africa, Afghanistan & Pakistan",Upper middle income,1984,2282.72261735824,,15310733.0
IRQ,Iraq,"Middle East, North Africa, Afghanistan & Pakistan",Upper middle income,1985,2260.8763214908,,15683430.0
IRQ,Iraq,"Middle East, North Africa, Afghanistan & Pakistan",Upper middle income,1986,2308.44327504947,,16074145.0
IRQ,Iraq,"Middle East, North Africa, Afghanistan & Pakistan",Upper middle income,1987,2454.9950238006,,16521049.0
IRQ,Iraq,"Middle East, North Africa, Afghanistan & Pakistan",Upper middle income,1988,2398.23797711999,,16908819.0
IRQ,Iraq,"Middle East, North Africa, Afghanistan & Pakistan",Upper middle income,1989,2262.47044477723,,17364542.0
IRQ,Iraq,"Middle East, North Africa, Afghanistan & Pakistan",Upper middle income,1990,3526.57925126853,,17581206.0
IRQ,Iraq,"Middle East, North Africa, Afghanistan & Pakistan",Upper middle income,1991,1254.63057385597,,17767253.0
IRQ,Iraq,"Middle East, North Africa, Afghanistan & Pakistan",Upper middle income,1992,1615.03903542774,,18300845.0
IRQ,Iraq,"Middle East, North Africa, Afghanistan & Pakistan",Upper middle income,1993,2005.56353164115,,19201195.0
IRQ,Iraq,"Middle East, North Africa, Afghanistan & Pakistan",Upper middle income,1994,1985.79691950682,,20139807.0
IRQ,Iraq,"Middle East, North Africa, Afghanistan & Pakistan",Upper middle income,1995,1961.09255088499,61000.0,20825860.0
IRQ,Iraq,"Middle East, North Africa, Afghanistan & Pakistan",Upper middle income,1996,2108.82328338114,51000.0,21501321.0
IRQ,Iraq,"Middle East, North Africa, Afghanistan & Pakistan",Upper middle income,1997,2478.84310444349,15000.0,22176593.0
IRQ,Iraq,"Middle East, North Africa, Afghanistan & Pakistan",Upper middle income,1998,3242.95733892317,45000.0,22884399.0
IRQ,Iraq,"Middle East, North Africa, Afghanistan & Pakistan",Upper middle income,1999,3691.74051342189,30000.0,23636527.0
IRQ,Iraq,"Middle East, North Africa, Afghanistan & Pakistan",Upper middle income,2000,4172.78025105244,78000.0,24424056.0
IRQ,Iraq,"Middle East, North Africa, Afghanistan & Pakistan",Upper middle income,2001,4116.09405320279,127000.0,25197840.0
IRQ,Iraq,"Middle East, North Africa, Afghanistan & Pakistan",Upper middle income,2002,3660.92527507177,,26006559.0
IRQ,Iraq,"Middle East, North Africa, Afghanistan & Pakistan",Upper middle income,2003,2250.06990123369,,26802659.0
IRQ,Iraq,"Middle East, North Africa, Afghanistan & Pakistan",Upper middle income,2004,3354.26588756715,,27577878.0
IRQ,Iraq,"Middle East, North Africa, Afghanistan & Pakistan",Upper middle income,2005,3310.86344473993,,28407448.0
IRQ,Iraq,"Middle East, North Africa, Afghanistan & Pakistan",Upper middle income,2006,3471.98744698568,,28616515.0
IRQ,Iraq,"Middle East, North Africa, Afghanistan & Pakistan",Upper middle income,2007,3565.58054079041,,28391607.0
IRQ,Iraq,"Middle East, North Africa, Afghanistan & Pakistan",Upper middle income,2008,3781.78001712762,864000.0,28971036.0
IRQ,Iraq,"Middle East, North Africa, Afghanistan & Pakistan",Upper middle income,2009,3768.17284328983,1262000.0,30058206.0
IRQ,Iraq,"Middle East, North Africa, Afghanistan & Pakistan",Upper middle income,2010,3881.94327045302,1518000.0,31045366.0
IRQ,Iraq,"Middle East, North Africa, Afghanistan & Pakistan",Upper middle income,2011,4030.01686860986,1510000.0,32161424.0
IRQ,Iraq,"Middle East, North Africa, Afghanistan & Pakistan",Upper middle income,2012,4387.90469058707,1111000.0,33654842.0
IRQ,Iraq,"Middle East, North Africa, Afghanistan & Pakistan",Upper middle income,2013,4504.82687537354,892000.0,35281989.0
IRQ,Iraq,"Middle East, North Africa, Afghanistan & Pakistan",Upper middle income,2014,4446.97343234862,,36550059.0
IRQ,Iraq,"Middle East, North Africa, Afghanistan & Pakistan",Upper middle income,2015,4440.14189252367,,37560535.0
IRQ,Iraq,"Middle East, North Africa, Afghanistan & Pakistan",Upper middle income,2016,4932.9272911439,,38469627.0
IRQ,Iraq,"Middle East, North Africa, Afghanistan & Pakistan",Upper middle income,2017,4736.32710809857,,39337353.0
IRQ,Iraq,"Middle East, North Africa, Afghanistan & Pakistan",Upper middle income,2018,4749.00921836896,,40265624.0
IRQ,Iraq,"Middle East, North Africa, Afghanistan & Pakistan",Upper middle income,2019,4898.14897668582,,41192171.0
IRQ,Iraq,"Middle East, North Africa, Afghanistan & Pakistan",Upper middle income,2020,4213.99843766061,,42116605.0
IRQ,Iraq,"Middle East, North Africa, Afghanistan & Pakistan",Upper middle income,2021,4182.50064045825,,43071211.0
IRQ,Iraq,"Middle East, North Africa, Afghanistan & Pakistan",Upper middle income,2022,4412.99733146512,,44070551.0
IRQ,Iraq,"Middle East, North Africa, Afghanistan & Pakistan",Upper middle income,2023,4337.0870532422,,45074049.0
IRQ,Iraq,"Middle East, North Africa, Afghanistan & Pakistan",Upper middle income,2024,4180.29619477317,,46042015.0
ISL,Iceland,Europe & Central Asia,High income,1980,31797.028945465,,228138.0
ISL,Iceland,Europe & Central Asia,High income,1981,32777.1832348301,,230755.0
ISL,Iceland,Europe & Central Asia,High income,1982,33038.8245612084,,233860.0
ISL,Iceland,Europe & Central Asia,High income,1983,31902.8887708197,,236977.0
ISL,Iceland,Europe & Central Asia,High income,1984,32868.7307491229,,239511.0
ISL,Iceland,Europe & Central Asia,High income,1985,33684.674976315,,241405.0
ISL,Iceland,Europe & Central Asia,High income,1986,35535.6008703994,,243180.0
ISL,Iceland,Europe & Central Asia,High income,1987,38152.1475894792,,245859.0
ISL,Iceland,Europe & Central Asia,High income,1988,37525.5566334753,,249740.0
ISL,Iceland,Europe & Central Asia,High income,1989,37159.494654456,,252852.0
ISL,Iceland,Europe & Central Asia,High income,1990,37302.8060599712,,254826.0
ISL,Iceland,Europe & Central Asia,High income,1991,36790.4868486955,,257797.0
ISL,Iceland,Europe & Central Asia,High income,1992,35105.2870333046,,261057.0
ISL,Iceland,Europe & Central Asia,High income,1993,35206.5664833565,,263725.0
ISL,Iceland,Europe & Central Asia,High income,1994,36162.2911509183,,266021.0
ISL,Iceland,Europe & Central Asia,High income,1995,36008.5846495164,211000.0,267468.0
ISL,Iceland,Europe & Central Asia,High income,1996,37425.5142753793,223000.0,268916.0
ISL,Iceland,Europe & Central Asia,High income,1997,38657.2763911898,223000.0,271128.0
ISL,Iceland,Europe & Central Asia,High income,1998,40926.715820447,255000.0,274047.0
ISL,Iceland,Europe & Central Asia,High income,1999,42010.9376256893,281000.0,277381.0
ISL,Iceland,Europe & Central Asia,High income,2000,43472.3369951306,328000.0,281205.0
ISL,Iceland,Europe & Central Asia,High income,2001,44545.9822738464,329000.0,284968.0
ISL,Iceland,Europe & Central Asia,High income,2002,44389.5560604909,315000.0,287523.0
ISL,Iceland,Europe & Central Asia,High income,2003,45088.9226082383,348000.0,289521.0
ISL,Iceland,Europe & Central Asia,High income,2004,48101.7116415743,405000.0,292074.0
ISL,Iceland,Europe & Central Asia,High income,2005,50674.4411406649,429000.0,296734.0
ISL,Iceland,Europe & Central Asia,High income,2006,52306.128485789,477000.0,303782.0
ISL,Iceland,Europe & Central Asia,High income,2007,55457.3601614503,539000.0,311566.0
ISL,Iceland,Europe & Central Asia,High income,2008,55360.8136012406,561000.0,317414.0
ISL,Iceland,Europe & Central Asia,High income,2009,50581.0846167336,563000.0,318499.0
ISL,Iceland,Europe & Central Asia,High income,2010,49528.4864733411,559000.0,318041.0
ISL,Iceland,Europe & Central Asia,High income,2011,50058.8302665144,628000.0,319014.0
ISL,Iceland,Europe & Central Asia,High income,2012,50375.4117054195,765000.0,320716.0
ISL,Iceland,Europe & Central Asia,High income,2013,51696.0876507326,900000.0,323764.0
ISL,Iceland,Europe & Central Asia,High income,2014,52102.575810195,1102000.0,327386.0
ISL,Iceland,Europe & Central Asia,High income,2015,53505.6964079339,1389000.0,330815.0
ISL,Iceland,Europe & Central Asia,High income,2016,56049.2928672039,1891000.0,335439.0
ISL,Iceland,Europe & Central Asia,High income,2017,56657.9800322797,2353000.0,343400.0
ISL,Iceland,Europe & Central Asia,High income,2018,57731.6523639512,2488000.0,352721.0
ISL,Iceland,Europe & Central Asia,High income,2019,57118.8452777198,2202000.0,360563.0
ISL,Iceland,Europe & Central Asia,High income,2020,52464.3073240589,488000.0,366463.0
ISL,Iceland,Europe & Central Asia,High income,2021,54285.0209203242,,372520.0
ISL,Iceland,Europe & Central Asia,High income,2022,57626.2533717585,,382003.0
ISL,Iceland,Europe & Central Asia,High income,2023,59951.7537739692,,385663.0
ISL,Iceland,Europe & Central Asia,High income,2024,59053.5648370451,,386506.0
ISR,Israel,"Middle East, North Africa, Afghanistan & Pakistan",High income,1980,18597.509172637,,3878000.0
ISR,Israel,"Middle East, North Africa, Afghanistan & Pakistan",High income,1981,19204.336860022,,3956000.0
ISR,Israel,"Middle East, North Africa, Afghanistan & Pakistan",High income,1982,19239.5140824969,,4031000.0
ISR,Israel,"Middle East, North Africa, Afghanistan & Pakistan",High income,1983,19527.3117937211,,4105000.0
ISR,Israel,"Middle East, North Africa, Afghanistan & Pakistan",High income,1984,19453.6368526939,,4159000.0
ISR,Israel,"Middle East, North Africa, Afghanistan & Pakistan",High income,1985,19885.1571367391,,4233000.0
ISR,Israel,"Middle East, North Africa, Afghanistan & Pakistan",High income,1986,20400.2969995076,,4299000.0
ISR,Israel,"Middle East, North Africa, Afghanistan & Pakistan",High income,1987,21506.6299610497,,4369000.0
ISR,Israel,"Middle East, North Africa, Afghanistan & Pakistan",High income,1988,21768.7504269937,,4442000.0
ISR,Israel,"Middle East, North Africa, Afghanistan & Pakistan",High income,1989,21525.5757280153,,4518000.0
ISR,Israel,"Middle East, North Africa, Afghanistan & Pakistan",High income,1990,22396.3023419926,,4660000.0
ISR,Israel,"Middle East, North Africa, Afghanistan & Pakistan",High income,1991,22717.7744150266,,4949000.0
ISR,Israel,"Middle East, North Africa, Afghanistan & Pakistan",High income,1992,23649.0394737135,,5123000.0
ISR,Israel,"Middle East, North Africa, Afghanistan & Pakistan",High income,1993,23976.7431106567,,5261000.0
ISR,Israel,"Middle East, North Africa, Afghanistan & Pakistan",High income,1994,25099.3242920961,,5399000.0
ISR,Israel,"Middle East, North Africa, Afghanistan & Pakistan",High income,1995,26052.1113890118,2530000.0,5545000.0
ISR,Israel,"Middle East, North Africa, Afghanistan & Pakistan",High income,1996,26861.1743305822,2360000.0,5692000.0
ISR,Israel,"Middle East, North Africa, Afghanistan & Pakistan",High income,1997,27144.221603813,2295000.0,5836000.0
ISR,Israel,"Middle East, North Africa, Afghanistan & Pakistan",High income,1998,27618.7744807547,2200000.0,5971000.0
ISR,Israel,"Middle East, North Africa, Afghanistan & Pakistan",High income,1999,27809.7288829095,2566000.0,6125000.0
ISR,Israel,"Middle East, North Africa, Afghanistan & Pakistan",High income,2000,29411.4999428787,2672000.0,6289000.0
ISR,Israel,"Middle East, North Africa, Afghanistan & Pakistan",High income,2001,28804.0396341969,1219000.0,6439000.0
ISR,Israel,"Middle East, North Africa, Afghanistan & Pakistan",High income,2002,28186.5548167752,862099.975585938,6570000.0
ISR,Israel,"Middle East, North Africa, Afghanistan & Pakistan",High income,2003,28079.3253966943,,6689700.0
ISR,Israel,"Middle East, North Africa, Afghanistan & Pakistan",High income,2004,28870.0080868057,1505800.04882813,6809000.0
ISR,Israel,"Middle East, North Africa, Afghanistan & Pakistan",High income,2005,29600.1467243332,1916000.0,6930100.0
ISR,Israel,"Middle East, North Africa, Afghanistan & Pakistan",High income,2006,30707.435814097,1834000.0,7053700.0
ISR,Israel,"Middle East, North Africa, Afghanistan & Pakistan",High income,2007,32071.3107404162,2294000.0,7180100.0
ISR,Israel,"Middle East, North Africa, Afghanistan & Pakistan",High income,2008,32519.7624461575,3034000.0,7308800.0
ISR,Israel,"Middle East, North Africa, Afghanistan & Pakistan",High income,2009,32139.1146490917,2740000.0,7485600.0
ISR,Israel,"Middle East, North Africa, Afghanistan & Pakistan",High income,2010,33307.1044316197,3444000.0,7623600.0
ISR,Israel,"Middle East, North Africa, Afghanistan & Pakistan",High income,2011,34499.9509262825,3362000.0,7765800.0
ISR,Israel,"Middle East, North Africa, Afghanistan & Pakistan",High income,2012,34685.0915981013,3520000.0,7910500.0
ISR,Israel,"Middle East, North Africa, Afghanistan & Pakistan",High income,2013,35436.2912873273,3540000.0,8059500.0
ISR,Israel,"Middle East, North Africa, Afghanistan & Pakistan",High income,2014,36055.08530225,3251000.0,8215700.0
ISR,Israel,"Middle East, North Africa, Afghanistan & Pakistan",High income,2015,36138.13561386,3109000.0,8380100.0
ISR,Israel,"Middle East, North Africa, Afghanistan & Pakistan",High income,2016,37044.0118623764,3070000.0,8546000.0
ISR,Israel,"Middle East, North Africa, Afghanistan & Pakistan",High income,2017,37911.0217281157,3863000.0,8713300.0
ISR,Israel,"Middle East, North Africa, Afghanistan & Pakistan",High income,2018,38695.0100079706,4389000.0,8882800.0
ISR,Israel,"Middle East, North Africa, Afghanistan & Pakistan",High income,2019,39322.038041422,4905000.0,9054000.0
ISR,Israel,"Middle East, North Africa, Afghanistan & Pakistan",High income,2020,37938.3809354755,,9215100.0
ISR,Israel,"Middle East, North Africa, Afghanistan & Pakistan",High income,2021,40788.2391785198,,9371400.0
ISR,Israel,"Middle East, North Africa, Afghanistan & Pakistan",High income,2022,42539.2748766689,,9557500.0
ISR,Israel,"Middle East, North Africa, Afghanistan & Pakistan",High income,2023,42131.7415675806,,9849000.0
ISR,Israel,"Middle East, North Africa, Afghanistan & Pakistan",High income,2024,41882.0474698252,,10002200.0
ITA,Italy,Europe & Central Asia,High income,1980,21901.9268708549,,56433883.0
ITA,Italy,Europe & Central Asia,High income,1981,22060.3287067697,,56501675.0
ITA,Italy,Europe & Central Asia,High income,1982,22135.1628545397,,56543548.0
ITA,Italy,Europe & Central Asia,High income,1983,22385.8416028019,,56564074.0
ITA,Italy,Europe & Central Asia,High income,1984,23102.8115427941,,56576718.0
ITA,Italy,Europe & Central Asia,High income,1985,23742.3854949723,,56593071.0
ITA,Italy,Europe & Central Asia,High income,1986,24420.0802858599,,56596155.0
ITA,Italy,Europe & Central Asia,High income,1987,25196.9881183266,,56601931.0
ITA,Italy,Europe & Central Asia,High income,1988,26241.1619056876,,56629288.0
ITA,Italy,Europe & Central Asia,High income,1989,27109.970559768,,56671781.0
ITA,Italy,Europe & Central Asia,High income,1990,27625.1792306413,,56719240.0
ITA,Italy,Europe & Central Asia,High income,1991,28030.7653841073,,56758521.0
ITA,Italy,Europe & Central Asia,High income,1992,28245.4271054692,,56797087.0
ITA,Italy,Europe & Central Asia,High income,1993,27987.4328969281,,56831821.0
ITA,Italy,Europe & Central Asia,High income,1994,28583.6255328648,,56843400.0
ITA,Italy,Europe & Central Asia,High income,1995,29408.3209572297,55706000.0,56844303.0
ITA,Italy,Europe & Central Asia,High income,1996,29795.6597750915,59805000.0,56860281.0
ITA,Italy,Europe & Central Asia,High income,1997,30353.3778243995,57998000.0,56890372.0
ITA,Italy,Europe & Central Asia,High income,1998,30892.1758654455,58499000.0,56906744.0
ITA,Italy,Europe & Central Asia,High income,1999,31405.2609007683,59521000.0,56916317.0
ITA,Italy,Europe & Central Asia,High income,2000,32609.66746283,62702000.0,56942108.0
ITA,Italy,Europe & Central Asia,High income,2001,33243.599343976,60960000.0,56976981.0
ITA,Italy,Europe & Central Asia,High income,2002,33267.4474482048,63561000.0,57089824.0
ITA,Italy,Europe & Central Asia,High income,2003,33110.1698494812,63026000.0,57399184.0
ITA,Italy,Europe & Central Asia,High income,2004,33348.9744820456,58480000.0,57828179.0
ITA,Italy,Europe & Central Asia,High income,2005,33407.6754716472,59230000.0,58166682.0
ITA,Italy,Europe & Central Asia,High income,2006,33873.0493680093,66353000.0,58399861.0
ITA,Italy,Europe & Central Asia,High income,2007,34159.9109244074,70271000.0,58756247.0
ITA,Italy,Europe & Central Asia,High income,2008,33550.6340800063,70719000.0,59211181.0
ITA,Italy,Europe & Central Asia,High income,2009,31587.0638416305,71692000.0,59555454.0
ITA,Italy,Europe & Central Asia,High income,2010,31928.5543621096,73225000.0,59819407.0
ITA,Italy,Europe & Central Asia,High income,2011,32039.5032494316,75866000.0,60026841.0
ITA,Italy,Europe & Central Asia,High income,2012,30953.4147447427,76293000.0,60191247.0
ITA,Italy,Europe & Central Asia,High income,2013,30330.0221599668,76762000.0,60311613.0
ITA,Italy,Europe & Central Asia,High income,2014,30325.0287793923,77694000.0,60320707.0
ITA,Italy,Europe & Central Asia,High income,2015,30639.8829751432,81068000.0,60229605.0
ITA,Italy,Europe & Central Asia,High income,2016,31077.6792675211,84925000.0,60115223.0
ITA,Italy,Europe & Central Asia,High income,2017,31635.52277108,89931000.0,60002252.0
ITA,Italy,Europe & Central Asia,High income,2018,31963.6417148824,93228601.5625,59877221.0
ITA,Italy,Europe & Central Asia,High income,2019,32180.4341017428,95399000.0,59729081.0
ITA,Italy,Europe & Central Asia,High income,2020,29469.7989238626,38419000.0,59438851.0
ITA,Italy,Europe & Central Asia,High income,2021,32267.7091050201,,59133173.0
ITA,Italy,Europe & Central Asia,High income,2022,33891.8866526216,,59013667.0
ITA,Italy,Europe & Central Asia,High income,2023,34221.7182928271,,58984216.0
ITA,Italy,Europe & Central Asia,High income,2024,34508.1235191237,,58952704.0
JAM,Jamaica,Latin America & Caribbean,Upper middle income,1980,4067.64427298738,,2145658.0
JAM,Jamaica,Latin America & Caribbean,Upper middle income,1981,4120.923884804,,2173818.0
JAM,Jamaica,Latin America & Caribbean,Upper middle income,1982,4148.80384290827,,2203889.0
JAM,Jamaica,Latin America & Caribbean,Upper middle income,1983,4169.46768099328,,2234832.0
JAM,Jamaica,Latin America & Caribbean,Upper middle income,1984,4051.26602520306,,2264562.0
JAM,Jamaica,Latin America & Caribbean,Upper middle income,1985,3887.22002148017,,2290656.0
JAM,Jamaica,Latin America & Caribbean,Upper middle income,1986,3923.62647416332,,2312125.0
JAM,Jamaica,Latin America & Caribbean,Upper middle income,1987,4199.51831662168,,2329813.0
JAM,Jamaica,Latin America & Caribbean,Upper middle income,1988,4336.70453242817,,2345777.0
JAM,Jamaica,Latin America & Caribbean,Upper middle income,1989,4616.03114609235,,2361916.0
JAM,Jamaica,Latin America & Caribbean,Upper middle income,1990,4773.62848195303,,2379877.0
JAM,Jamaica,Latin America & Caribbean,Upper middle income,1991,4960.83040580996,,2400869.0
JAM,Jamaica,Latin America & Caribbean,Upper middle income,1992,5008.12883358686,,2424701.0
JAM,Jamaica,Latin America & Caribbean,Upper middle income,1993,5423.3508419918,,2449916.0
JAM,Jamaica,Latin America & Caribbean,Upper middle income,1994,5442.16740407801,,2475220.0
JAM,Jamaica,Latin America & Caribbean,Upper middle income,1995,5514.51252836665,1752000.0,2500151.0
JAM,Jamaica,Latin America & Caribbean,Upper middle income,1996,5455.19334658148,1821000.0,2524463.0
JAM,Jamaica,Latin America & Caribbean,Upper middle income,1997,5343.48049225757,1904000.0,2547848.0
JAM,Jamaica,Latin America & Caribbean,Upper middle income,1998,5174.28295609468,1899000.0,2569736.0
JAM,Jamaica,Latin America & Caribbean,Upper middle income,1999,5187.99579646328,2013000.0,2589795.0
JAM,Jamaica,Latin America & Caribbean,Upper middle income,2000,5197.39692210665,2230000.0,2607826.0
JAM,Jamaica,Latin America & Caribbean,Upper middle income,2001,5234.02744397806,2117000.0,2624403.0
JAM,Jamaica,Latin America & Caribbean,Upper middle income,2002,5305.87658697244,2131000.0,2640572.0
JAM,Jamaica,Latin America & Caribbean,Upper middle income,2003,5467.17406988236,2483000.0,2656623.0
JAM,Jamaica,Latin America & Caribbean,Upper middle income,2004,5507.20135110043,2515000.0,2672225.0
JAM,Jamaica,Latin America & Caribbean,Upper middle income,2005,5525.73577833713,2615000.0,2687066.0
JAM,Jamaica,Latin America & Caribbean,Upper middle income,2006,5656.66803579988,3016000.0,2700968.0
JAM,Jamaica,Latin America & Caribbean,Upper middle income,2007,5710.53878446758,2880000.0,2713800.0
JAM,Jamaica,Latin America & Caribbean,Upper middle income,2008,5639.58974873397,2859000.0,2725635.0
JAM,Jamaica,Latin America & Caribbean,Upper middle income,2009,5372.14234169511,2753000.0,2736995.0
JAM,Jamaica,Latin America & Caribbean,Upper middle income,2010,5271.57221477938,2832000.0,2748568.0
JAM,Jamaica,Latin America & Caribbean,Upper middle income,2011,5339.62170188798,3077000.0,2760494.0
JAM,Jamaica,Latin America & Caribbean,Upper middle income,2012,5284.00852557589,3306000.0,2772430.0
JAM,Jamaica,Latin America & Caribbean,Upper middle income,2013,5289.88438546111,3274000.0,2783687.0
JAM,Jamaica,Latin America & Caribbean,Upper middle income,2014,5307.19165380801,3504000.0,2793749.0
JAM,Jamaica,Latin America & Caribbean,Upper middle income,2015,5339.30718256806,3692000.0,2802534.0
JAM,Jamaica,Latin America & Caribbean,Upper middle income,2016,5472.28314023034,3837000.0,2809915.0
JAM,Jamaica,Latin America & Caribbean,Upper middle income,2017,5586.1365723133,4276000.0,2815764.0
JAM,Jamaica,Latin America & Caribbean,Upper middle income,2018,5717.87621107532,4319000.0,2820097.0
JAM,Jamaica,Latin America & Caribbean,Upper middle income,2019,5814.79275311692,4233000.0,2823271.0
JAM,Jamaica,Latin America & Caribbean,Upper middle income,2020,5317.84145033966,1329699.95117188,2830739.0
JAM,Jamaica,Latin America & Caribbean,Upper middle income,2021,5607.45378253877,,2837682.0
JAM,Jamaica,Latin America & Caribbean,Upper middle income,2022,5965.46127464873,,2839144.0
JAM,Jamaica,Latin America & Caribbean,Upper middle income,2023,6127.90771263434,,2839786.0
JAM,Jamaica,Latin America & Caribbean,Upper middle income,2024,6096.4327030963,,2839175.0
JOR,Jordan,"Middle East, North Africa, Afghanistan & Pakistan",Upper middle income,1980,4671.64972548196,,2234186.0
JOR,Jordan,"Middle East, North Africa, Afghanistan & Pakistan",Upper middle income,1981,5259.18950526996,,2325517.0
JOR,Jordan,"Middle East, North Africa, Afghanistan & Pakistan",Upper middle income,1982,5393.50008707247,,2426927.0
JOR,Jordan,"Middle East, North Africa, Afghanistan & Pakistan",Upper middle income,1983,5044.35427017302,,2537307.0
JOR,Jordan,"Middle East, North Africa, Afghanistan & Pakistan",Upper middle income,1984,5028.22619953898,,2654688.0
JOR,Jordan,"Middle East, North Africa, Afghanistan & Pakistan",Upper middle income,1985,4673.59710903275,,2778810.0
JOR,Jordan,"Middle East, North Africa, Afghanistan & Pakistan",Upper middle income,1986,4708.74894604541,,2909887.0
JOR,Jordan,"Middle East, North Africa, Afghanistan & Pakistan",Upper middle income,1987,4600.37547536923,,3047634.0
JOR,Jordan,"Middle East, North Africa, Afghanistan & Pakistan",Upper middle income,1988,4455.08518118154,,3193039.0
JOR,Jordan,"Middle East, North Africa, Afghanistan & Pakistan",Upper middle income,1989,3791.16878228393,,3349627.0
JOR,Jordan,"Middle East, North Africa, Afghanistan & Pakistan",Upper middle income,1990,3496.48977109386,,3621908.0
JOR,Jordan,"Middle East, North Africa, Afghanistan & Pakistan",Upper middle income,1991,3286.63559783063,,3915149.0
JOR,Jordan,"Middle East, North Africa, Afghanistan & Pakistan",Upper middle income,1992,3564.73934155579,,4127693.0
JOR,Jordan,"Middle East, North Africa, Afghanistan & Pakistan",Upper middle income,1993,3535.94786061685,,4348020.0
JOR,Jordan,"Middle East, North Africa, Afghanistan & Pakistan",Upper middle income,1994,3538.09885361169,,4561406.0
JOR,Jordan,"Middle East, North Africa, Afghanistan & Pakistan",Upper middle income,1995,3606.71295243238,3277000.0,4752096.0
JOR,Jordan,"Middle East, North Africa, Afghanistan & Pakistan",Upper middle income,1996,3561.74921330419,3164000.0,4912516.0
JOR,Jordan,"Middle East, North Africa, Afghanistan & Pakistan",Upper middle income,1997,3582.04875443504,3068000.0,5046285.0
JOR,Jordan,"Middle East, North Africa, Afghanistan & Pakistan",Upper middle income,1998,3605.63447052895,3438000.0,5164284.0
JOR,Jordan,"Middle East, North Africa, Afghanistan & Pakistan",Upper middle income,1999,3648.60665235433,3231000.0,5276444.0
JOR,Jordan,"Middle East, North Africa, Afghanistan & Pakistan",Upper middle income,2000,3725.49544709257,2700000.0,5386945.0
JOR,Jordan,"Middle East, North Africa, Afghanistan & Pakistan",Upper middle income,2001,3841.98511846743,3034000.0,5498894.0
JOR,Jordan,"Middle East, North Africa, Afghanistan & Pakistan",Upper middle income,2002,3979.40388653953,4677000.0,5616066.0
JOR,Jordan,"Middle East, North Africa, Afghanistan & Pakistan",Upper middle income,2003,4054.22612609768,4600000.0,5741828.0
JOR,Jordan,"Middle East, North Africa, Afghanistan & Pakistan",Upper middle income,2004,4296.62367370886,5587000.0,5882061.0
JOR,Jordan,"Middle East, North Africa, Afghanistan & Pakistan",Upper middle income,2005,4532.96248258538,5817000.0,6029587.0
JOR,Jordan,"Middle East, North Africa, Afghanistan & Pakistan",Upper middle income,2006,4596.56909353547,6573000.0,6427371.0
JOR,Jordan,"Middle East, North Africa, Afghanistan & Pakistan",Upper middle income,2007,4681.17006766931,6529000.0,6827227.0
JOR,Jordan,"Middle East, North Africa, Afghanistan & Pakistan",Upper middle income,2008,4902.38348073849,7100000.0,6989866.0
JOR,Jordan,"Middle East, North Africa, Afghanistan & Pakistan",Upper middle income,2009,5043.62638729303,7085000.0,7141753.0
JOR,Jordan,"Middle East, North Africa, Afghanistan & Pakistan",Upper middle income,2010,5066.49720027725,8078000.0,7297043.0
JOR,Jordan,"Middle East, North Africa, Afghanistan & Pakistan",Upper middle income,2011,5085.98005025386,6813000.0,7480424.0
JOR,Jordan,"Middle East, North Africa, Afghanistan & Pakistan",Upper middle income,2012,5135.0327939589,6314000.0,7587127.0
JOR,Jordan,"Middle East, North Africa, Afghanistan & Pakistan",Upper middle income,2013,5007.76162067161,5389000.0,7991809.0
JOR,Jordan,"Middle East, North Africa, Afghanistan & Pakistan",Upper middle income,2014,4703.39944986815,5327000.0,8791710.0
JOR,Jordan,"Middle East, North Africa, Afghanistan & Pakistan",Upper middle income,2015,4441.61896013754,4809000.0,9544729.0
JOR,Jordan,"Middle East, North Africa, Afghanistan & Pakistan",Upper middle income,2016,4326.17261571505,4236000.0,10006367.0
JOR,Jordan,"Middle East, North Africa, Afghanistan & Pakistan",Upper middle income,2017,4335.92512689541,4565000.0,10234226.0
JOR,Jordan,"Middle East, North Africa, Afghanistan & Pakistan",Upper middle income,2018,4320.029787425,4922000.0,10462306.0
JOR,Jordan,"Middle East, North Africa, Afghanistan & Pakistan",Upper middle income,2019,4313.80791426608,5361000.0,10671891.0
JOR,Jordan,"Middle East, North Africa, Afghanistan & Pakistan",Upper middle income,2020,4188.21240095719,1240000.0,10865228.0
JOR,Jordan,"Middle East, North Africa, Afghanistan & Pakistan",Upper middle income,2021,4266.3790298994,,11066356.0
JOR,Jordan,"Middle East, North Africa, Afghanistan & Pakistan",Upper middle income,2022,4309.61432856804,,11256263.0
JOR,Jordan,"Middle East, North Africa, Afghanistan & Pakistan",Upper middle income,2023,4373.38088482368,,11439213.0
JOR,Jordan,"Middle East, North Africa, Afghanistan & Pakistan",Upper middle income,2024,4441.03974922351,,11552876.0
JPN,Japan,East Asia & Pacific,High income,1980,19614.2922299856,,116807000.0
JPN,Japan,East Asia & Pacific,High income,1981,20291.567958628,,117661000.0
JPN,Japan,East Asia & Pacific,High income,1982,20818.8044337152,,118480000.0
JPN,Japan,East Asia & Pacific,High income,1983,21402.8665366541,,119307000.0
JPN,Japan,East Asia & Pacific,High income,1984,22221.8862508533,,120083000.0
JPN,Japan,East Asia & Pacific,High income,1985,23238.9252243658,,120837000.0
JPN,Japan,East Asia & Pacific,High income,1986,23884.4841642864,,121482000.0
JPN,Japan,East Asia & Pacific,High income,1987,24894.0912634322,,122069000.0
JPN,Japan,East Asia & Pacific,High income,1988,26472.7749041278,,122578000.0
JPN,Japan,East Asia & Pacific,High income,1989,27648.0847646202,,123069000.0
JPN,Japan,East Asia & Pacific,High income,1990,28904.7658863073,,123478000.0
JPN,Japan,East Asia & Pacific,High income,1991,29775.391651584,,123964000.0
JPN,Japan,East Asia & Pacific,High income,1992,29916.6529957081,,124425000.0
JPN,Japan,East Asia & Pacific,High income,1993,29665.3871017287,,124829000.0
JPN,Japan,East Asia & Pacific,High income,1994,29876.454752764,,125178000.0
JPN,Japan,East Asia & Pacific,High income,1995,30504.5332529005,3345000.0,125472000.0
JPN,Japan,East Asia & Pacific,High income,1996,31371.432405964,3837000.0,125757000.0
JPN,Japan,East Asia & Pacific,High income,1997,31723.3382538425,4218000.0,126057000.0
JPN,Japan,East Asia & Pacific,High income,1998,31076.4386626557,4106000.0,126400000.0
JPN,Japan,East Asia & Pacific,High income,1999,30911.9243180534,4438000.0,126631000.0
JPN,Japan,East Asia & Pacific,High income,2000,31779.3788459032,4757000.0,126843000.0
JPN,Japan,East Asia & Pacific,High income,2001,31793.1269485489,4772000.0,127149000.0
JPN,Japan,East Asia & Pacific,High income,2002,31746.2430105713,5239000.0,127445000.0
JPN,Japan,East Asia & Pacific,High income,2003,32115.5810785373,5212000.0,127718000.0
JPN,Japan,East Asia & Pacific,High income,2004,32783.1292835489,6138000.0,127761000.0
JPN,Japan,East Asia & Pacific,High income,2005,33385.9179590327,6728000.0,127773000.0
JPN,Japan,East Asia & Pacific,High income,2006,33880.6890093456,7334000.0,127854000.0
JPN,Japan,East Asia & Pacific,High income,2007,34426.6937124867,8347000.0,128001000.0
JPN,Japan,East Asia & Pacific,High income,2008,34008.5915147362,8351000.0,128063000.0
JPN,Japan,East Asia & Pacific,High income,2009,31993.8588053706,6790000.0,128047000.0
JPN,Japan,East Asia & Pacific,High income,2010,33311.2872381879,8611000.0,128070000.0
JPN,Japan,East Asia & Pacific,High income,2011,33306.1802259719,6219000.0,127833000.0
JPN,Japan,East Asia & Pacific,High income,2012,33909.4911855243,8358000.0,127629000.0
JPN,Japan,East Asia & Pacific,High income,2013,34636.6924746166,10364000.0,127445000.0
JPN,Japan,East Asia & Pacific,High income,2014,34996.8796756631,13413000.0,127276000.0
JPN,Japan,East Asia & Pacific,High income,2015,35664.6446110613,19737000.0,127141000.0
JPN,Japan,East Asia & Pacific,High income,2016,35934.4467886662,24039000.0,127076000.0
JPN,Japan,East Asia & Pacific,High income,2017,36547.7357437305,28691000.0,126972000.0
JPN,Japan,East Asia & Pacific,High income,2018,36899.3847079435,31191000.0,126811000.0
JPN,Japan,East Asia & Pacific,High income,2019,36837.2583653113,31881000.0,126633000.0
JPN,Japan,East Asia & Pacific,High income,2020,35363.2996951789,4115799.8046875,126261000.0
JPN,Japan,East Asia & Pacific,High income,2021,36792.556429474,,125681593.0
JPN,Japan,East Asia & Pacific,High income,2022,37448.3504824849,,125124989.0
JPN,Japan,East Asia & Pacific,High income,2023,37902.5492204411,,124516650.0
JPN,Japan,East Asia & Pacific,High income,2024,37976.6371788298,,123975371.0
KAZ,Kazakhstan,Europe & Central Asia,Upper middle income,1980,,,15152949.0
KAZ,Kazakhstan,Europe & Central Asia,Upper middle income,1981,,,15323082.0
KAZ,Kazakhstan,Europe & Central Asia,Upper middle income,1982,,,15492595.0
KAZ,Kazakhstan,Europe & Central Asia,Upper middle income,1983,,,15665551.0
KAZ,Kazakhstan,Europe & Central Asia,Upper middle income,1984,,,15844621.0
KAZ,Kazakhstan,Europe & Central Asia,Upper middle income,1985,,,16031090.0
KAZ,Kazakhstan,Europe & Central Asia,Upper middle income,1986,,,16262702.0
KAZ,Kazakhstan,Europe & Central Asia,Upper middle income,1987,,,16527715.0
KAZ,Kazakhstan,Europe & Central Asia,Upper middle income,1988,,,16781168.0
KAZ,Kazakhstan,Europe & Central Asia,Upper middle income,1989,,,16997013.0
KAZ,Kazakhstan,Europe & Central Asia,Upper middle income,1990,5557.08215736977,,17154054.0
KAZ,Kazakhstan,Europe & Central Asia,Upper middle income,1991,4910.15324119135,,17278600.0
KAZ,Kazakhstan,Europe & Central Asia,Upper middle income,1992,4635.42154654073,,17332625.0
KAZ,Kazakhstan,Europe & Central Asia,Upper middle income,1993,4223.1282023154,,17274487.0
KAZ,Kazakhstan,Europe & Central Asia,Upper middle income,1994,3740.97810892024,,17043771.0
KAZ,Kazakhstan,Europe & Central Asia,Upper middle income,1995,3498.51454364229,,16730536.0
KAZ,Kazakhstan,Europe & Central Asia,Upper middle income,1996,3583.36908423331,202000.0,16416027.0
KAZ,Kazakhstan,Europe & Central Asia,Upper middle income,1997,3728.96386519689,284000.0,16043251.0
KAZ,Kazakhstan,Europe & Central Asia,Upper middle income,1998,3750.56494562659,257000.0,15647785.0
KAZ,Kazakhstan,Europe & Central Asia,Upper middle income,1999,3899.65723139778,394000.0,15455874.0
KAZ,Kazakhstan,Europe & Central Asia,Upper middle income,2000,4269.33016782791,1683000.0,15501103.0
KAZ,Kazakhstan,Europe & Central Asia,Upper middle income,2001,4822.52862802669,2693000.0,15575550.0
KAZ,Kazakhstan,Europe & Central Asia,Upper middle income,2002,5267.6990320263,3678000.0,15656677.0
KAZ,Kazakhstan,Europe & Central Asia,Upper middle income,2003,5724.43199248054,3237000.0,15747380.0
KAZ,Kazakhstan,Europe & Central Asia,Upper middle income,2004,6233.29439373307,4291000.0,15850159.0
KAZ,Kazakhstan,Europe & Central Asia,Upper middle income,2005,6787.4115548789,4365000.0,15968117.0
KAZ,Kazakhstan,Europe & Central Asia,Upper middle income,2006,7450.39687062615,4707000.0,16103716.0
KAZ,Kazakhstan,Europe & Central Asia,Upper middle income,2007,8036.87599811505,5311000.0,16257214.0
KAZ,Kazakhstan,Europe & Central Asia,Upper middle income,2008,8216.52181589585,4117000.0,16426525.0
KAZ,Kazakhstan,Europe & Central Asia,Upper middle income,2009,8218.39912556048,3774000.0,16619846.0
KAZ,Kazakhstan,Europe & Central Asia,Upper middle income,2010,8704.70655484556,4097000.0,16836810.0
KAZ,Kazakhstan,Europe & Central Asia,Upper middle income,2011,9223.3021336315,5685000.0,17066002.0
KAZ,Kazakhstan,Europe & Central Asia,Upper middle income,2012,9531.91477617058,6163000.0,17306106.0
KAZ,Kazakhstan,Europe & Central Asia,Upper middle income,2013,9959.72586930534,6841000.0,17556502.0
KAZ,Kazakhstan,Europe & Central Asia,Upper middle income,2014,10226.7100539683,6333000.0,17816285.0
KAZ,Kazakhstan,Europe & Central Asia,Upper middle income,2015,10196.1226255982,6430000.0,18084169.0
KAZ,Kazakhstan,Europe & Central Asia,Upper middle income,2016,10151.423313302,6509000.0,18363600.0
KAZ,Kazakhstan,Europe & Central Asia,Upper middle income,2017,10404.2718646317,7701000.0,18651931.0
KAZ,Kazakhstan,Europe & Central Asia,Upper middle income,2018,10670.2120148279,8789000.0,18932727.0
KAZ,Kazakhstan,Europe & Central Asia,Upper middle income,2019,10989.6840718388,8515000.0,19209555.0
KAZ,Kazakhstan,Europe & Central Asia,Upper middle income,2020,10565.0359816235,2035000.0,19482117.0
KAZ,Kazakhstan,Europe & Central Asia,Upper middle income,2021,10873.3915275276,,19743603.0
KAZ,Kazakhstan,Europe & Central Asia,Upper middle income,2022,11058.3482413407,,20034609.0
KAZ,Kazakhstan,Europe & Central Asia,Upper middle income,2023,11453.3952725363,,20330104.0
KAZ,Kazakhstan,Europe & Central Asia,Upper middle income,2024,11872.7842626298,,20592571.0
KEN,Kenya,Sub-Saharan Africa,Lower middle income,1980,1275.28269729355,,16018459.0
KEN,Kenya,Sub-Saharan Africa,Lower middle income,1981,1276.92778781689,,16601507.0
KEN,Kenya,Sub-Saharan Africa,Lower middle income,1982,1250.61396929068,,17206175.0
KEN,Kenya,Sub-Saharan Africa,Lower middle income,1983,1221.53485890834,,17846374.0
KEN,Kenya,Sub-Saharan Africa,Lower middle income,1984,1198.09437242046,,18514906.0
KEN,Kenya,Sub-Saharan Africa,Lower middle income,1985,1204.91932367736,,19201768.0
KEN,Kenya,Sub-Saharan Africa,Lower middle income,1986,1245.98851025394,,19901646.0
KEN,Kenya,Sub-Saharan Africa,Lower middle income,1987,1274.22087961614,,20616096.0
KEN,Kenya,Sub-Saharan Africa,Lower middle income,1988,1306.36433683504,,21356219.0
KEN,Kenya,Sub-Saharan Africa,Lower middle income,1989,1320.50774519897,,22118434.0
KEN,Kenya,Sub-Saharan Africa,Lower middle income,1990,1329.33312766232,,22892651.0
KEN,Kenya,Sub-Saharan Africa,Lower middle income,1991,1305.46415701447,,23646514.0
KEN,Kenya,Sub-Saharan Africa,Lower middle income,1992,1255.93870622359,,24382460.0
KEN,Kenya,Sub-Saharan Africa,Lower middle income,1993,1223.50616725762,,25117188.0
KEN,Kenya,Sub-Saharan Africa,Lower middle income,1994,1219.7841113305,,25857130.0
KEN,Kenya,Sub-Saharan Africa,Lower middle income,1995,1237.88250467675,974000.0,26601751.0
KEN,Kenya,Sub-Saharan Africa,Lower middle income,1996,1254.21025248674,1003000.0,27344211.0
KEN,Kenya,Sub-Saharan Africa,Lower middle income,1997,1226.19542113337,1001000.0,28101768.0
KEN,Kenya,Sub-Saharan Africa,Lower middle income,1998,1232.06658106635,894000.0,28888057.0
KEN,Kenya,Sub-Saharan Africa,Lower middle income,1999,1224.63404639886,969000.0,29733408.0
KEN,Kenya,Sub-Saharan Africa,Lower middle income,2000,1195.41296851656,1037000.0,30642890.0
KEN,Kenya,Sub-Saharan Africa,Lower middle income,2001,1202.29348759987,994000.0,31619170.0
KEN,Kenya,Sub-Saharan Africa,Lower middle income,2002,1171.4262517349,1001000.0,32629808.0
KEN,Kenya,Sub-Saharan Africa,Lower middle income,2003,1169.14433674051,1146000.0,33652223.0
KEN,Kenya,Sub-Saharan Africa,Lower middle income,2004,1191.25443604556,1361000.0,34713455.0
KEN,Kenya,Sub-Saharan Africa,Lower middle income,2005,1223.44738472019,1479000.0,35796484.0
KEN,Kenya,Sub-Saharan Africa,Lower middle income,2006,1263.54164666211,1601000.0,36904008.0
KEN,Kenya,Sub-Saharan Africa,Lower middle income,2007,1309.91092948216,1817000.0,38036349.0
KEN,Kenya,Sub-Saharan Africa,Lower middle income,2008,1273.77226103073,1203000.0,39206351.0
KEN,Kenya,Sub-Saharan Africa,Lower middle income,2009,1276.73503486074,1490000.0,40408891.0
KEN,Kenya,Sub-Saharan Africa,Lower middle income,2010,1340.16467408856,1609000.0,41598567.0
KEN,Kenya,Sub-Saharan Africa,Lower middle income,2011,1370.58000874482,1823000.0,42758461.0
KEN,Kenya,Sub-Saharan Africa,Lower middle income,2012,1396.30178709756,1711000.0,43888303.0
KEN,Kenya,Sub-Saharan Africa,Lower middle income,2013,1413.94142522583,1520000.0,44986791.0
KEN,Kenya,Sub-Saharan Africa,Lower middle income,2014,1450.59338202277,1350000.0,46051440.0
KEN,Kenya,Sub-Saharan Africa,Lower middle income,2015,1489.11959777284,1181000.0,47088526.0
KEN,Kenya,Sub-Saharan Africa,Lower middle income,2016,1517.97796057742,1340000.0,48139687.0
KEN,Kenya,Sub-Saharan Africa,Lower middle income,2017,1542.33773973372,1449000.0,49197766.0
KEN,Kenya,Sub-Saharan Africa,Lower middle income,2018,1596.69045914945,2025000.0,50207107.0
KEN,Kenya,Sub-Saharan Africa,Lower middle income,2019,1645.70961777862,2049000.0,51202827.0
KEN,Kenya,Sub-Saharan Africa,Lower middle income,2020,1609.33414078281,,52217334.0
KEN,Kenya,Sub-Saharan Africa,Lower middle income,2021,1698.89578271444,,53219166.0
KEN,Kenya,Sub-Saharan Africa,Lower middle income,2022,1747.53198804428,,54252461.0
KEN,Kenya,Sub-Saharan Africa,Lower middle income,2023,1811.21651838425,,55339003.0
KEN,Kenya,Sub-Saharan Africa,Lower middle income,2024,1858.87650030024,,56432944.0
KGZ,Kyrgyz Republic,Europe & Central Asia,Lower middle income,1980,,,3617400.0
KGZ,Kyrgyz Republic,Europe & Central Asia,Lower middle income,1981,,,3685800.0
KGZ,Kyrgyz Republic,Europe & Central Asia,Lower middle income,1982,,,3759300.0
KGZ,Kyrgyz Republic,Europe & Central Asia,Lower middle income,1983,,,3838300.0
KGZ,Kyrgyz Republic,Europe & Central Asia,Lower middle income,1984,,,3916400.0
KGZ,Kyrgyz Republic,Europe & Central Asia,Lower middle income,1985,,,3990300.0
KGZ,Kyrgyz Republic,Europe & Central Asia,Lower middle income,1986,1022.86660449102,,4066500.0
KGZ,Kyrgyz Republic,Europe & Central Asia,Lower middle income,1987,1036.71012984427,,4144600.0
KGZ,Kyrgyz Republic,Europe & Central Asia,Lower middle income,1988,1153.02506583629,,4218400.0
KGZ,Kyrgyz Republic,Europe & Central Asia,Lower middle income,1989,1160.67608073008,,4307500.0
KGZ,Kyrgyz Republic,Europe & Central Asia,Lower middle income,1990,1203.47208279448,,4391236.0
KGZ,Kyrgyz Republic,Europe & Central Asia,Lower middle income,1991,1089.90005451003,,4463634.0
KGZ,Kyrgyz Republic,Europe & Central Asia,Lower middle income,1992,928.31552055094,,4515400.0
KGZ,Kyrgyz Republic,Europe & Central Asia,Lower middle income,1993,784.564919201316,,4516777.0
KGZ,Kyrgyz Republic,Europe & Central Asia,Lower middle income,1994,627.220989930123,,4515069.0
KGZ,Kyrgyz Republic,Europe & Central Asia,Lower middle income,1995,587.298180667228,,4560454.0
KGZ,Kyrgyz Republic,Europe & Central Asia,Lower middle income,1996,619.667768615001,,4628438.0
KGZ,Kyrgyz Republic,Europe & Central Asia,Lower middle income,1997,671.25000816306,,4696421.0
KGZ,Kyrgyz Republic,Europe & Central Asia,Lower middle income,1998,675.058248147575,290000.0,4769015.0
KGZ,Kyrgyz Republic,Europe & Central Asia,Lower middle income,1999,689.414278205464,165000.0,4840422.0
KGZ,Kyrgyz Republic,Europe & Central Asia,Lower middle income,2000,718.342832397662,173000.0,4898362.0
KGZ,Kyrgyz Republic,Europe & Central Asia,Lower middle income,2001,749.423779561565,199000.0,4945073.0
KGZ,Kyrgyz Republic,Europe & Central Asia,Lower middle income,2002,742.44300111832,183000.0,4990704.0
KGZ,Kyrgyz Republic,Europe & Central Asia,Lower middle income,2003,786.350474964134,342000.0,5043308.0
KGZ,Kyrgyz Republic,Europe & Central Asia,Lower middle income,2004,831.482103944381,398000.0,5104713.0
KGZ,Kyrgyz Republic,Europe & Central Asia,Lower middle income,2005,820.709519437592,319000.0,5162640.0
KGZ,Kyrgyz Republic,Europe & Central Asia,Lower middle income,2006,837.138026647346,766000.0,5218373.0
KGZ,Kyrgyz Republic,Europe & Central Asia,Lower middle income,2007,900.02796489729,1656000.0,5268385.0
KGZ,Kyrgyz Republic,Europe & Central Asia,Lower middle income,2008,966.409971184817,2379000.0,5318729.0
KGZ,Kyrgyz Republic,Europe & Central Asia,Lower middle income,2009,981.220904665529,2451000.0,5389643.0
KGZ,Kyrgyz Republic,Europe & Central Asia,Lower middle income,2010,962.764789828724,1224000.0,5467059.0
KGZ,Kyrgyz Republic,Europe & Central Asia,Lower middle income,2011,1005.4831781815,3025000.0,5546587.0
KGZ,Kyrgyz Republic,Europe & Central Asia,Lower middle income,2012,985.8472865972,3393000.0,5652076.0
KGZ,Kyrgyz Republic,Europe & Central Asia,Lower middle income,2013,1069.78404438716,4134000.0,5777150.0
KGZ,Kyrgyz Republic,Europe & Central Asia,Lower middle income,2014,1088.58214229508,3791000.0,5905848.0
KGZ,Kyrgyz Republic,Europe & Central Asia,Lower middle income,2015,1105.65193844261,4000000.0,6040036.0
KGZ,Kyrgyz Republic,Europe & Central Asia,Lower middle income,2016,1128.3161612818,3853000.0,6175338.0
KGZ,Kyrgyz Republic,Europe & Central Asia,Lower middle income,2017,1157.18275758067,4568000.0,6306696.0
KGZ,Kyrgyz Republic,Europe & Central Asia,Lower middle income,2018,1175.0712778747,6947000.0,6444079.0
KGZ,Kyrgyz Republic,Europe & Central Asia,Lower middle income,2019,1201.87701429721,8508000.0,6590211.0
KGZ,Kyrgyz Republic,Europe & Central Asia,Lower middle income,2020,1093.32856461422,,6726596.0
KGZ,Kyrgyz Republic,Europe & Central Asia,Lower middle income,2021,1132.5546781282,,6851224.0
KGZ,Kyrgyz Republic,Europe & Central Asia,Lower middle income,2022,1212.17812721768,,6975220.0
KGZ,Kyrgyz Republic,Europe & Central Asia,Lower middle income,2023,1298.25724482211,,7099750.0
KGZ,Kyrgyz Republic,Europe & Central Asia,Lower middle income,2024,1423.58624650541,,7221868.0
KHM,Cambodia,East Asia & Pacific,Lower middle income,1980,688.762215998489,,5199872.0
KHM,Cambodia,East Asia & Pacific,Lower middle income,1981,678.011250962987,,5284495.0
KHM,Cambodia,East Asia & Pacific,Lower middle income,1982,659.062242599126,,5436432.0
KHM,Cambodia,East Asia & Pacific,Lower middle income,1983,663.885539072704,,5636203.0
KHM,Cambodia,East Asia & Pacific,Lower middle income,1984,671.730248753369,,5845117.0
KHM,Cambodia,East Asia & Pacific,Lower middle income,1985,679.989551081934,,6043783.0
KHM,Cambodia,East Asia & Pacific,Lower middle income,1986,678.670094090388,,6285693.0
KHM,Cambodia,East Asia & Pacific,Lower middle income,1987,790.553706971779,,6557970.0
KHM,Cambodia,East Asia & Pacific,Lower middle income,1988,852.223975284837,,6812014.0
KHM,Cambodia,East Asia & Pacific,Lower middle income,1989,849.279049748096,,7073473.0
KHM,Cambodia,East Asia & Pacific,Lower middle income,1990,824.051655825487,,7374752.0
KHM,Cambodia,East Asia & Pacific,Lower middle income,1991,850.610221173097,,7686850.0
KHM,Cambodia,East Asia & Pacific,Lower middle income,1992,862.478030887335,,8113083.0
KHM,Cambodia,East Asia & Pacific,Lower middle income,1993,845.382004291868,,8616381.0
KHM,Cambodia,East Asia & Pacific,Lower middle income,1994,513.967147967874,,9239162.0
KHM,Cambodia,East Asia & Pacific,Lower middle income,1995,520.926883186145,220000.0,10018497.0
KHM,Cambodia,East Asia & Pacific,Lower middle income,1996,511.670349597704,260000.0,10801270.0
KHM,Cambodia,East Asia & Pacific,Lower middle income,1997,496.770551310941,219000.0,11570982.0
KHM,Cambodia,East Asia & Pacific,Lower middle income,1998,499.016649050833,287000.0,12058173.0
KHM,Cambodia,East Asia & Pacific,Lower middle income,1999,552.901492232643,368000.0,12265731.0
KHM,Cambodia,East Asia & Pacific,Lower middle income,2000,598.561915252147,466000.0,12462336.0
KHM,Cambodia,East Asia & Pacific,Lower middle income,2001,632.833573980849,605000.0,12658484.0
KHM,Cambodia,East Asia & Pacific,Lower middle income,2002,662.188341283454,787000.0,12855241.0
KHM,Cambodia,East Asia & Pacific,Lower middle income,2003,719.333494240509,701000.0,13050968.0
KHM,Cambodia,East Asia & Pacific,Lower middle income,2004,775.847139030978,1055000.0,13244731.0
KHM,Cambodia,East Asia & Pacific,Lower middle income,2005,866.340290123209,1422000.0,13439202.0
KHM,Cambodia,East Asia & Pacific,Lower middle income,2006,947.065220050691,1700000.0,13639028.0
KHM,Cambodia,East Asia & Pacific,Lower middle income,2007,1030.23117620792,2015000.0,13841770.0
KHM,Cambodia,East Asia & Pacific,Lower middle income,2008,1090.57475806147,2125000.0,14053479.0
KHM,Cambodia,East Asia & Pacific,Lower middle income,2009,1117.25834194514,2162000.0,14276810.0
KHM,Cambodia,East Asia & Pacific,Lower middle income,2010,1155.85236856699,2508000.0,14500726.0
KHM,Cambodia,East Asia & Pacific,Lower middle income,2011,1221.38839852454,2882000.0,14722584.0
KHM,Cambodia,East Asia & Pacific,Lower middle income,2012,1295.25271477893,3584000.0,14945085.0
KHM,Cambodia,East Asia & Pacific,Lower middle income,2013,1376.29557595926,4210000.0,15170208.0
KHM,Cambodia,East Asia & Pacific,Lower middle income,2014,1464.53115866927,4503000.0,15396772.0
KHM,Cambodia,East Asia & Pacific,Lower middle income,2015,1547.32010444393,4775000.0,15623251.0
KHM,Cambodia,East Asia & Pacific,Lower middle income,2016,1645.46671578126,5012000.0,15852803.0
KHM,Cambodia,East Asia & Pacific,Lower middle income,2017,1753.93530504662,5602000.0,16073372.0
KHM,Cambodia,East Asia & Pacific,Lower middle income,2018,1884.28374817086,6201000.0,16274522.0
KHM,Cambodia,East Asia & Pacific,Lower middle income,2019,2008.32094006706,6611000.0,16481304.0
KHM,Cambodia,East Asia & Pacific,Lower middle income,2020,1908.63427518336,1306000.0,16725474.0
KHM,Cambodia,East Asia & Pacific,Lower middle income,2021,1938.76436741728,,16974305.0
KHM,Cambodia,East Asia & Pacific,Lower middle income,2022,2011.27433313262,,17201724.0
KHM,Cambodia,East Asia & Pacific,Lower middle income,2023,2085.05748462122,,17423880.0
KHM,Cambodia,East Asia & Pacific,Lower middle income,2024,2183.55682401667,,17638801.0
KIR,Kiribati,East Asia & Pacific,Lower middle income,1980,1734.33011069497,,61148.0
KIR,Kiribati,East Asia & Pacific,Lower middle income,1981,1811.68131048096,,62121.0
KIR,Kiribati,East Asia & Pacific,Lower middle income,1982,1763.17927004428,,63134.0
KIR,Kiribati,East Asia & Pacific,Lower middle income,1983,1565.11854060036,,64169.0
KIR,Kiribati,East Asia & Pacific,Lower middle income,1984,1754.01238303506,,65228.0
KIR,Kiribati,East Asia & Pacific,Lower middle income,1985,1492.76046834936,,66496.0
KIR,Kiribati,East Asia & Pacific,Lower middle income,1986,1422.51662118726,,68059.0
KIR,Kiribati,East Asia & Pacific,Lower middle income,1987,1406.31580236076,,69733.0
KIR,Kiribati,East Asia & Pacific,Lower middle income,1988,1675.63824975673,,71427.0
KIR,Kiribati,East Asia & Pacific,Lower middle income,1989,1516.91518751205,,73147.0
KIR,Kiribati,East Asia & Pacific,Lower middle income,1990,1387.65304955701,,74855.0
KIR,Kiribati,East Asia & Pacific,Lower middle income,1991,1283.34653145552,,76367.0
KIR,Kiribati,East Asia & Pacific,Lower middle income,1992,1564.72287611506,,77641.0
KIR,Kiribati,East Asia & Pacific,Lower middle income,1993,1539.30453918434,,78841.0
KIR,Kiribati,East Asia & Pacific,Lower middle income,1994,1547.62423440117,,80021.0
KIR,Kiribati,East Asia & Pacific,Lower middle income,1995,1566.47266832462,,81234.0
KIR,Kiribati,East Asia & Pacific,Lower middle income,1996,1539.33663487683,,82623.0
KIR,Kiribati,East Asia & Pacific,Lower middle income,1997,1529.24932474439,,84147.0
KIR,Kiribati,East Asia & Pacific,Lower middle income,1998,1569.02691581722,,85657.0
KIR,Kiribati,East Asia & Pacific,Lower middle income,1999,1482.19226993632,20299.9992370605,87126.0
KIR,Kiribati,East Asia & Pacific,Lower middle income,2000,1555.58204812097,13399.9996185303,88613.0
KIR,Kiribati,East Asia & Pacific,Lower middle income,2001,1477.95177621217,14500.0,90335.0
KIR,Kiribati,East Asia & Pacific,Lower middle income,2002,1467.99273241655,119500.0,92264.0
KIR,Kiribati,East Asia & Pacific,Lower middle income,2003,1415.54577869304,130100.006103516,94175.0
KIR,Kiribati,East Asia & Pacific,Lower middle income,2004,1378.9583696722,63900.0015258789,96085.0
KIR,Kiribati,East Asia & Pacific,Lower middle income,2005,1368.99728765793,50200.0007629395,98035.0
KIR,Kiribati,East Asia & Pacific,Lower middle income,2006,1419.38723031361,10800.0001907349,100017.0
KIR,Kiribati,East Asia & Pacific,Lower middle income,2007,1433.35747805619,32299.9992370605,102068.0
KIR,Kiribati,East Asia & Pacific,Lower middle income,2008,1361.83599775608,,104222.0
KIR,Kiribati,East Asia & Pacific,Lower middle income,2009,1340.27605600221,,106467.0
KIR,Kiribati,East Asia & Pacific,Lower middle income,2010,1328.78776438805,,108704.0
KIR,Kiribati,East Asia & Pacific,Lower middle income,2011,1348.0602369873,,110647.0
KIR,Kiribati,East Asia & Pacific,Lower middle income,2012,1405.5029344967,,112284.0
KIR,Kiribati,East Asia & Pacific,Lower middle income,2013,1493.49148676402,,113838.0
KIR,Kiribati,East Asia & Pacific,Lower middle income,2014,1492.8508200481,8300.00019073486,115326.0
KIR,Kiribati,East Asia & Pacific,Lower middle income,2015,1639.85274740652,8199.99980926514,116815.0
KIR,Kiribati,East Asia & Pacific,Lower middle income,2016,1731.43702001694,7599.99990463257,118478.0
KIR,Kiribati,East Asia & Pacific,Lower middle income,2017,1768.87874841933,7500.0,120275.0
KIR,Kiribati,East Asia & Pacific,Lower middle income,2018,1802.34850714657,9000.0,122084.0
KIR,Kiribati,East Asia & Pacific,Lower middle income,2019,1834.42627824847,12000.0,123921.0
KIR,Kiribati,East Asia & Pacific,Lower middle income,2020,1779.62973024917,,126099.0
KIR,Kiribati,East Asia & Pacific,Lower middle income,2021,1895.61362957222,,128377.0
KIR,Kiribati,East Asia & Pacific,Lower middle income,2022,1960.15475844976,,130469.0
KIR,Kiribati,East Asia & Pacific,Lower middle income,2023,1990.14605922104,,132530.0
KIR,Kiribati,East Asia & Pacific,Lower middle income,2024,2052.81298774256,,134518.0
KNA,St. Kitts and Nevis,Latin America & Caribbean,High income,1980,5489.17511917791,,42850.0
KNA,St. Kitts and Nevis,Latin America & Caribbean,High income,1981,5593.93046876973,,42698.0
KNA,St. Kitts and Nevis,Latin America & Caribbean,High income,1982,5646.52293616151,,42532.0
KNA,St. Kitts and Nevis,Latin America & Caribbean,High income,1983,5740.25408985267,,42334.0
KNA,St. Kitts and Nevis,Latin America & Caribbean,High income,1984,6281.96829091358,,42113.0
KNA,St. Kitts and Nevis,Latin America & Caribbean,High income,1985,6858.00144737872,,41874.0
KNA,St. Kitts and Nevis,Latin America & Caribbean,High income,1986,7649.33908016446,,41618.0
KNA,St. Kitts and Nevis,Latin America & Caribbean,High income,1987,8203.61881033902,,41348.0
KNA,St. Kitts and Nevis,Latin America & Caribbean,High income,1988,9022.84351759517,,41062.0
KNA,St. Kitts and Nevis,Latin America & Caribbean,High income,1989,9588.26287871082,,40758.0
KNA,St. Kitts and Nevis,Latin America & Caribbean,High income,1990,10136.986550185,,40432.0
KNA,St. Kitts and Nevis,Latin America & Caribbean,High income,1991,9966.20374372867,,40358.0
KNA,St. Kitts and Nevis,Latin America & Caribbean,High income,1992,10300.5415354294,,40715.0
KNA,St. Kitts and Nevis,Latin America & Caribbean,High income,1993,10860.6034990877,,41242.0
KNA,St. Kitts and Nevis,Latin America & Caribbean,High income,1994,11290.2168438156,,41776.0
KNA,St. Kitts and Nevis,Latin America & Caribbean,High income,1995,11743.3784162332,203000.0,42326.0
KNA,St. Kitts and Nevis,Latin America & Caribbean,High income,1996,12269.7967435843,172000.0,42877.0
KNA,St. Kitts and Nevis,Latin America & Caribbean,High income,1997,12940.7852855874,194000.0,43428.0
KNA,St. Kitts and Nevis,Latin America & Caribbean,High income,1998,12710.9629751883,250000.0,43998.0
KNA,St. Kitts and Nevis,Latin America & Caribbean,High income,1999,12942.857504219,226000.0,44601.0
KNA,St. Kitts and Nevis,Latin America & Caribbean,High income,2000,14039.0281125333,247000.0,45248.0
KNA,St. Kitts and Nevis,Latin America & Caribbean,High income,2001,14610.9099610508,334000.0,45761.0
KNA,St. Kitts and Nevis,Latin America & Caribbean,High income,2002,14727.3908829316,240000.0,46020.0
KNA,St. Kitts and Nevis,Latin America & Caribbean,High income,2003,14100.3067967234,247000.0,46176.0
KNA,St. Kitts and Nevis,Latin America & Caribbean,High income,2004,14619.795111247,383000.0,46315.0
KNA,St. Kitts and Nevis,Latin America & Caribbean,High income,2005,16000.5658929826,365000.0,46437.0
KNA,St. Kitts and Nevis,Latin America & Caribbean,High income,2006,16457.8622372067,350000.0,46569.0
KNA,St. Kitts and Nevis,Latin America & Caribbean,High income,2007,16508.1437081315,379000.0,46706.0
KNA,St. Kitts and Nevis,Latin America & Caribbean,High income,2008,18325.7612670282,533000.0,46835.0
KNA,St. Kitts and Nevis,Latin America & Caribbean,High income,2009,17671.2547069735,548000.0,46916.0
KNA,St. Kitts and Nevis,Latin America & Caribbean,High income,2010,17688.0690103409,624000.0,46846.0
KNA,St. Kitts and Nevis,Latin America & Caribbean,High income,2011,17958.6813977053,723000.0,46886.0
KNA,St. Kitts and Nevis,Latin America & Caribbean,High income,2012,17770.4963640576,666000.0,47033.0
KNA,St. Kitts and Nevis,Latin America & Caribbean,High income,2013,18773.8926898397,695000.0,47069.0
KNA,St. Kitts and Nevis,Latin America & Caribbean,High income,2014,20187.8061975481,818000.0,47089.0
KNA,St. Kitts and Nevis,Latin America & Caribbean,High income,2015,20328.8003530109,1036000.0,47087.0
KNA,St. Kitts and Nevis,Latin America & Caribbean,High income,2016,21133.6575914414,1055000.0,47075.0
KNA,St. Kitts and Nevis,Latin America & Caribbean,High income,2017,21191.6047083703,1194000.0,47050.0
KNA,St. Kitts and Nevis,Latin America & Caribbean,High income,2018,21635.4972146482,1278000.0,47008.0
KNA,St. Kitts and Nevis,Latin America & Caribbean,High income,2019,22297.7644995701,1107000.0,46952.0
KNA,St. Kitts and Nevis,Latin America & Caribbean,High income,2020,18918.8263456611,301399.993896484,46870.0
KNA,St. Kitts and Nevis,Latin America & Caribbean,High income,2021,19031.8211910603,,46763.0
KNA,St. Kitts and Nevis,Latin America & Caribbean,High income,2022,21050.758653729,,46709.0
KNA,St. Kitts and Nevis,Latin America & Caribbean,High income,2023,21664.0333984701,,46758.0
KNA,St. Kitts and Nevis,Latin America & Caribbean,High income,2024,21692.2406392872,,46843.0
KOR,"Korea, Rep.",East Asia & Pacific,High income,1980,4139.9606854608,,38123775.0
KOR,"Korea, Rep.",East Asia & Pacific,High income,1981,4377.64026742067,,38723248.0
KOR,"Korea, Rep.",East Asia & Pacific,High income,1982,4675.53053701243,,39326352.0
KOR,"Korea, Rep.",East Asia & Pacific,High income,1983,5227.53893142287,,39910403.0
KOR,"Korea, Rep.",East Asia & Pacific,High income,1984,5712.63984757483,,40405956.0
KOR,"Korea, Rep.",East Asia & Pacific,High income,1985,6105.74268983951,,40805744.0
KOR,"Korea, Rep.",East Asia & Pacific,High income,1986,6740.69941617276,,41213674.0
KOR,"Korea, Rep.",East Asia & Pacific,High income,1987,7535.12660432782,,41621690.0
KOR,"Korea, Rep.",East Asia & Pacific,High income,1988,8367.04656522944,,42031247.0
KOR,"Korea, Rep.",East Asia & Pacific,High income,1989,8878.29655251462,,42449038.0
KOR,"Korea, Rep.",East Asia & Pacific,High income,1990,9672.57845182894,,42869283.0
KOR,"Korea, Rep.",East Asia & Pacific,High income,1991,10618.8431439122,,43295704.0
KOR,"Korea, Rep.",East Asia & Pacific,High income,1992,11176.560685871,,43747962.0
KOR,"Korea, Rep.",East Asia & Pacific,High income,1993,11837.4692053797,,44194628.0
KOR,"Korea, Rep.",East Asia & Pacific,High income,1994,12817.2447824958,,44641540.0
KOR,"Korea, Rep.",East Asia & Pacific,High income,1995,13924.3044000347,3753000.0,45092991.0
KOR,"Korea, Rep.",East Asia & Pacific,High income,1996,14894.3278834104,3684000.0,45524681.0
KOR,"Korea, Rep.",East Asia & Pacific,High income,1997,15682.2717905189,3908000.0,45953580.0
KOR,"Korea, Rep.",East Asia & Pacific,High income,1998,14800.5091573641,4250000.0,46286503.0
KOR,"Korea, Rep.",East Asia & Pacific,High income,1999,16402.9168341094,4660000.0,46616677.0
KOR,"Korea, Rep.",East Asia & Pacific,High income,2000,17763.1353417297,5322000.0,47008111.0
KOR,"Korea, Rep.",East Asia & Pacific,High income,2001,18460.4288193829,5147000.0,47370164.0
KOR,"Korea, Rep.",East Asia & Pacific,High income,2002,19775.3800655139,5347000.0,47644736.0
KOR,"Korea, Rep.",East Asia & Pacific,High income,2003,20278.0406421178,4753000.0,47892330.0
KOR,"Korea, Rep.",East Asia & Pacific,High income,2004,21244.8136800528,5818000.0,48082519.0
KOR,"Korea, Rep.",East Asia & Pacific,High income,2005,22123.7613066851,6023000.0,48184561.0
KOR,"Korea, Rep.",East Asia & Pacific,High income,2006,23162.1860111297,6155000.0,48438292.0
KOR,"Korea, Rep.",East Asia & Pacific,High income,2007,24391.7651013448,6448000.0,48683638.0
KOR,"Korea, Rep.",East Asia & Pacific,High income,2008,24934.5396367691,6891000.0,49054708.0
KOR,"Korea, Rep.",East Asia & Pacific,High income,2009,25009.9148311999,7818000.0,49307835.0
KOR,"Korea, Rep.",East Asia & Pacific,High income,2010,26623.0487122927,8798000.0,49554112.0
KOR,"Korea, Rep.",East Asia & Pacific,High income,2011,27393.455357272,9795000.0,49936638.0
KOR,"Korea, Rep.",East Asia & Pacific,High income,2012,27944.0564190045,11140000.0,50199853.0
KOR,"Korea, Rep.",East Asia & Pacific,High income,2013,28732.711152033,12176000.0,50428893.0
KOR,"Korea, Rep.",East Asia & Pacific,High income,2014,29470.6732991655,14202000.0,50746659.0
KOR,"Korea, Rep.",East Asia & Pacific,High income,2015,30171.7906545222,13232000.0,51014947.0
KOR,"Korea, Rep.",East Asia & Pacific,High income,2016,31005.4072876388,17242000.0,51217803.0
KOR,"Korea, Rep.",East Asia & Pacific,High income,2017,31979.9027302467,13336000.0,51361911.0
KOR,"Korea, Rep.",East Asia & Pacific,High income,2018,32852.8887488942,15347000.0,51585058.0
KOR,"Korea, Rep.",East Asia & Pacific,High income,2019,33496.3113815643,17503000.0,51764822.0
KOR,"Korea, Rep.",East Asia & Pacific,High income,2020,33215.9298928108,2519000.0,51836239.0
KOR,"Korea, Rep.",East Asia & Pacific,High income,2021,34792.9397214598,,51769539.0
KOR,"Korea, Rep.",East Asia & Pacific,High income,2022,35809.0138105144,,51672569.0
KOR,"Korea, Rep.",East Asia & Pacific,High income,2023,36347.7036392553,,51712619.0
KOR,"Korea, Rep.",East Asia & Pacific,High income,2024,37048.4264001496,,51751065.0
KWT,Kuwait,"Middle East, North Africa, Afghanistan & Pakistan",High income,1980,29547.7549827285,,1504782.0
KWT,Kuwait,"Middle East, North Africa, Afghanistan & Pakistan",High income,1981,22766.1033035531,,1583426.0
KWT,Kuwait,"Middle East, North Africa, Afghanistan & Pakistan",High income,1982,19135.9123854264,,1662480.0
KWT,Kuwait,"Middle East, North Africa, Afghanistan & Pakistan",High income,1983,19686.2018974869,,1744295.0
KWT,Kuwait,"Middle East, North Africa, Afghanistan & Pakistan",High income,1984,19848.7793827107,,1820688.0
KWT,Kuwait,"Middle East, North Africa, Afghanistan & Pakistan",High income,1985,18264.4444880155,,1894242.0
KWT,Kuwait,"Middle East, North Africa, Afghanistan & Pakistan",High income,1986,19042.3788746625,,1972520.0
KWT,Kuwait,"Middle East, North Africa, Afghanistan & Pakistan",High income,1987,19786.3645509832,,2052994.0
KWT,Kuwait,"Middle East, North Africa, Afghanistan & Pakistan",High income,1988,17116.0656840733,,2134707.0
KWT,Kuwait,"Middle East, North Africa, Afghanistan & Pakistan",High income,1989,20743.6868362331,,2217468.0
KWT,Kuwait,"Middle East, North Africa, Afghanistan & Pakistan",High income,1990,20140.7834697754,,1684819.0
KWT,Kuwait,"Middle East, North Africa, Afghanistan & Pakistan",High income,1991,14812.9200924661,,1351399.0
KWT,Kuwait,"Middle East, North Africa, Afghanistan & Pakistan",High income,1992,22382.8420685118,,1634961.0
KWT,Kuwait,"Middle East, North Africa, Afghanistan & Pakistan",High income,1993,29323.8532618275,,1672151.0
KWT,Kuwait,"Middle East, North Africa, Afghanistan & Pakistan",High income,1994,31946.4902579278,,1664361.0
KWT,Kuwait,"Middle East, North Africa, Afghanistan & Pakistan",High income,1995,33156.8473491495,1443000.0,1681513.0
KWT,Kuwait,"Middle East, North Africa, Afghanistan & Pakistan",High income,1996,32417.9627954317,1565000.0,1730246.0
KWT,Kuwait,"Middle East, North Africa, Afghanistan & Pakistan",High income,1997,32152.4367426144,1638000.0,1787683.0
KWT,Kuwait,"Middle East, North Africa, Afghanistan & Pakistan",High income,1998,32306.668723862,1763000.0,1844302.0
KWT,Kuwait,"Middle East, North Africa, Afghanistan & Pakistan",High income,1999,30798.0947114833,1884000.0,1900030.0
KWT,Kuwait,"Middle East, North Africa, Afghanistan & Pakistan",High income,2000,31341.9780819419,1944000.0,1954709.0
KWT,Kuwait,"Middle East, North Africa, Afghanistan & Pakistan",High income,2001,30573.4284224199,2072000.0,2008121.0
KWT,Kuwait,"Middle East, North Africa, Afghanistan & Pakistan",High income,2002,30702.2162068121,2316000.0,2059974.0
KWT,Kuwait,"Middle East, North Africa, Afghanistan & Pakistan",High income,2003,35169.6335737863,2602000.0,2109881.0
KWT,Kuwait,"Middle East, North Africa, Afghanistan & Pakistan",High income,2004,37918.5405829238,3056000.0,2157320.0
KWT,Kuwait,"Middle East, North Africa, Afghanistan & Pakistan",High income,2005,40451.2551656974,3474000.0,2236788.0
KWT,Kuwait,"Middle East, North Africa, Afghanistan & Pakistan",High income,2006,41137.969927672,3899000.0,2364733.0
KWT,Kuwait,"Middle East, North Africa, Afghanistan & Pakistan",High income,2007,41113.8693942735,4482000.0,2507887.0
KWT,Kuwait,"Middle East, North Africa, Afghanistan & Pakistan",High income,2008,39852.5129115699,4736000.0,2651421.0
KWT,Kuwait,"Middle East, North Africa, Afghanistan & Pakistan",High income,2009,35124.0853941026,5088000.0,2795484.0
KWT,Kuwait,"Middle East, North Africa, Afghanistan & Pakistan",High income,2010,32568.4981754501,5208000.0,2943372.0
KWT,Kuwait,"Middle East, North Africa, Afghanistan & Pakistan",High income,2011,33545.346271839,5574000.0,3132814.0
KWT,Kuwait,"Middle East, North Africa, Afghanistan & Pakistan",High income,2012,33578.3309651964,5729000.0,3337109.0
KWT,Kuwait,"Middle East, North Africa, Afghanistan & Pakistan",High income,2013,32311.1800008536,6217000.0,3507844.0
KWT,Kuwait,"Middle East, North Africa, Afghanistan & Pakistan",High income,2014,31073.1537300624,6528000.0,3665876.0
KWT,Kuwait,"Middle East, North Africa, Afghanistan & Pakistan",High income,2015,29882.2126495698,6941000.0,3834574.0
KWT,Kuwait,"Middle East, North Africa, Afghanistan & Pakistan",High income,2016,29454.4426388829,7055000.0,4004096.0
KWT,Kuwait,"Middle East, North Africa, Afghanistan & Pakistan",High income,2017,27048.3706935958,7407000.0,4154812.0
KWT,Kuwait,"Middle East, North Africa, Afghanistan & Pakistan",High income,2018,26706.0191660864,8508000.0,4323515.0
KWT,Kuwait,"Middle East, North Africa, Afghanistan & Pakistan",High income,2019,26580.2264741607,8565000.0,4442316.0
KWT,Kuwait,"Middle East, North Africa, Afghanistan & Pakistan",High income,2020,25541.5378987908,2161000.0,4400267.0
KWT,Kuwait,"Middle East, North Africa, Afghanistan & Pakistan",High income,2021,26203.2617257856,,4360865.0
KWT,Kuwait,"Middle East, North Africa, Afghanistan & Pakistan",High income,2022,26579.8321646876,,4589643.0
KWT,Kuwait,"Middle East, North Africa, Afghanistan & Pakistan",High income,2023,24722.8143701857,,4853420.0
KWT,Kuwait,"Middle East, North Africa, Afghanistan & Pakistan",High income,2024,24140.3257964584,,4897263.0
LAO,Lao PDR,East Asia & Pacific,Lower middle income,1980,,,3292573.0
LAO,Lao PDR,East Asia & Pacific,Lower middle income,1981,,,3366631.0
LAO,Lao PDR,East Asia & Pacific,Lower middle income,1982,,,3450026.0
LAO,Lao PDR,East Asia & Pacific,Lower middle income,1983,,,3541001.0
LAO,Lao PDR,East Asia & Pacific,Lower middle income,1984,579.867782983835,,3637843.0
LAO,Lao PDR,East Asia & Pacific,Lower middle income,1985,592.627301998099,,3739985.0
LAO,Lao PDR,East Asia & Pacific,Lower middle income,1986,604.331788271833,,3846715.0
LAO,Lao PDR,East Asia & Pacific,Lower middle income,1987,579.022620522311,,3957612.0
LAO,Lao PDR,East Asia & Pacific,Lower middle income,1988,551.363163716143,,4072601.0
LAO,Lao PDR,East Asia & Pacific,Lower middle income,1989,611.822069881845,,4190974.0
LAO,Lao PDR,East Asia & Pacific,Lower middle income,1990,634.525297009385,,4311955.0
LAO,Lao PDR,East Asia & Pacific,Lower middle income,1991,643.410259077746,,4435118.0
LAO,Lao PDR,East Asia & Pacific,Lower middle income,1992,660.633861954064,,4559646.0
LAO,Lao PDR,East Asia & Pacific,Lower middle income,1993,680.964153708638,,4685060.0
LAO,Lao PDR,East Asia & Pacific,Lower middle income,1994,717.509245108717,,4809220.0
LAO,Lao PDR,East Asia & Pacific,Lower middle income,1995,749.234741728538,346000.0,4929409.0
LAO,Lao PDR,East Asia & Pacific,Lower middle income,1996,782.683156535545,403000.0,5045678.0
LAO,Lao PDR,East Asia & Pacific,Lower middle income,1997,819.205851313643,463000.0,5152011.0
LAO,Lao PDR,East Asia & Pacific,Lower middle income,1998,836.088098507116,500000.0,5248266.0
LAO,Lao PDR,East Asia & Pacific,Lower middle income,1999,881.634129609675,614000.0,5340784.0
LAO,Lao PDR,East Asia & Pacific,Lower middle income,2000,917.228038617529,737000.0,5431212.0
LAO,Lao PDR,East Asia & Pacific,Lower middle income,2001,954.123505414634,674000.0,5521482.0
LAO,Lao PDR,East Asia & Pacific,Lower middle income,2002,994.492241963795,736000.0,5610889.0
LAO,Lao PDR,East Asia & Pacific,Lower middle income,2003,1038.71192767783,636000.0,5697945.0
LAO,Lao PDR,East Asia & Pacific,Lower middle income,2004,1088.76034728831,895000.0,5781626.0
LAO,Lao PDR,East Asia & Pacific,Lower middle income,2005,1148.68153852071,1095000.0,5869523.0
LAO,Lao PDR,East Asia & Pacific,Lower middle income,2006,1228.08927619923,1215000.0,5963200.0
LAO,Lao PDR,East Asia & Pacific,Lower middle income,2007,1301.08597549864,1624000.0,6056236.0
LAO,Lao PDR,East Asia & Pacific,Lower middle income,2008,1381.73754223953,1737000.0,6148969.0
LAO,Lao PDR,East Asia & Pacific,Lower middle income,2009,1463.3379666846,2008000.0,6241642.0
LAO,Lao PDR,East Asia & Pacific,Lower middle income,2010,1564.91068311647,2513000.0,6334194.0
LAO,Lao PDR,East Asia & Pacific,Lower middle income,2011,1666.40086189871,2724000.0,6426590.0
LAO,Lao PDR,East Asia & Pacific,Lower middle income,2012,1774.63585203672,3330000.0,6518978.0
LAO,Lao PDR,East Asia & Pacific,Lower middle income,2013,1890.27861294875,3779000.0,6611385.0
LAO,Lao PDR,East Asia & Pacific,Lower middle income,2014,2006.31195444447,4159000.0,6703172.0
LAO,Lao PDR,East Asia & Pacific,Lower middle income,2015,2121.01339097363,4684000.0,6801645.0
LAO,Lao PDR,East Asia & Pacific,Lower middle income,2016,2234.76098741846,4239000.0,6908802.0
LAO,Lao PDR,East Asia & Pacific,Lower middle income,2017,2351.57441747595,3869000.0,7018147.0
LAO,Lao PDR,East Asia & Pacific,Lower middle income,2018,2459.97874636195,4186000.0,7128045.0
LAO,Lao PDR,East Asia & Pacific,Lower middle income,2019,2554.95638019245,4791000.0,7237636.0
LAO,Lao PDR,East Asia & Pacific,Lower middle income,2020,2529.74622698761,886400.024414063,7346533.0
LAO,Lao PDR,East Asia & Pacific,Lower middle income,2021,2556.58912640405,,7453194.0
LAO,Lao PDR,East Asia & Pacific,Lower middle income,2022,2589.05015191628,,7559007.0
LAO,Lao PDR,East Asia & Pacific,Lower middle income,2023,2648.88726608035,,7664993.0
LAO,Lao PDR,East Asia & Pacific,Lower middle income,2024,2721.07810663122,,7769819.0
LBN,Lebanon,"Middle East, North Africa, Afghanistan & Pakistan",Lower middle income,1980,,,2944763.0
LBN,Lebanon,"Middle East, North Africa, Afghanistan & Pakistan",Lower middle income,1981,,,3008981.0
LBN,Lebanon,"Middle East, North Africa, Afghanistan & Pakistan",Lower middle income,1982,,,3054931.0
LBN,Lebanon,"Middle East, North Africa, Afghanistan & Pakistan",Lower middle income,1983,,,3094996.0
LBN,Lebanon,"Middle East, North Africa, Afghanistan & Pakistan",Lower middle income,1984,,,3152744.0
LBN,Lebanon,"Middle East, North Africa, Afghanistan & Pakistan",Lower middle income,1985,,,3217376.0
LBN,Lebanon,"Middle East, North Africa, Afghanistan & Pakistan",Lower middle income,1986,,,3300365.0
LBN,Lebanon,"Middle East, North Africa, Afghanistan & Pakistan",Lower middle income,1987,,,3385555.0
LBN,Lebanon,"Middle East, North Africa, Afghanistan & Pakistan",Lower middle income,1988,3934.02937659685,,3454649.0
LBN,Lebanon,"Middle East, North Africa, Afghanistan & Pakistan",Lower middle income,1989,2218.62643641084,,3525285.0
LBN,Lebanon,"Middle East, North Africa, Afghanistan & Pakistan",Lower middle income,1990,2752.72442253257,,3595175.0
LBN,Lebanon,"Middle East, North Africa, Afghanistan & Pakistan",Lower middle income,1991,4031.19474543924,,3668912.0
LBN,Lebanon,"Middle East, North Africa, Afghanistan & Pakistan",Lower middle income,1992,4595.5808332577,,3747371.0
LBN,Lebanon,"Middle East, North Africa, Afghanistan & Pakistan",Lower middle income,1993,4992.69878232449,,3820647.0
LBN,Lebanon,"Middle East, North Africa, Afghanistan & Pakistan",Lower middle income,1994,5301.41584672248,,3889799.0
LBN,Lebanon,"Middle East, North Africa, Afghanistan & Pakistan",Lower middle income,1995,5542.2265103529,450000.0,3960735.0
LBN,Lebanon,"Middle East, North Africa, Afghanistan & Pakistan",Lower middle income,1996,6054.52911921482,424000.0,4034781.0
LBN,Lebanon,"Middle East, North Africa, Afghanistan & Pakistan",Lower middle income,1997,6008.75855385657,558000.0,4108405.0
LBN,Lebanon,"Middle East, North Africa, Afghanistan & Pakistan",Lower middle income,1998,6120.45672717024,631000.0,4181281.0
LBN,Lebanon,"Middle East, North Africa, Afghanistan & Pakistan",Lower middle income,1999,5982.41788354308,673000.0,4255277.0
LBN,Lebanon,"Middle East, North Africa, Afghanistan & Pakistan",Lower middle income,2000,5958.97836750301,742000.0,4329340.0
LBN,Lebanon,"Middle East, North Africa, Afghanistan & Pakistan",Lower middle income,2001,6085.76041420146,837000.0,4401918.0
LBN,Lebanon,"Middle East, North Africa, Afghanistan & Pakistan",Lower middle income,2002,6207.24133893746,956000.0,4463504.0
LBN,Lebanon,"Middle East, North Africa, Afghanistan & Pakistan",Lower middle income,2003,6319.76518298647,1016000.0,4525508.0
LBN,Lebanon,"Middle East, North Africa, Afghanistan & Pakistan",Lower middle income,2004,6633.75258002393,1278000.0,4599279.0
LBN,Lebanon,"Middle East, North Africa, Afghanistan & Pakistan",Lower middle income,2005,6707.18024635316,1140000.0,4671102.0
LBN,Lebanon,"Middle East, North Africa, Afghanistan & Pakistan",Lower middle income,2006,6696.37428200596,1063000.0,4751136.0
LBN,Lebanon,"Middle East, North Africa, Afghanistan & Pakistan",Lower middle income,2007,7179.34520092306,1017000.0,4844118.0
LBN,Lebanon,"Middle East, North Africa, Afghanistan & Pakistan",Lower middle income,2008,7701.29823027979,1333000.0,4925354.0
LBN,Lebanon,"Middle East, North Africa, Afghanistan & Pakistan",Lower middle income,2009,8375.48851252821,1844000.0,4992287.0
LBN,Lebanon,"Middle East, North Africa, Afghanistan & Pakistan",Lower middle income,2010,8955.54336184707,2168000.0,5041288.0
LBN,Lebanon,"Middle East, North Africa, Afghanistan & Pakistan",Lower middle income,2011,8936.20027462737,1655000.0,5096020.0
LBN,Lebanon,"Middle East, North Africa, Afghanistan & Pakistan",Lower middle income,2012,8920.8056984673,1366000.0,5235742.0
LBN,Lebanon,"Middle East, North Africa, Afghanistan & Pakistan",Lower middle income,2013,8443.53856528784,1274000.0,5743436.0
LBN,Lebanon,"Middle East, North Africa, Afghanistan & Pakistan",Lower middle income,2014,7830.4151113336,1355000.0,6346990.0
LBN,Lebanon,"Middle East, North Africa, Afghanistan & Pakistan",Lower middle income,2015,7714.1099998804,1518000.0,6472469.0
LBN,Lebanon,"Middle East, North Africa, Afghanistan & Pakistan",Lower middle income,2016,8019.1416913426,1688000.0,6323060.0
LBN,Lebanon,"Middle East, North Africa, Afghanistan & Pakistan",Lower middle income,2017,8305.57405425721,1857000.0,6160128.0
LBN,Lebanon,"Middle East, North Africa, Afghanistan & Pakistan",Lower middle income,2018,8388.7235123835,1964000.0,5984119.0
LBN,Lebanon,"Middle East, North Africa, Afghanistan & Pakistan",Lower middle income,2019,8064.04873416236,1936000.0,5794594.0
LBN,Lebanon,"Middle East, North Africa, Afghanistan & Pakistan",Lower middle income,2020,6440.82843092922,,5702398.0
LBN,Lebanon,"Middle East, North Africa, Afghanistan & Pakistan",Lower middle income,2021,5973.41933892988,,5718122.0
LBN,Lebanon,"Middle East, North Africa, Afghanistan & Pakistan",Lower middle income,2022,5909.03651555028,,5744489.0
LBN,Lebanon,"Middle East, North Africa, Afghanistan & Pakistan",Lower middle income,2023,5834.63415739394,,5773493.0
LBN,Lebanon,"Middle East, North Africa, Afghanistan & Pakistan",Lower middle income,2024,5391.22914209501,,5805962.0
LBR,Liberia,Sub-Saharan Africa,Low income,1980,2792.03699789523,,1929253.0
LBR,Liberia,Sub-Saharan Africa,Low income,1981,2653.14625045204,,1986867.0
LBR,Liberia,Sub-Saharan Africa,Low income,1982,2514.92132162384,,2045073.0
LBR,Liberia,Sub-Saharan Africa,Low income,1983,2394.57437804073,,2107113.0
LBR,Liberia,Sub-Saharan Africa,Low income,1984,2272.71154024111,,2173312.0
LBR,Liberia,Sub-Saharan Africa,Low income,1985,2185.92809767452,,2240539.0
LBR,Liberia,Sub-Saharan Africa,Low income,1986,2085.95288219421,,2308511.0
LBR,Liberia,Sub-Saharan Africa,Low income,1987,2005.365759545,,2377229.0
LBR,Liberia,Sub-Saharan Africa,Low income,1988,1908.45304051582,,2446941.0
LBR,Liberia,Sub-Saharan Africa,Low income,1989,1360.08049123405,,2517858.0
LBR,Liberia,Sub-Saharan Africa,Low income,1990,754.134009462384,,2223667.0
LBR,Liberia,Sub-Saharan Africa,Low income,1991,735.180658658157,,1956518.0
LBR,Liberia,Sub-Saharan Africa,Low income,1992,450.538677691808,,2072461.0
LBR,Liberia,Sub-Saharan Africa,Low income,1993,290.388920233659,,2155126.0
LBR,Liberia,Sub-Saharan Africa,Low income,1994,227.742776021788,,2149928.0
LBR,Liberia,Sub-Saharan Africa,Low income,1995,216.093554614513,,2169162.0
LBR,Liberia,Sub-Saharan Africa,Low income,1996,235.435058248512,,2232289.0
LBR,Liberia,Sub-Saharan Africa,Low income,1997,449.286058616964,,2412989.0
LBR,Liberia,Sub-Saharan Africa,Low income,1998,528.670341826706,,2670124.0
LBR,Liberia,Sub-Saharan Africa,Low income,1999,609.040903258705,,2821684.0
LBR,Liberia,Sub-Saharan Africa,Low income,2000,754.850917360951,,2928117.0
LBR,Liberia,Sub-Saharan Africa,Low income,2001,754.422355762017,,3015338.0
LBR,Liberia,Sub-Saharan Africa,Low income,2002,762.716393927064,,3094782.0
LBR,Liberia,Sub-Saharan Africa,Low income,2003,528.567395543421,,3119532.0
LBR,Liberia,Sub-Saharan Africa,Low income,2004,535.995882066218,,3156892.0
LBR,Liberia,Sub-Saharan Africa,Low income,2005,539.665378841936,,3301015.0
LBR,Liberia,Sub-Saharan Africa,Low income,2006,551.377446611852,,3490787.0
LBR,Liberia,Sub-Saharan Africa,Low income,2007,574.609394348543,,3669050.0
LBR,Liberia,Sub-Saharan Africa,Low income,2008,591.185378141907,,3821003.0
LBR,Liberia,Sub-Saharan Africa,Low income,2009,603.256211077605,,3943028.0
LBR,Liberia,Sub-Saharan Africa,Low income,2010,621.783295071575,,4058890.0
LBR,Liberia,Sub-Saharan Africa,Low income,2011,646.908727016597,,4221178.0
LBR,Liberia,Sub-Saharan Africa,Low income,2012,674.360011422232,,4373043.0
LBR,Liberia,Sub-Saharan Africa,Low income,2013,717.007280358975,,4470239.0
LBR,Liberia,Sub-Saharan Africa,Low income,2014,707.157694930142,,4564293.0
LBR,Liberia,Sub-Saharan Africa,Low income,2015,692.590082351257,,4659431.0
LBR,Liberia,Sub-Saharan Africa,Low income,2016,668.031513175601,,4755608.0
LBR,Liberia,Sub-Saharan Africa,Low income,2017,671.260899835355,,4848925.0
LBR,Liberia,Sub-Saharan Africa,Low income,2018,665.875439637137,,4944726.0
LBR,Liberia,Sub-Saharan Africa,Low income,2019,636.699384824869,,5043721.0
LBR,Liberia,Sub-Saharan Africa,Low income,2020,605.025475431411,,5149463.0
LBR,Liberia,Sub-Saharan Africa,Low income,2021,621.927983063426,,5259323.0
LBR,Liberia,Sub-Saharan Africa,Low income,2022,638.005183858289,,5373294.0
LBR,Liberia,Sub-Saharan Africa,Low income,2023,653.329188343162,,5493031.0
LBR,Liberia,Sub-Saharan Africa,Low income,2024,665.101337624192,,5612817.0
LBY,Libya,"Middle East, North Africa, Afghanistan & Pakistan",Upper middle income,1980,19090.5503735732,,3424378.0
LBY,Libya,"Middle East, North Africa, Afghanistan & Pakistan",Upper middle income,1981,14587.3858912799,,3621486.0
LBY,Libya,"Middle East, North Africa, Afghanistan & Pakistan",Upper middle income,1982,14580.8924435817,,3724765.0
LBY,Libya,"Middle East, North Africa, Afghanistan & Pakistan",Upper middle income,1983,14242.6127542805,,3718961.0
LBY,Libya,"Middle East, North Africa, Afghanistan & Pakistan",Upper middle income,1984,13328.5893545722,,3773633.0
LBY,Libya,"Middle East, North Africa, Afghanistan & Pakistan",Upper middle income,1985,13975.0974777952,,3898745.0
LBY,Libya,"Middle East, North Africa, Afghanistan & Pakistan",Upper middle income,1986,12022.664788855,,4017403.0
LBY,Libya,"Middle East, North Africa, Afghanistan & Pakistan",Upper middle income,1987,9976.13024516634,,4129739.0
LBY,Libya,"Middle East, North Africa, Afghanistan & Pakistan",Upper middle income,1988,10458.6701898418,,4237755.0
LBY,Libya,"Middle East, North Africa, Afghanistan & Pakistan",Upper middle income,1989,10940.1407021471,,4342920.0
LBY,Libya,"Middle East, North Africa, Afghanistan & Pakistan",Upper middle income,1990,11085.9439949716,,4445239.0
LBY,Libya,"Middle East, North Africa, Afghanistan & Pakistan",Upper middle income,1991,12541.6926152482,,4544400.0
LBY,Libya,"Middle East, North Africa, Afghanistan & Pakistan",Upper middle income,1992,11949.2275026865,,4640352.0
LBY,Libya,"Middle East, North Africa, Afghanistan & Pakistan",Upper middle income,1993,11274.3452230872,,4733045.0
LBY,Libya,"Middle East, North Africa, Afghanistan & Pakistan",Upper middle income,1994,11280.3829303475,,4822037.0
LBY,Libya,"Middle East, North Africa, Afghanistan & Pakistan",Upper middle income,1995,10839.2802241884,1832000.0,4906843.0
LBY,Libya,"Middle East, North Africa, Afghanistan & Pakistan",Upper middle income,1996,10891.8055687803,1276000.0,4987393.0
LBY,Libya,"Middle East, North Africa, Afghanistan & Pakistan",Upper middle income,1997,11284.7780739062,913000.0,5064639.0
LBY,Libya,"Middle East, North Africa, Afghanistan & Pakistan",Upper middle income,1998,10722.8700734717,850000.0,5140704.0
LBY,Libya,"Middle East, North Africa, Afghanistan & Pakistan",Upper middle income,1999,10643.1452796026,965000.0,5218038.0
LBY,Libya,"Middle East, North Africa, Afghanistan & Pakistan",Upper middle income,2000,10853.8059516526,963000.0,5305021.0
LBY,Libya,"Middle East, North Africa, Afghanistan & Pakistan",Upper middle income,2001,10467.8776146012,953000.0,5403639.0
LBY,Libya,"Middle East, North Africa, Afghanistan & Pakistan",Upper middle income,2002,10170.3095776338,858000.0,5508410.0
LBY,Libya,"Middle East, North Africa, Afghanistan & Pakistan",Upper middle income,2003,11267.0627623548,958000.0,5619398.0
LBY,Libya,"Middle East, North Africa, Afghanistan & Pakistan",Upper middle income,2004,11529.1086646221,,5736693.0
LBY,Libya,"Middle East, North Africa, Afghanistan & Pakistan",Upper middle income,2005,12628.896152656,,5858798.0
LBY,Libya,"Middle East, North Africa, Afghanistan & Pakistan",Upper middle income,2006,13176.7758911904,125000.0,5980211.0
LBY,Libya,"Middle East, North Africa, Afghanistan & Pakistan",Upper middle income,2007,13712.9602583972,106000.0,6104380.0
LBY,Libya,"Middle East, North Africa, Afghanistan & Pakistan",Upper middle income,2008,13403.0004645911,760000.0,6235430.0
LBY,Libya,"Middle East, North Africa, Afghanistan & Pakistan",Upper middle income,2009,12549.0854345521,,6366686.0
LBY,Libya,"Middle East, North Africa, Afghanistan & Pakistan",Upper middle income,2010,12913.9334939386,,6497839.0
LBY,Libya,"Middle East, North Africa, Afghanistan & Pakistan",Upper middle income,2011,6569.59477578957,,6343203.0
LBY,Libya,"Middle East, North Africa, Afghanistan & Pakistan",Upper middle income,2012,12599.258882136,,6179328.0
LBY,Libya,"Middle East, North Africa, Afghanistan & Pakistan",Upper middle income,2013,10126.314927806,,6304628.0
LBY,Libya,"Middle East, North Africa, Afghanistan & Pakistan",Upper middle income,2014,7644.24843947404,,6427252.0
LBY,Libya,"Middle East, North Africa, Afghanistan & Pakistan",Upper middle income,2015,7458.48917756374,,6531819.0
LBY,Libya,"Middle East, North Africa, Afghanistan & Pakistan",Upper middle income,2016,7236.16409923502,,6632126.0
LBY,Libya,"Middle East, North Africa, Afghanistan & Pakistan",Upper middle income,2017,9435.60060040046,,6738770.0
LBY,Libya,"Middle East, North Africa, Afghanistan & Pakistan",Upper middle income,2018,10020.9165751361,,6849055.0
LBY,Libya,"Middle East, North Africa, Afghanistan & Pakistan",Upper middle income,2019,8768.4104874586,,6951033.0
LBY,Libya,"Middle East, North Africa, Afghanistan & Pakistan",Upper middle income,2020,6102.79864032512,,7045399.0
LBY,Libya,"Middle East, North Africa, Afghanistan & Pakistan",Upper middle income,2021,7731.35448152581,,7135175.0
LBY,Libya,"Middle East, North Africa, Afghanistan & Pakistan",Upper middle income,2022,7002.68189296358,,7223805.0
LBY,Libya,"Middle East, North Africa, Afghanistan & Pakistan",Upper middle income,2023,7630.49664928174,,7305659.0
LBY,Libya,"Middle East, North Africa, Afghanistan & Pakistan",Upper middle income,2024,7696.0807819319,,7381023.0
LCA,St. Lucia,Latin America & Caribbean,Upper middle income,1980,4533.61559072062,,119290.0
LCA,St. Lucia,Latin America & Caribbean,Upper middle income,1981,4745.07534839001,,121166.0
LCA,St. Lucia,Latin America & Caribbean,Upper middle income,1982,4768.47313298112,,123087.0
LCA,St. Lucia,Latin America & Caribbean,Upper middle income,1983,4926.91157454487,,125044.0
LCA,St. Lucia,Latin America & Caribbean,Upper middle income,1984,5200.74079176013,,127067.0
LCA,St. Lucia,Latin America & Caribbean,Upper middle income,1985,5540.54774876871,,129159.0
LCA,St. Lucia,Latin America & Caribbean,Upper middle income,1986,6238.03997462967,,131239.0
LCA,St. Lucia,Latin America & Caribbean,Upper middle income,1987,6386.06815363835,,133227.0
LCA,St. Lucia,Latin America & Caribbean,Upper middle income,1988,7178.18209891858,,135000.0
LCA,St. Lucia,Latin America & Caribbean,Upper middle income,1989,7736.20939060312,,136512.0
LCA,St. Lucia,Latin America & Caribbean,Upper middle income,1990,8418.43121970586,,137857.0
LCA,St. Lucia,Latin America & Caribbean,Upper middle income,1991,8349.33748060159,,139520.0
LCA,St. Lucia,Latin America & Caribbean,Upper middle income,1992,8879.90075764079,,141617.0
LCA,St. Lucia,Latin America & Caribbean,Upper middle income,1993,8800.62691819002,,143726.0
LCA,St. Lucia,Latin America & Caribbean,Upper middle income,1994,8808.68294405759,,145890.0
LCA,St. Lucia,Latin America & Caribbean,Upper middle income,1995,8822.50069854295,407000.0,148208.0
LCA,St. Lucia,Latin America & Caribbean,Upper middle income,1996,8945.86353079673,422000.0,150436.0
LCA,St. Lucia,Latin America & Caribbean,Upper middle income,1997,8759.56755308065,563000.0,152569.0
LCA,St. Lucia,Latin America & Caribbean,Upper middle income,1998,9183.3516374622,629000.0,154677.0
LCA,St. Lucia,Latin America & Caribbean,Upper middle income,1999,9306.76032489833,666000.0,156702.0
LCA,St. Lucia,Latin America & Caribbean,Upper middle income,2000,9198.93894352203,727000.0,158616.0
LCA,St. Lucia,Latin America & Caribbean,Upper middle income,2001,8795.54582090658,747000.0,160237.0
LCA,St. Lucia,Latin America & Caribbean,Upper middle income,2002,8755.45939353129,648000.0,161641.0
LCA,St. Lucia,Latin America & Caribbean,Upper middle income,2003,9054.06778374517,683000.0,162976.0
LCA,St. Lucia,Latin America & Caribbean,Upper middle income,2004,9637.37801390276,791000.0,164239.0
LCA,St. Lucia,Latin America & Caribbean,Upper middle income,2005,9527.58469430542,720000.0,165450.0
LCA,St. Lucia,Latin America & Caribbean,Upper middle income,2006,10045.6504032593,670000.0,166639.0
LCA,St. Lucia,Latin America & Caribbean,Upper middle income,2007,10147.4432459936,905000.0,167758.0
LCA,St. Lucia,Latin America & Caribbean,Upper middle income,2008,10583.4310172598,925000.0,168808.0
LCA,St. Lucia,Latin America & Caribbean,Upper middle income,2009,10219.8024011561,982000.0,169869.0
LCA,St. Lucia,Latin America & Caribbean,Upper middle income,2010,10191.3146827694,984000.0,170906.0
LCA,St. Lucia,Latin America & Caribbean,Upper middle income,2011,10576.8979743596,950000.0,171801.0
LCA,St. Lucia,Latin America & Caribbean,Upper middle income,2012,10517.2777635533,889000.0,172587.0
LCA,St. Lucia,Latin America & Caribbean,Upper middle income,2013,10279.4155096001,921000.0,173369.0
LCA,St. Lucia,Latin America & Caribbean,Upper middle income,2014,10369.9382566513,987000.0,174138.0
LCA,St. Lucia,Latin America & Caribbean,Upper middle income,2015,10334.9860823918,1031000.0,174905.0
LCA,St. Lucia,Latin America & Caribbean,Upper middle income,2016,10644.1612913407,948000.0,175646.0
LCA,St. Lucia,Latin America & Caribbean,Upper middle income,2017,10960.4843512477,1064000.0,176342.0
LCA,St. Lucia,Latin America & Caribbean,Upper middle income,2018,11233.8883578457,1165000.0,177017.0
LCA,St. Lucia,Latin America & Caribbean,Upper middle income,2019,11077.9479823807,1220000.0,177661.0
LCA,St. Lucia,Latin America & Caribbean,Upper middle income,2020,8512.8183987353,432500.0,178250.0
LCA,St. Lucia,Latin America & Caribbean,Upper middle income,2021,9447.30059244639,,178522.0
LCA,St. Lucia,Latin America & Caribbean,Upper middle income,2022,11258.6110790564,,178781.0
LCA,St. Lucia,Latin America & Caribbean,Upper middle income,2023,11665.6826047818,,179285.0
LCA,St. Lucia,Latin America & Caribbean,Upper middle income,2024,12190.7970890156,,179744.0
LIE,Liechtenstein,Europe & Central Asia,High income,1980,,,25512.0
LIE,Liechtenstein,Europe & Central Asia,High income,1981,,,25673.0
LIE,Liechtenstein,Europe & Central Asia,High income,1982,,,26255.0
LIE,Liechtenstein,Europe & Central Asia,High income,1983,,,26446.0
LIE,Liechtenstein,Europe & Central Asia,High income,1984,,,26596.0
LIE,Liechtenstein,Europe & Central Asia,High income,1985,,,26878.0
LIE,Liechtenstein,Europe & Central Asia,High income,1986,,,27238.0
LIE,Liechtenstein,Europe & Central Asia,High income,1987,,,27557.0
LIE,Liechtenstein,Europe & Central Asia,High income,1988,,,27948.0
LIE,Liechtenstein,Europe & Central Asia,High income,1989,,,28317.0
LIE,Liechtenstein,Europe & Central Asia,High income,1990,,,28742.0
LIE,Liechtenstein,Europe & Central Asia,High income,1991,,,29209.0
LIE,Liechtenstein,Europe & Central Asia,High income,1992,,,29627.0
LIE,Liechtenstein,Europe & Central Asia,High income,1993,,,30089.0
LIE,Liechtenstein,Europe & Central Asia,High income,1994,,,30470.0
LIE,Liechtenstein,Europe & Central Asia,High income,1995,,59000.0,30776.0
LIE,Liechtenstein,Europe & Central Asia,High income,1996,,56000.0,31033.0
LIE,Liechtenstein,Europe & Central Asia,High income,1997,,57000.0,31232.0
LIE,Liechtenstein,Europe & Central Asia,High income,1998,,59000.0,31668.0
LIE,Liechtenstein,Europe & Central Asia,High income,1999,,60000.0,32221.0
LIE,Liechtenstein,Europe & Central Asia,High income,2000,,61599.9984741211,32645.0
LIE,Liechtenstein,Europe & Central Asia,High income,2001,,56500.0,33194.0
LIE,Liechtenstein,Europe & Central Asia,High income,2002,,48700.0007629395,33694.0
LIE,Liechtenstein,Europe & Central Asia,High income,2003,,49000.0,34079.0
LIE,Liechtenstein,Europe & Central Asia,High income,2004,,48500.0,34447.0
LIE,Liechtenstein,Europe & Central Asia,High income,2005,,49799.9992370605,34753.0
LIE,Liechtenstein,Europe & Central Asia,High income,2006,,54900.0015258789,35037.0
LIE,Liechtenstein,Europe & Central Asia,High income,2007,,72800.0030517578,35262.0
LIE,Liechtenstein,Europe & Central Asia,High income,2008,,72900.0015258789,35473.0
LIE,Liechtenstein,Europe & Central Asia,High income,2009,,66500.0,35742.0
LIE,Liechtenstein,Europe & Central Asia,High income,2010,,64300.0030517578,36022.0
LIE,Liechtenstein,Europe & Central Asia,High income,2011,,67000.0,36312.0
LIE,Liechtenstein,Europe & Central Asia,High income,2012,,62400.0015258789,36657.0
LIE,Liechtenstein,Europe & Central Asia,High income,2013,,59599.9984741211,36984.0
LIE,Liechtenstein,Europe & Central Asia,High income,2014,,61299.9992370605,37248.0
LIE,Liechtenstein,Europe & Central Asia,High income,2015,167187.15730982,56700.0007629395,37494.0
LIE,Liechtenstein,Europe & Central Asia,High income,2016,,69099.9984741211,37716.0
LIE,Liechtenstein,Europe & Central Asia,High income,2017,,79300.0030517578,37962.0
LIE,Liechtenstein,Europe & Central Asia,High income,2018,,85300.0030517578,38246.0
LIE,Liechtenstein,Europe & Central Asia,High income,2019,,98099.9984741211,38563.0
LIE,Liechtenstein,Europe & Central Asia,High income,2020,,58400.0015258789,38901.0
LIE,Liechtenstein,Europe & Central Asia,High income,2021,,,39182.0
LIE,Liechtenstein,Europe & Central Asia,High income,2022,,,39493.0
LIE,Liechtenstein,Europe & Central Asia,High income,2023,,,39846.0
LIE,Liechtenstein,Europe & Central Asia,High income,2024,,,40450.0
LKA,Sri Lanka,South Asia,Upper middle income,1980,1014.42361893248,,14847974.0
LKA,Sri Lanka,South Asia,Upper middle income,1981,1054.38566444869,,15099414.0
LKA,Sri Lanka,South Asia,Upper middle income,1982,1084.60957012097,,15286567.0
LKA,Sri Lanka,South Asia,Upper middle income,1983,1129.27072053948,,15388794.0
LKA,Sri Lanka,South Asia,Upper middle income,1984,1182.77526252586,,15441860.0
LKA,Sri Lanka,South Asia,Upper middle income,1985,1233.7341803135,,15544154.0
LKA,Sri Lanka,South Asia,Upper middle income,1986,1272.15733751784,,15731256.0
LKA,Sri Lanka,South Asia,Upper middle income,1987,1279.04223115686,,15916576.0
LKA,Sri Lanka,South Asia,Upper middle income,1988,1297.45961601966,,16078621.0
LKA,Sri Lanka,South Asia,Upper middle income,1989,1313.41060050301,,16248557.0
LKA,Sri Lanka,South Asia,Upper middle income,1990,1388.58951567963,,16352458.0
LKA,Sri Lanka,South Asia,Upper middle income,1991,1441.62996544401,,16475354.0
LKA,Sri Lanka,South Asia,Upper middle income,1992,1481.33109855023,,16739284.0
LKA,Sri Lanka,South Asia,Upper middle income,1993,1556.88467169768,,17025918.0
LKA,Sri Lanka,South Asia,Upper middle income,1994,1620.29120747596,,17275773.0
LKA,Sri Lanka,South Asia,Upper middle income,1995,1681.35052898879,414000.0,17564068.0
LKA,Sri Lanka,South Asia,Upper middle income,1996,1712.0081548794,315000.0,17905018.0
LKA,Sri Lanka,South Asia,Upper middle income,1997,1787.41017656806,384000.0,18248200.0
LKA,Sri Lanka,South Asia,Upper middle income,1998,1836.3894592448,409000.0,18596003.0
LKA,Sri Lanka,South Asia,Upper middle income,1999,1880.10677681974,465000.0,18944731.0
LKA,Sri Lanka,South Asia,Upper middle income,2000,1956.93310021177,445000.0,19293054.0
LKA,Sri Lanka,South Asia,Upper middle income,2001,1896.48251385291,397000.0,19600362.0
LKA,Sri Lanka,South Asia,Upper middle income,2002,1951.22522418199,457000.0,19805752.0
LKA,Sri Lanka,South Asia,Upper middle income,2003,2052.03044701403,583000.0,19951521.0
LKA,Sri Lanka,South Asia,Upper middle income,2004,2149.10628192765,681000.0,20087605.0
LKA,Sri Lanka,South Asia,Upper middle income,2005,2268.6880085282,669000.0,20216524.0
LKA,Sri Lanka,South Asia,Upper middle income,2006,2426.34872826822,689000.0,20352411.0
LKA,Sri Lanka,South Asia,Upper middle income,2007,2573.54361719411,592000.0,20492545.0
LKA,Sri Lanka,South Asia,Upper middle income,2008,2708.58593724377,526000.0,20629378.0
LKA,Sri Lanka,South Asia,Upper middle income,2009,2787.27350463737,538000.0,20756435.0
LKA,Sri Lanka,South Asia,Upper middle income,2010,2993.01410960302,766000.0,20879089.0
LKA,Sri Lanka,South Asia,Upper middle income,2011,3232.37349786435,976000.0,21009048.0
LKA,Sri Lanka,South Asia,Upper middle income,2012,3484.79048392653,1133000.0,21169458.0
LKA,Sri Lanka,South Asia,Upper middle income,2013,3728.93585962083,1415000.0,20585000.0
LKA,Sri Lanka,South Asia,Upper middle income,2014,3929.92061307909,1665000.0,20778000.0
LKA,Sri Lanka,South Asia,Upper middle income,2015,4057.71582716521,1993000.0,20970000.0
LKA,Sri Lanka,South Asia,Upper middle income,2016,4214.74117217382,2168000.0,21209000.0
LKA,Sri Lanka,South Asia,Upper middle income,2017,4436.00789131029,2248000.0,21453000.0
LKA,Sri Lanka,South Asia,Upper middle income,2018,4493.03574617534,2521000.0,21670000.0
LKA,Sri Lanka,South Asia,Upper middle income,2019,4455.78188788143,2027000.0,21803000.0
LKA,Sri Lanka,South Asia,Upper middle income,2020,4227.23314530167,540000.0,21919000.0
LKA,Sri Lanka,South Asia,Upper middle income,2021,4357.97224978578,,22156000.0
LKA,Sri Lanka,South Asia,Upper middle income,2022,4033.14560306744,,22181000.0
LKA,Sri Lanka,South Asia,Upper middle income,2023,3977.13564995085,,22037000.0
LKA,Sri Lanka,South Asia,Upper middle income,2024,4198.74513727898,,21916000.0
LSO,Lesotho,Sub-Saharan Africa,Lower middle income,1980,460.201617282317,,1406521.0
LSO,Lesotho,Sub-Saharan Africa,Lower middle income,1981,450.102526288964,,1448069.0
LSO,Lesotho,Sub-Saharan Africa,Lower middle income,1982,456.70895712652,,1490732.0
LSO,Lesotho,Sub-Saharan Africa,Lower middle income,1983,452.520331729117,,1534413.0
LSO,Lesotho,Sub-Saharan Africa,Lower middle income,1984,464.085693764499,,1578986.0
LSO,Lesotho,Sub-Saharan Africa,Lower middle income,1985,462.892172294155,,1624379.0
LSO,Lesotho,Sub-Saharan Africa,Lower middle income,1986,472.432855957162,,1666138.0
LSO,Lesotho,Sub-Saharan Africa,Lower middle income,1987,465.473147313833,,1703390.0
LSO,Lesotho,Sub-Saharan Africa,Lower middle income,1988,494.921891483579,,1739841.0
LSO,Lesotho,Sub-Saharan Africa,Lower middle income,1989,513.106302889949,,1775436.0
LSO,Lesotho,Sub-Saharan Africa,Lower middle income,1990,533.824964193999,,1809696.0
LSO,Lesotho,Sub-Saharan Africa,Lower middle income,1991,560.884905718596,,1842379.0
LSO,Lesotho,Sub-Saharan Africa,Lower middle income,1992,590.008212092485,,1873274.0
LSO,Lesotho,Sub-Saharan Africa,Lower middle income,1993,601.55791413154,,1901793.0
LSO,Lesotho,Sub-Saharan Africa,Lower middle income,1994,628.960051227201,,1927707.0
LSO,Lesotho,Sub-Saharan Africa,Lower middle income,1995,641.758711944969,209000.0,1951437.0
LSO,Lesotho,Sub-Saharan Africa,Lower middle income,1996,670.469581774155,312000.0,1972418.0
LSO,Lesotho,Sub-Saharan Africa,Lower middle income,1997,689.806218455005,313000.0,1988130.0
LSO,Lesotho,Sub-Saharan Africa,Lower middle income,1998,696.935973937753,290000.0,1998049.0
LSO,Lesotho,Sub-Saharan Africa,Lower middle income,1999,698.441087182066,308000.0,2003234.0
LSO,Lesotho,Sub-Saharan Africa,Lower middle income,2000,725.263668707773,302000.0,2003913.0
LSO,Lesotho,Sub-Saharan Africa,Lower middle income,2001,752.243212493971,295000.0,2000853.0
LSO,Lesotho,Sub-Saharan Africa,Lower middle income,2002,760.033443180306,287000.0,1994679.0
LSO,Lesotho,Sub-Saharan Africa,Lower middle income,2003,798.540500554454,329000.0,1985059.0
LSO,Lesotho,Sub-Saharan Africa,Lower middle income,2004,817.793597897186,304000.0,1971129.0
LSO,Lesotho,Sub-Saharan Africa,Lower middle income,2005,853.960500629797,304000.0,1953076.0
LSO,Lesotho,Sub-Saharan Africa,Lower middle income,2006,893.750686627156,357000.0,1945063.0
LSO,Lesotho,Sub-Saharan Africa,Lower middle income,2007,927.26863327342,300000.0,1953268.0
LSO,Lesotho,Sub-Saharan Africa,Lower middle income,2008,971.881366821351,293000.0,1966541.0
LSO,Lesotho,Sub-Saharan Africa,Lower middle income,2009,952.747929746529,344000.0,1980883.0
LSO,Lesotho,Sub-Saharan Africa,Lower middle income,2010,995.233432451681,426000.0,1996251.0
LSO,Lesotho,Sub-Saharan Africa,Lower middle income,2011,1031.99721564343,398000.0,2014009.0
LSO,Lesotho,Sub-Saharan Africa,Lower middle income,2012,1086.39034816283,423000.0,2034354.0
LSO,Lesotho,Sub-Saharan Africa,Lower middle income,2013,1093.95323489272,433000.0,2056504.0
LSO,Lesotho,Sub-Saharan Africa,Lower middle income,2014,1100.04993684215,1079000.0,2080089.0
LSO,Lesotho,Sub-Saharan Africa,Lower middle income,2015,1121.19851342518,1082000.0,2104611.0
LSO,Lesotho,Sub-Saharan Africa,Lower middle income,2016,1147.58748801671,1196000.0,2130422.0
LSO,Lesotho,Sub-Saharan Africa,Lower middle income,2017,1097.82166812752,1137000.0,2157110.0
LSO,Lesotho,Sub-Saharan Africa,Lower middle income,2018,1068.44462913373,1173000.0,2183603.0
LSO,Lesotho,Sub-Saharan Africa,Lower middle income,2019,1040.99351014117,1142000.0,2209405.0
LSO,Lesotho,Sub-Saharan Africa,Lower middle income,2020,944.834128375429,,2235727.0
LSO,Lesotho,Sub-Saharan Africa,Lower middle income,2021,955.221236301503,,2261542.0
LSO,Lesotho,Sub-Saharan Africa,Lower middle income,2022,967.51928598325,,2286110.0
LSO,Lesotho,Sub-Saharan Africa,Lower middle income,2023,973.116561960912,,2311472.0
LSO,Lesotho,Sub-Saharan Africa,Lower middle income,2024,1012.59379523386,,2337423.0
LTU,Lithuania,Europe & Central Asia,High income,1980,,,3413202.0
LTU,Lithuania,Europe & Central Asia,High income,1981,,,3432947.0
LTU,Lithuania,Europe & Central Asia,High income,1982,,,3457179.0
LTU,Lithuania,Europe & Central Asia,High income,1983,,,3485192.0
LTU,Lithuania,Europe & Central Asia,High income,1984,,,3514205.0
LTU,Lithuania,Europe & Central Asia,High income,1985,,,3544543.0
LTU,Lithuania,Europe & Central Asia,High income,1986,,,3578914.0
LTU,Lithuania,Europe & Central Asia,High income,1987,,,3616367.0
LTU,Lithuania,Europe & Central Asia,High income,1988,,,3655049.0
LTU,Lithuania,Europe & Central Asia,High income,1989,,,3684255.0
LTU,Lithuania,Europe & Central Asia,High income,1990,8333.35060476781,,3697838.0
LTU,Lithuania,Europe & Central Asia,High income,1991,7847.01714085874,,3704134.0
LTU,Lithuania,Europe & Central Asia,High income,1992,6185.53516623455,,3700114.0
LTU,Lithuania,Europe & Central Asia,High income,1993,5206.44260647022,,3682613.0
LTU,Lithuania,Europe & Central Asia,High income,1994,4730.69620782245,,3657144.0
LTU,Lithuania,Europe & Central Asia,High income,1995,4924.09667530707,2600000.0,3629102.0
LTU,Lithuania,Europe & Central Asia,High income,1996,5211.10025197912,3497000.0,3601613.0
LTU,Lithuania,Europe & Central Asia,High income,1997,5685.44901491024,3702000.0,3575137.0
LTU,Lithuania,Europe & Central Asia,High income,1998,6154.17245640636,4287000.0,3549331.0
LTU,Lithuania,Europe & Central Asia,High income,1999,6129.99843995634,4454000.0,3524238.0
LTU,Lithuania,Europe & Central Asia,High income,2000,6384.30865426374,4092000.0,3499536.0
LTU,Lithuania,Europe & Central Asia,High income,2001,6854.52512826671,4195000.0,3470818.0
LTU,Lithuania,Europe & Central Asia,High income,2002,7374.0979710116,3999000.0,3443067.0
LTU,Lithuania,Europe & Central Asia,High income,2003,8218.69336289848,3635000.0,3415213.0
LTU,Lithuania,Europe & Central Asia,High income,2004,8851.92598922347,,3377075.0
LTU,Lithuania,Europe & Central Asia,High income,2005,9692.86853763267,,3322528.0
LTU,Lithuania,Europe & Central Asia,High income,2006,10577.2145522871,,3269909.0
LTU,Lithuania,Europe & Central Asia,High income,2007,11889.3545234657,4251000.0,3231294.0
LTU,Lithuania,Europe & Central Asia,High income,2008,12324.5197331387,4459000.0,3198231.0
LTU,Lithuania,Europe & Central Asia,High income,2009,10612.9204044582,4001000.0,3162916.0
LTU,Lithuania,Europe & Central Asia,High income,2010,10884.1161852582,4073000.0,3097282.0
LTU,Lithuania,Europe & Central Asia,High income,2011,11836.7200384033,4504000.0,3028115.0
LTU,Lithuania,Europe & Central Asia,High income,2012,12516.6184065667,4979000.0,2989139.0
LTU,Lithuania,Europe & Central Asia,High income,2013,13145.8069309969,5264000.0,2961250.0
LTU,Lithuania,Europe & Central Asia,High income,2014,13753.1895982305,5217000.0,2937253.0
LTU,Lithuania,Europe & Central Asia,High income,2015,14269.8039878287,5048000.0,2911109.0
LTU,Lithuania,Europe & Central Asia,High income,2016,14823.107153522,5322000.0,2877325.0
LTU,Lithuania,Europe & Central Asia,High income,2017,15695.9993288456,5590000.0,2842639.0
LTU,Lithuania,Europe & Central Asia,High income,2018,16604.9021440809,6115000.0,2819200.0
LTU,Lithuania,Europe & Central Asia,High income,2019,17431.7239081591,6150000.0,2811089.0
LTU,Lithuania,Europe & Central Asia,High income,2020,17443.65526328,2284000.0,2810369.0
LTU,Lithuania,Europe & Central Asia,High income,2021,18572.2895051093,,2808380.0
LTU,Lithuania,Europe & Central Asia,High income,2022,18873.8427527274,,2831639.0
LTU,Lithuania,Europe & Central Asia,High income,2023,18748.9302647191,,2871585.0
LTU,Lithuania,Europe & Central Asia,High income,2024,19205.4152293136,,2888278.0
LUX,Luxembourg,Europe & Central Asia,High income,1980,42707.6494595092,,364150.0
LUX,Luxembourg,Europe & Central Asia,High income,1981,42347.3375168142,,365225.0
LUX,Luxembourg,Europe & Central Asia,High income,1982,42791.2621593912,,365525.0
LUX,Luxembourg,Europe & Central Asia,High income,1983,44058.6362377646,,365622.0
LUX,Luxembourg,Europe & Central Asia,High income,1984,46736.4543493136,,365998.0
LUX,Luxembourg,Europe & Central Asia,High income,1985,47948.4434191294,,366706.0
LUX,Luxembourg,Europe & Central Asia,High income,1986,52499.5072976028,,368355.0
LUX,Luxembourg,Europe & Central Asia,High income,1987,54221.2112555899,,370750.0
LUX,Luxembourg,Europe & Central Asia,High income,1988,58384.9152871371,,373450.0
LUX,Luxembourg,Europe & Central Asia,High income,1989,63485.0197151683,,377100.0
LUX,Luxembourg,Europe & Central Asia,High income,1990,66030.6478306937,,381850.0
LUX,Luxembourg,Europe & Central Asia,High income,1991,70783.8040436531,,387000.0
LUX,Luxembourg,Europe & Central Asia,High income,1992,71120.7911006759,,392175.0
LUX,Luxembourg,Europe & Central Asia,High income,1993,73120.1504309245,,397475.0
LUX,Luxembourg,Europe & Central Asia,High income,1994,74887.1941112367,,402925.0
LUX,Luxembourg,Europe & Central Asia,High income,1995,74900.1497246575,768000.0,408625.0
LUX,Luxembourg,Europe & Central Asia,High income,1996,74920.5623621812,724000.0,414225.0
LUX,Luxembourg,Europe & Central Asia,High income,1997,77997.2016345512,778000.0,419450.0
LUX,Luxembourg,Europe & Central Asia,High income,1998,82174.3606082355,789000.0,424700.0
LUX,Luxembourg,Europe & Central Asia,High income,1999,87700.5125529005,863000.0,430475.0
LUX,Luxembourg,Europe & Central Asia,High income,2000,92533.1393756479,852000.0,436300.0
LUX,Luxembourg,Europe & Central Asia,High income,2001,94249.1625853478,836000.0,441525.0
LUX,Luxembourg,Europe & Central Asia,High income,2002,96275.0321314871,885000.0,446175.0
LUX,Luxembourg,Europe & Central Asia,High income,2003,97603.4028137275,867000.0,451630.0
LUX,Luxembourg,Europe & Central Asia,High income,2004,100296.956996628,878000.0,458095.0
LUX,Luxembourg,Europe & Central Asia,High income,2005,101226.109631791,913000.0,465158.0
LUX,Luxembourg,Europe & Central Asia,High income,2006,105618.332853323,908000.0,472637.0
LUX,Luxembourg,Europe & Central Asia,High income,2007,112422.146493735,914000.0,479993.0
LUX,Luxembourg,Europe & Central Asia,High income,2008,110096.656683086,877000.0,488650.0
LUX,Luxembourg,Europe & Central Asia,High income,2009,104576.122195434,847000.0,497783.0
LUX,Luxembourg,Europe & Central Asia,High income,2010,106545.854916218,805000.0,506953.0
LUX,Luxembourg,Europe & Central Asia,High income,2011,105292.012346074,874000.0,518347.0
LUX,Luxembourg,Europe & Central Asia,High income,2012,104489.298083328,950000.0,530946.0
LUX,Luxembourg,Europe & Central Asia,High income,2013,105340.41498623,945000.0,543360.0
LUX,Luxembourg,Europe & Central Asia,High income,2014,105585.401767492,1038000.0,556319.0
LUX,Luxembourg,Europe & Central Asia,High income,2015,105462.012584423,1090000.0,569604.0
LUX,Luxembourg,Europe & Central Asia,High income,2016,108351.452194449,1054000.0,582014.0
LUX,Luxembourg,Europe & Central Asia,High income,2017,107142.05542835,1046000.0,596336.0
LUX,Luxembourg,Europe & Central Asia,High income,2018,106788.661202756,1018000.0,607950.0
LUX,Luxembourg,Europe & Central Asia,High income,2019,107591.899505248,1041000.0,620001.0
LUX,Luxembourg,Europe & Central Asia,High income,2020,105274.182260744,525000.0,630419.0
LUX,Luxembourg,Europe & Central Asia,High income,2021,110873.115269021,,640064.0
LUX,Luxembourg,Europe & Central Asia,High income,2022,107467.123965307,,653103.0
LUX,Luxembourg,Europe & Central Asia,High income,2023,105422.764660192,,666430.0
LUX,Luxembourg,Europe & Central Asia,High income,2024,104147.111291588,,677012.0
LVA,Latvia,Europe & Central Asia,High income,1980,,,2511701.0
LVA,Latvia,Europe & Central Asia,High income,1981,,,2519421.0
LVA,Latvia,Europe & Central Asia,High income,1982,,,2531080.0
LVA,Latvia,Europe & Central Asia,High income,1983,,,2546011.0
LVA,Latvia,Europe & Central Asia,High income,1984,,,2562047.0
LVA,Latvia,Europe & Central Asia,High income,1985,,,2578873.0
LVA,Latvia,Europe & Central Asia,High income,1986,,,2599892.0
LVA,Latvia,Europe & Central Asia,High income,1987,,,2626583.0
LVA,Latvia,Europe & Central Asia,High income,1988,,,2653434.0
LVA,Latvia,Europe & Central Asia,High income,1989,,,2666955.0
LVA,Latvia,Europe & Central Asia,High income,1990,7622.69859894915,,2663151.0
LVA,Latvia,Europe & Central Asia,High income,1991,6694.19920788241,,2650581.0
LVA,Latvia,Europe & Central Asia,High income,1992,4607.11398959129,,2614338.0
LVA,Latvia,Europe & Central Asia,High income,1993,4464.72137528124,,2563290.0
LVA,Latvia,Europe & Central Asia,High income,1994,4639.50575611837,,2520742.0
LVA,Latvia,Europe & Central Asia,High income,1995,4661.66840092451,1633000.0,2485056.0
LVA,Latvia,Europe & Central Asia,High income,1996,4822.90414861125,1750000.0,2457222.0
LVA,Latvia,Europe & Central Asia,High income,1997,5317.97997604979,1842000.0,2432851.0
LVA,Latvia,Europe & Central Asia,High income,1998,5719.98918281481,1788000.0,2410019.0
LVA,Latvia,Europe & Central Asia,High income,1999,5929.26767237825,1738000.0,2390482.0
LVA,Latvia,Europe & Central Asia,High income,2000,6336.38296707987,1882000.0,2367550.0
LVA,Latvia,Europe & Central Asia,High income,2001,6833.4354323157,2061000.0,2337170.0
LVA,Latvia,Europe & Central Asia,High income,2002,7443.22944659059,2297000.0,2310173.0
LVA,Latvia,Europe & Central Asia,High income,2003,8149.00183600084,2524000.0,2287955.0
LVA,Latvia,Europe & Central Asia,High income,2004,8957.23393555082,3127000.0,2263122.0
LVA,Latvia,Europe & Central Asia,High income,2005,10106.2626157732,3791000.0,2238799.0
LVA,Latvia,Europe & Central Asia,High income,2006,11507.4648265658,4649000.0,2218357.0
LVA,Latvia,Europe & Central Asia,High income,2007,12810.0409502542,5209000.0,2200325.0
LVA,Latvia,Europe & Central Asia,High income,2008,12506.6945041012,5496000.0,2177322.0
LVA,Latvia,Europe & Central Asia,High income,2009,10675.425174228,4727000.0,2141669.0
LVA,Latvia,Europe & Central Asia,High income,2010,10500.8666223014,5042000.0,2097555.0
LVA,Latvia,Europe & Central Asia,High income,2011,11018.5152421583,5538000.0,2059709.0
LVA,Latvia,Europe & Central Asia,High income,2012,11971.0107466522,5569000.0,2034319.0
LVA,Latvia,Europe & Central Asia,High income,2013,12353.5386135301,5822000.0,2012647.0
LVA,Latvia,Europe & Central Asia,High income,2014,12731.6771959342,6246000.0,1993782.0
LVA,Latvia,Europe & Central Asia,High income,2015,13321.9753140616,6842000.0,1977527.0
LVA,Latvia,Europe & Central Asia,High income,2016,13787.3367440023,6797000.0,1959537.0
LVA,Latvia,Europe & Central Asia,High income,2017,14382.8612727134,7726000.0,1942248.0
LVA,Latvia,Europe & Central Asia,High income,2018,15120.0698171804,7775000.0,1927174.0
LVA,Latvia,Europe & Central Asia,High income,2019,15328.3859933295,8342000.0,1913822.0
LVA,Latvia,Europe & Central Asia,High income,2020,14900.7295718866,3204000.0,1900449.0
LVA,Latvia,Europe & Central Asia,High income,2021,16070.1680032322,,1884490.0
LVA,Latvia,Europe & Central Asia,High income,2022,16421.3748596,,1879383.0
LVA,Latvia,Europe & Central Asia,High income,2023,16229.3844520245,,1883710.0
LVA,Latvia,Europe & Central Asia,High income,2024,16376.2565245797,,1866124.0
MAC,"Macao SAR, China",East Asia & Pacific,High income,1980,,,239650.0
MAC,"Macao SAR, China",East Asia & Pacific,High income,1981,,,244800.0
MAC,"Macao SAR, China",East Asia & Pacific,High income,1982,23029.931281133,,254650.0
MAC,"Macao SAR, China",East Asia & Pacific,High income,1983,23959.939981358,,269300.0
MAC,"Macao SAR, China",East Asia & Pacific,High income,1984,24741.8204812446,,282850.0
MAC,"Macao SAR, China",East Asia & Pacific,High income,1985,24333.6874271768,,289700.0
MAC,"Macao SAR, China",East Asia & Pacific,High income,1986,25405.9483374117,,296050.0
MAC,"Macao SAR, China",East Asia & Pacific,High income,1987,28015.2696437855,,306850.0
MAC,"Macao SAR, China",East Asia & Pacific,High income,1988,29328.9300459386,,316000.0
MAC,"Macao SAR, China",East Asia & Pacific,High income,1989,29940.476374969,,325100.0
MAC,"Macao SAR, China",East Asia & Pacific,High income,1990,31378.8304183133,,334950.0
MAC,"Macao SAR, China",East Asia & Pacific,High income,1991,30982.3788289054,,351650.0
MAC,"Macao SAR, China",East Asia & Pacific,High income,1992,33280.8531405232,,370900.0
MAC,"Macao SAR, China",East Asia & Pacific,High income,1993,33812.6326064638,,384000.0
MAC,"Macao SAR, China",East Asia & Pacific,High income,1994,34113.7531646476,,396800.0
MAC,"Macao SAR, China",East Asia & Pacific,High income,1995,34162.0125862687,7752000.0,409300.0
MAC,"Macao SAR, China",East Asia & Pacific,High income,1996,33543.2536281767,8151000.0,415100.0
MAC,"Macao SAR, China",East Asia & Pacific,High income,1997,33273.3263570517,7000000.0,417300.0
MAC,"Macao SAR, China",East Asia & Pacific,High income,1998,31376.4225649646,6949000.0,422300.0
MAC,"Macao SAR, China",East Asia & Pacific,High income,1999,30270.8085696141,7444000.0,427400.0
MAC,"Macao SAR, China",East Asia & Pacific,High income,2000,31772.6302531656,9162000.0,430600.0
MAC,"Macao SAR, China",East Asia & Pacific,High income,2001,32441.6760183581,10279000.0,433900.0
MAC,"Macao SAR, China",East Asia & Pacific,High income,2002,34967.8914561813,11531000.0,438400.0
MAC,"Macao SAR, China",East Asia & Pacific,High income,2003,38581.6976189322,11888000.0,443600.0
MAC,"Macao SAR, China",East Asia & Pacific,High income,2004,47665.9330386643,16673000.0,454700.0
MAC,"Macao SAR, China",East Asia & Pacific,High income,2005,49470.940295748,18711000.0,473500.0
MAC,"Macao SAR, China",East Asia & Pacific,High income,2006,53240.2045750276,21998000.0,498900.0
MAC,"Macao SAR, China",East Asia & Pacific,High income,2007,58376.1176047275,27003000.0,520900.0
MAC,"Macao SAR, China",East Asia & Pacific,High income,2008,58146.3285846714,22933000.0,540700.0
MAC,"Macao SAR, China",East Asia & Pacific,High income,2009,59528.8350159491,21753000.0,535000.0
MAC,"Macao SAR, China",East Asia & Pacific,High income,2010,74195.0577762344,24965000.0,537000.0
MAC,"Macao SAR, China",East Asia & Pacific,High income,2011,88168.9713699088,28002000.0,549600.0
MAC,"Macao SAR, China",East Asia & Pacific,High income,2012,93192.885853941,28082000.0,567900.0
MAC,"Macao SAR, China",East Asia & Pacific,High income,2013,99054.4980289716,29325000.0,591900.0
MAC,"Macao SAR, China",East Asia & Pacific,High income,2014,92383.8434915276,31526000.0,621700.0
MAC,"Macao SAR, China",East Asia & Pacific,High income,2015,69902.9605741233,30715000.0,642900.0
MAC,"Macao SAR, China",East Asia & Pacific,High income,2016,68391.3415491921,30950000.0,652500.0
MAC,"Macao SAR, China",East Asia & Pacific,High income,2017,75650.1261840452,32611000.0,648400.0
MAC,"Macao SAR, China",East Asia & Pacific,High income,2018,79178.6506290559,35804000.0,658900.0
MAC,"Macao SAR, China",East Asia & Pacific,High income,2019,75724.6078280261,39406000.0,672000.0
MAC,"Macao SAR, China",East Asia & Pacific,High income,2020,33853.7761550109,5897000.0,685400.0
MAC,"Macao SAR, China",East Asia & Pacific,High income,2021,41634.2386139903,,682500.0
MAC,"Macao SAR, China",East Asia & Pacific,High income,2022,34000.7134128308,,677300.0
MAC,"Macao SAR, China",East Asia & Pacific,High income,2023,59474.3964251614,,678800.0
MAC,"Macao SAR, China",East Asia & Pacific,High income,2024,63377.2932129214,,687000.0
MAF,St. Martin (French part),Latin America & Caribbean,High income,1980,,,8288.0
MAF,St. Martin (French part),Latin America & Caribbean,High income,1981,,,8498.0
MAF,St. Martin (French part),Latin America & Caribbean,High income,1982,,,9494.0
MAF,St. Martin (French part),Latin America & Caribbean,High income,1983,,,11485.0
MAF,St. Martin (French part),Latin America & Caribbean,High income,1984,,,13733.0
MAF,St. Martin (French part),Latin America & Caribbean,High income,1985,,,16095.0
MAF,St. Martin (French part),Latin America & Caribbean,High income,1986,,,18558.0
MAF,St. Martin (French part),Latin America & Caribbean,High income,1987,,,21108.0
MAF,St. Martin (French part),Latin America & Caribbean,High income,1988,,,23749.0
MAF,St. Martin (French part),Latin America & Caribbean,High income,1989,,,26453.0
MAF,St. Martin (French part),Latin America & Caribbean,High income,1990,,,28224.0
MAF,St. Martin (French part),Latin America & Caribbean,High income,1991,,,28800.0
MAF,St. Martin (French part),Latin America & Caribbean,High income,1992,,,29081.0
MAF,St. Martin (French part),Latin America & Caribbean,High income,1993,,,29282.0
MAF,St. Martin (French part),Latin America & Caribbean,High income,1994,,,29413.0
MAF,St. Martin (French part),Latin America & Caribbean,High income,1995,,,29470.0
MAF,St. Martin (French part),Latin America & Caribbean,High income,1996,,,29443.0
MAF,St. Martin (French part),Latin America & Caribbean,High income,1997,,,29323.0
MAF,St. Martin (French part),Latin America & Caribbean,High income,1998,,,29107.0
MAF,St. Martin (French part),Latin America & Caribbean,High income,1999,,,29284.0
MAF,St. Martin (French part),Latin America & Caribbean,High income,2000,,,29996.0
MAF,St. Martin (French part),Latin America & Caribbean,High income,2001,,,30803.0
MAF,St. Martin (French part),Latin America & Caribbean,High income,2002,,,31604.0
MAF,St. Martin (French part),Latin America & Caribbean,High income,2003,,,32395.0
MAF,St. Martin (French part),Latin America & Caribbean,High income,2004,,,33171.0
MAF,St. Martin (French part),Latin America & Caribbean,High income,2005,,,33928.0
MAF,St. Martin (French part),Latin America & Caribbean,High income,2006,,,34658.0
MAF,St. Martin (French part),Latin America & Caribbean,High income,2007,,,35337.0
MAF,St. Martin (French part),Latin America & Caribbean,High income,2008,,,35958.0
MAF,St. Martin (French part),Latin America & Caribbean,High income,2009,,,36502.0
MAF,St. Martin (French part),Latin America & Caribbean,High income,2010,,,36856.0
MAF,St. Martin (French part),Latin America & Caribbean,High income,2011,,,37069.0
MAF,St. Martin (French part),Latin America & Caribbean,High income,2012,,,37276.0
MAF,St. Martin (French part),Latin America & Caribbean,High income,2013,,,37419.0
MAF,St. Martin (French part),Latin America & Caribbean,High income,2014,,,37450.0
MAF,St. Martin (French part),Latin America & Caribbean,High income,2015,,,37369.0
MAF,St. Martin (French part),Latin America & Caribbean,High income,2016,,,37175.0
MAF,St. Martin (French part),Latin America & Caribbean,High income,2017,,,36837.0
MAF,St. Martin (French part),Latin America & Caribbean,High income,2018,,,36012.0
MAF,St. Martin (French part),Latin America & Caribbean,High income,2019,,,34267.0
MAF,St. Martin (French part),Latin America & Caribbean,High income,2020,,,31786.0
MAF,St. Martin (French part),Latin America & Caribbean,High income,2021,,,29961.0
MAF,St. Martin (French part),Latin America & Caribbean,High income,2022,,,28870.0
MAF,St. Martin (French part),Latin America & Caribbean,High income,2023,,,27515.0
MAF,St. Martin (French part),Latin America & Caribbean,High income,2024,,,26129.0
MAR,Morocco,"Middle East, North Africa, Afghanistan & Pakistan",Lower middle income,1980,1340.24670410156,,19459943.0
MAR,Morocco,"Middle East, North Africa, Afghanistan & Pakistan",Lower middle income,1981,1281.85180664063,,19985401.0
MAR,Morocco,"Middle East, North Africa, Afghanistan & Pakistan",Lower middle income,1982,1359.98828125,,20520318.0
MAR,Morocco,"Middle East, North Africa, Afghanistan & Pakistan",Lower middle income,1983,1343.30456542969,,21060696.0
MAR,Morocco,"Middle East, North Africa, Afghanistan & Pakistan",Lower middle income,1984,1394.10388183594,,21593778.0
MAR,Morocco,"Middle East, North Africa, Afghanistan & Pakistan",Lower middle income,1985,1442.95849609375,,22113953.0
MAR,Morocco,"Middle East, North Africa, Afghanistan & Pakistan",Lower middle income,1986,1542.61840820313,,22600803.0
MAR,Morocco,"Middle East, North Africa, Afghanistan & Pakistan",Lower middle income,1987,1507.19995117188,,23054392.0
MAR,Morocco,"Middle East, North Africa, Afghanistan & Pakistan",Lower middle income,1988,1654.0068359375,,23500524.0
MAR,Morocco,"Middle East, North Africa, Afghanistan & Pakistan",Lower middle income,1989,1669.73254394531,,23939414.0
MAR,Morocco,"Middle East, North Africa, Afghanistan & Pakistan",Lower middle income,1990,1695.63647460938,,24375551.0
MAR,Morocco,"Middle East, North Africa, Afghanistan & Pakistan",Lower middle income,1991,1786.76281738281,,24799014.0
MAR,Morocco,"Middle East, North Africa, Afghanistan & Pakistan",Lower middle income,1992,1720.42248535156,,25212468.0
MAR,Morocco,"Middle East, North Africa, Afghanistan & Pakistan",Lower middle income,1993,1680.71044921875,,25614586.0
MAR,Morocco,"Middle East, North Africa, Afghanistan & Pakistan",Lower middle income,1994,1830.88061523438,,26000822.0
MAR,Morocco,"Middle East, North Africa, Afghanistan & Pakistan",Lower middle income,1995,1705.4482421875,2752000.0,26399429.0
MAR,Morocco,"Middle East, North Africa, Afghanistan & Pakistan",Lower middle income,1996,1886.67224121094,2856000.0,26808107.0
MAR,Morocco,"Middle East, North Africa, Afghanistan & Pakistan",Lower middle income,1997,1828.96862792969,3203000.0,27213337.0
MAR,Morocco,"Middle East, North Africa, Afghanistan & Pakistan",Lower middle income,1998,1931.74047851563,3267000.0,27621648.0
MAR,Morocco,"Middle East, North Africa, Afghanistan & Pakistan",Lower middle income,1999,1935.47875976563,4088000.0,28027179.0
MAR,Morocco,"Middle East, North Africa, Afghanistan & Pakistan",Lower middle income,2000,1957.14135742188,4458000.0,28423435.0
MAR,Morocco,"Middle East, North Africa, Afghanistan & Pakistan",Lower middle income,2001,2078.96606445313,4596000.0,28814643.0
MAR,Morocco,"Middle East, North Africa, Afghanistan & Pakistan",Lower middle income,2002,2127.50708007813,4709000.0,29198142.0
MAR,Morocco,"Middle East, North Africa, Afghanistan & Pakistan",Lower middle income,2003,2229.576171875,5021000.0,29571415.0
MAR,Morocco,"Middle East, North Africa, Afghanistan & Pakistan",Lower middle income,2004,2301.08178710938,5732000.0,29953018.0
MAR,Morocco,"Middle East, North Africa, Afghanistan & Pakistan",Lower middle income,2005,2342.15478515625,6077000.0,30358144.0
MAR,Morocco,"Middle East, North Africa, Afghanistan & Pakistan",Lower middle income,2006,2489.99291992188,6777000.0,30771178.0
MAR,Morocco,"Middle East, North Africa, Afghanistan & Pakistan",Lower middle income,2007,2540.615234375,7701000.0,31186468.0
MAR,Morocco,"Middle East, North Africa, Afghanistan & Pakistan",Lower middle income,2008,2648.58569335938,8209000.0,31606767.0
MAR,Morocco,"Middle East, North Africa, Afghanistan & Pakistan",Lower middle income,2009,2710.66650390625,8661000.0,32030778.0
MAR,Morocco,"Middle East, North Africa, Afghanistan & Pakistan",Lower middle income,2010,2767.04223632813,9752000.0,32467016.0
MAR,Morocco,"Middle East, North Africa, Afghanistan & Pakistan",Lower middle income,2011,2879.53930664063,9784000.0,32912588.0
MAR,Morocco,"Middle East, North Africa, Afghanistan & Pakistan",Lower middle income,2012,2927.45043945313,9830000.0,33355241.0
MAR,Morocco,"Middle East, North Africa, Afghanistan & Pakistan",Lower middle income,2013,3008.185546875,10349000.0,33787571.0
MAR,Morocco,"Middle East, North Africa, Afghanistan & Pakistan",Lower middle income,2014,3051.458984375,10507000.0,34204780.0
MAR,Morocco,"Middle East, North Africa, Afghanistan & Pakistan",Lower middle income,2015,3146.24780273438,10542000.0,34607588.0
MAR,Morocco,"Middle East, North Africa, Afghanistan & Pakistan",Lower middle income,2016,3124.42504882813,10677000.0,35023457.0
MAR,Morocco,"Middle East, North Africa, Afghanistan & Pakistan",Lower middle income,2017,3242.64428710938,11540000.0,35446392.0
MAR,Morocco,"Middle East, North Africa, Afghanistan & Pakistan",Lower middle income,2018,3304.7119140625,12489000.0,35839760.0
MAR,Morocco,"Middle East, North Africa, Afghanistan & Pakistan",Lower middle income,2019,3364.73950195313,13109000.0,36210898.0
MAR,Morocco,"Middle East, North Africa, Afghanistan & Pakistan",Lower middle income,2020,3090.89428710938,2802000.0,36584208.0
MAR,Morocco,"Middle East, North Africa, Afghanistan & Pakistan",Lower middle income,2021,3309.130859375,,36954442.0
MAR,Morocco,"Middle East, North Africa, Afghanistan & Pakistan",Lower middle income,2022,3334.91162109375,,37329064.0
MAR,Morocco,"Middle East, North Africa, Afghanistan & Pakistan",Lower middle income,2023,3421.21704101563,,37712505.0
MAR,Morocco,"Middle East, North Africa, Afghanistan & Pakistan",Lower middle income,2024,3516.15405273438,,38081173.0
MCO,Monaco,Europe & Central Asia,High income,1980,93468.0194964091,,27122.0
MCO,Monaco,Europe & Central Asia,High income,1981,93739.1375755131,,27293.0
MCO,Monaco,Europe & Central Asia,High income,1982,95085.5584399553,,27561.0
MCO,Monaco,Europe & Central Asia,High income,1983,94848.6831900725,,27960.0
MCO,Monaco,Europe & Central Asia,High income,1984,94912.4728109661,,28356.0
MCO,Monaco,Europe & Central Asia,High income,1985,95274.2669683326,,28731.0
MCO,Monaco,Europe & Central Asia,High income,1986,96396.1831010906,,29093.0
MCO,Monaco,Europe & Central Asia,High income,1987,97606.9041131184,,29446.0
MCO,Monaco,Europe & Central Asia,High income,1988,100947.007030979,,29781.0
MCO,Monaco,Europe & Central Asia,High income,1989,104091.04585503,,30084.0
MCO,Monaco,Europe & Central Asia,High income,1990,105878.32303218,,30358.0
MCO,Monaco,Europe & Central Asia,High income,1991,106020.668083439,,30625.0
MCO,Monaco,Europe & Central Asia,High income,1992,106557.974098359,,30887.0
MCO,Monaco,Europe & Central Asia,High income,1993,104739.74521362,,31136.0
MCO,Monaco,Europe & Central Asia,High income,1994,106244.848706403,,31375.0
MCO,Monaco,Europe & Central Asia,High income,1995,107691.036957759,233000.0,31609.0
MCO,Monaco,Europe & Central Asia,High income,1996,108107.402207478,226000.0,31837.0
MCO,Monaco,Europe & Central Asia,High income,1997,109746.977932279,259000.0,32063.0
MCO,Monaco,Europe & Central Asia,High income,1998,112873.551469376,278000.0,32267.0
MCO,Monaco,Europe & Central Asia,High income,1999,116084.526849631,278000.0,32410.0
MCO,Monaco,Europe & Central Asia,High income,2000,120456.449755199,300000.0,32455.0
MCO,Monaco,Europe & Central Asia,High income,2001,123122.065080301,270000.0,32447.0
MCO,Monaco,Europe & Central Asia,High income,2002,124481.821747795,263000.0,32422.0
MCO,Monaco,Europe & Central Asia,High income,2003,126022.179894764,235000.0,32374.0
MCO,Monaco,Europe & Central Asia,High income,2004,129403.344170518,250000.0,32307.0
MCO,Monaco,Europe & Central Asia,High income,2005,132253.156279139,286000.0,32210.0
MCO,Monaco,Europe & Central Asia,High income,2006,140615.112736683,313000.0,32057.0
MCO,Monaco,Europe & Central Asia,High income,2007,162028.404533603,328000.0,31837.0
MCO,Monaco,Europe & Central Asia,High income,2008,163243.675530457,324000.0,31836.0
MCO,Monaco,Europe & Central Asia,High income,2009,142375.465128834,265000.0,32364.0
MCO,Monaco,Europe & Central Asia,High income,2010,141814.720026733,279000.0,33163.0
MCO,Monaco,Europe & Central Asia,High income,2011,148272.642343465,295000.0,33946.0
MCO,Monaco,Europe & Central Asia,High income,2012,146472.609057682,292000.0,34711.0
MCO,Monaco,Europe & Central Asia,High income,2013,157167.901201149,328000.0,35447.0
MCO,Monaco,Europe & Central Asia,High income,2014,165288.122704322,329000.0,36128.0
MCO,Monaco,Europe & Central Asia,High income,2015,170437.021128628,331000.0,36757.0
MCO,Monaco,Europe & Central Asia,High income,2016,173120.108465128,336000.0,37276.0
MCO,Monaco,Europe & Central Asia,High income,2017,165781.701248644,355000.0,37678.0
MCO,Monaco,Europe & Central Asia,High income,2018,173041.679774743,347000.0,38154.0
MCO,Monaco,Europe & Central Asia,High income,2019,185582.66851648,363000.0,38109.0
MCO,Monaco,Europe & Central Asia,High income,2020,161262.850134167,159000.0,38050.0
MCO,Monaco,Europe & Central Asia,High income,2021,194674.686164262,,38527.0
MCO,Monaco,Europe & Central Asia,High income,2022,214359.505134575,,38931.0
MCO,Monaco,Europe & Central Asia,High income,2023,225884.077199125,,38956.0
MCO,Monaco,Europe & Central Asia,High income,2024,247170.10380708,,38631.0
MDA,Moldova,Europe & Central Asia,Upper middle income,1980,,,2708675.0
MDA,Moldova,Europe & Central Asia,Upper middle income,1981,,,2735987.0
MDA,Moldova,Europe & Central Asia,Upper middle income,1982,,,2763101.0
MDA,Moldova,Europe & Central Asia,Upper middle income,1983,,,2791207.0
MDA,Moldova,Europe & Central Asia,Upper middle income,1984,,,2820518.0
MDA,Moldova,Europe & Central Asia,Upper middle income,1985,,,2850787.0
MDA,Moldova,Europe & Central Asia,Upper middle income,1986,,,2883057.0
MDA,Moldova,Europe & Central Asia,Upper middle income,1987,,,2916306.0
MDA,Moldova,Europe & Central Asia,Upper middle income,1988,,,2948891.0
MDA,Moldova,Europe & Central Asia,Upper middle income,1989,,,2970039.0
MDA,Moldova,Europe & Central Asia,Upper middle income,1990,3740.10149814887,,2977912.0
MDA,Moldova,Europe & Central Asia,Upper middle income,1991,3137.8350172715,,2981566.0
MDA,Moldova,Europe & Central Asia,Upper middle income,1992,2225.17356234959,,2980965.0
MDA,Moldova,Europe & Central Asia,Upper middle income,1993,2202.16445303219,,2975966.0
MDA,Moldova,Europe & Central Asia,Upper middle income,1994,1526.42524496526,,2966745.0
MDA,Moldova,Europe & Central Asia,Upper middle income,1995,1511.95831765054,32000.0,2953200.0
MDA,Moldova,Europe & Central Asia,Upper middle income,1996,1425.9518091471,29000.0,2947293.0
MDA,Moldova,Europe & Central Asia,Upper middle income,1997,1454.80861555923,21000.0,2936413.0
MDA,Moldova,Europe & Central Asia,Upper middle income,1998,1360.18161095544,19000.0,2935227.0
MDA,Moldova,Europe & Central Asia,Upper middle income,1999,1316.43254916007,14000.0,2930622.0
MDA,Moldova,Europe & Central Asia,Upper middle income,2000,1346.91567176561,18000.0,2924668.0
MDA,Moldova,Europe & Central Asia,Upper middle income,2001,1432.2768928234,16000.0,2918135.0
MDA,Moldova,Europe & Central Asia,Upper middle income,2002,1547.57421231612,18000.0,2911385.0
MDA,Moldova,Europe & Central Asia,Upper middle income,2003,1654.36629303195,21000.0,2903198.0
MDA,Moldova,Europe & Central Asia,Upper middle income,2004,1781.19145323724,69000.0,2896023.0
MDA,Moldova,Europe & Central Asia,Upper middle income,2005,1919.44550763748,67000.0,2888985.0
MDA,Moldova,Europe & Central Asia,Upper middle income,2006,2017.17730062908,63000.0,2880967.0
MDA,Moldova,Europe & Central Asia,Upper middle income,2007,2082.51260097669,70000.0,2874299.0
MDA,Moldova,Europe & Central Asia,Upper middle income,2008,2249.22589719372,73000.0,2868833.0
MDA,Moldova,Europe & Central Asia,Upper middle income,2009,2116.94357544097,60000.0,2865213.0
MDA,Moldova,Europe & Central Asia,Upper middle income,2010,2269.51116145996,64000.0,2862354.0
MDA,Moldova,Europe & Central Asia,Upper middle income,2011,2402.94446306051,75000.0,2860699.0
MDA,Moldova,Europe & Central Asia,Upper middle income,2012,2389.08666147529,89000.0,2860324.0
MDA,Moldova,Europe & Central Asia,Upper middle income,2013,2605.85029986142,95599.9984741211,2859558.0
MDA,Moldova,Europe & Central Asia,Upper middle income,2014,2737.80185056647,93900.0015258789,2857815.0
MDA,Moldova,Europe & Central Asia,Upper middle income,2015,2749.55137054338,94400.0015258789,2835978.0
MDA,Moldova,Europe & Central Asia,Upper middle income,2016,2910.95486872376,121000.0,2803186.0
MDA,Moldova,Europe & Central Asia,Upper middle income,2017,3085.33305844263,145000.0,2755189.0
MDA,Moldova,Europe & Central Asia,Upper middle income,2018,3267.9961042872,160000.0,2707203.0
MDA,Moldova,Europe & Central Asia,Upper middle income,2019,3438.67732670712,174000.0,2664224.0
MDA,Moldova,Europe & Central Asia,Upper middle income,2020,3188.91691602699,29000.0,2635130.0
MDA,Moldova,Europe & Central Asia,Upper middle income,2021,3688.16729442144,,2595809.0
MDA,Moldova,Europe & Central Asia,Upper middle income,2022,3610.14315344719,,2528654.0
MDA,Moldova,Europe & Central Asia,Upper middle income,2023,3758.3688194082,,2457783.0
MDA,Moldova,Europe & Central Asia,Upper middle income,2024,3855.56940382925,,2402306.0
MDG,Madagascar,Sub-Saharan Africa,Low income,1980,685.100689761521,,9006032.0
MDG,Madagascar,Sub-Saharan Africa,Low income,1981,599.781047690351,,9279011.0
MDG,Madagascar,Sub-Saharan Africa,Low income,1982,571.230461402833,,9557671.0
MDG,Madagascar,Sub-Saharan Africa,Low income,1983,559.661168899672,,9843044.0
MDG,Madagascar,Sub-Saharan Africa,Low income,1984,553.131009938747,,10134550.0
MDG,Madagascar,Sub-Saharan Africa,Low income,1985,543.513684745557,,10433142.0
MDG,Madagascar,Sub-Saharan Africa,Low income,1986,538.491952606661,,10736857.0
MDG,Madagascar,Sub-Saharan Africa,Low income,1987,529.509105998087,,11047291.0
MDG,Madagascar,Sub-Saharan Africa,Low income,1988,532.03346958824,,11369462.0
MDG,Madagascar,Sub-Saharan Africa,Low income,1989,537.840431033529,,11704998.0
MDG,Madagascar,Sub-Saharan Africa,Low income,1990,538.536275056569,,12055639.0
MDG,Madagascar,Sub-Saharan Africa,Low income,1991,489.716098120013,,12421412.0
MDG,Madagascar,Sub-Saharan Africa,Low income,1992,480.810932444988,,12800870.0
MDG,Madagascar,Sub-Saharan Africa,Low income,1993,476.159733326381,,13197345.0
MDG,Madagascar,Sub-Saharan Africa,Low income,1994,461.397665709464,,13613850.0
MDG,Madagascar,Sub-Saharan Africa,Low income,1995,454.537946632781,115000.0,14051275.0
MDG,Madagascar,Sub-Saharan Africa,Low income,1996,449.6280870806,,14510711.0
MDG,Madagascar,Sub-Saharan Africa,Low income,1997,451.303199370831,,14990814.0
MDG,Madagascar,Sub-Saharan Africa,Low income,1998,453.886174768872,,15489364.0
MDG,Madagascar,Sub-Saharan Africa,Low income,1999,460.034389996571,,16000506.0
MDG,Madagascar,Sub-Saharan Africa,Low income,2000,465.529509827021,,16516338.0
MDG,Madagascar,Sub-Saharan Africa,Low income,2001,478.40561494987,,17032939.0
MDG,Madagascar,Sub-Saharan Africa,Low income,2002,406.70122213637,,17549913.0
MDG,Madagascar,Sub-Saharan Africa,Low income,2003,433.601040301214,,18071854.0
MDG,Madagascar,Sub-Saharan Africa,Low income,2004,443.278654985967,,18606608.0
MDG,Madagascar,Sub-Saharan Africa,Low income,2005,450.955230911228,,19159707.0
MDG,Madagascar,Sub-Saharan Africa,Low income,2006,461.540337897729,,19730909.0
MDG,Madagascar,Sub-Saharan Africa,Low income,2007,473.785462328449,,20318583.0
MDG,Madagascar,Sub-Saharan Africa,Low income,2008,490.963935389518,,20923840.0
MDG,Madagascar,Sub-Saharan Africa,Low income,2009,457.789754866068,,21547280.0
MDG,Madagascar,Sub-Saharan Africa,Low income,2010,447.417143030687,,22183340.0
MDG,Madagascar,Sub-Saharan Africa,Low income,2011,441.755158414121,,22822300.0
MDG,Madagascar,Sub-Saharan Africa,Low income,2012,442.641500123543,,23462438.0
MDG,Madagascar,Sub-Saharan Africa,Low income,2013,440.674658903628,,24109290.0
MDG,Madagascar,Sub-Saharan Africa,Low income,2014,443.343869908205,,24764348.0
MDG,Madagascar,Sub-Saharan Africa,Low income,2015,445.320069480568,282000.0,25426702.0
MDG,Madagascar,Sub-Saharan Africa,Low income,2016,451.15659433146,333000.0,26099952.0
MDG,Madagascar,Sub-Saharan Africa,Low income,2017,456.851859574031,285000.0,26788375.0
MDG,Madagascar,Sub-Saharan Africa,Low income,2018,459.330367799543,360000.0,27494926.0
MDG,Madagascar,Sub-Saharan Africa,Low income,2019,467.27741349648,486000.0,28219554.0
MDG,Madagascar,Sub-Saharan Africa,Low income,2020,422.924255422319,87099.9984741211,28953556.0
MDG,Madagascar,Sub-Saharan Africa,Low income,2021,431.599103077746,,29691083.0
MDG,Madagascar,Sub-Saharan Africa,Low income,2022,438.438112102315,,30437261.0
MDG,Madagascar,Sub-Saharan Africa,Low income,2023,445.874102052267,,31195932.0
MDG,Madagascar,Sub-Saharan Africa,Low income,2024,453.957809653992,,31964956.0
MDV,Maldives,South Asia,Upper middle income,1980,2045.0559250915,,164835.0
MDV,Maldives,South Asia,Upper middle income,1981,2222.32522307441,,169532.0
MDV,Maldives,South Asia,Upper middle income,1982,2096.02642325024,,174333.0
MDV,Maldives,South Asia,Upper middle income,1983,2371.53402483477,,179128.0
MDV,Maldives,South Asia,Upper middle income,1984,2927.92105239301,,184198.0
MDV,Maldives,South Asia,Upper middle income,1985,3273.18636026516,,190169.0
MDV,Maldives,South Asia,Upper middle income,1986,3456.5941382646,,196935.0
MDV,Maldives,South Asia,Upper middle income,1987,3632.50000398903,,203944.0
MDV,Maldives,South Asia,Upper middle income,1988,3819.63284883474,,210885.0
MDV,Maldives,South Asia,Upper middle income,1989,4044.45259782556,,217738.0
MDV,Maldives,South Asia,Upper middle income,1990,4582.26127944099,,224762.0
MDV,Maldives,South Asia,Upper middle income,1991,4507.19492955077,,231802.0
MDV,Maldives,South Asia,Upper middle income,1992,4671.99639313801,,238543.0
MDV,Maldives,South Asia,Upper middle income,1993,4803.909904607,,244884.0
MDV,Maldives,South Asia,Upper middle income,1994,5053.64633599107,,250822.0
MDV,Maldives,South Asia,Upper middle income,1995,5580.26342049427,315000.0,256649.0
MDV,Maldives,South Asia,Upper middle income,1996,5888.07241870662,339000.0,262347.0
MDV,Maldives,South Asia,Upper middle income,1997,6254.75856992657,366000.0,267707.0
MDV,Maldives,South Asia,Upper middle income,1998,6599.87173747822,396000.0,272723.0
MDV,Maldives,South Asia,Upper middle income,1999,6889.01246088686,430000.0,277412.0
MDV,Maldives,South Asia,Upper middle income,2000,7037.08546104613,467000.0,282019.0
MDV,Maldives,South Asia,Upper middle income,2001,6647.6503820039,461000.0,286767.0
MDV,Maldives,South Asia,Upper middle income,2002,7012.25568873173,485000.0,291616.0
MDV,Maldives,South Asia,Upper middle income,2003,7845.29307409315,564000.0,296491.0
MDV,Maldives,South Asia,Upper middle income,2004,8174.41607301248,617000.0,301413.0
MDV,Maldives,South Asia,Upper middle income,2005,7141.88377049891,395000.0,306429.0
MDV,Maldives,South Asia,Upper middle income,2006,8620.72814678183,602000.0,313851.0
MDV,Maldives,South Asia,Upper middle income,2007,8933.17166363858,676000.0,324479.0
MDV,Maldives,South Asia,Upper middle income,2008,9396.49733610486,683000.0,336170.0
MDV,Maldives,South Asia,Upper middle income,2009,8313.4098369723,656000.0,348275.0
MDV,Maldives,South Asia,Upper middle income,2010,8569.52494600725,792000.0,360792.0
MDV,Maldives,South Asia,Upper middle income,2011,9005.81391375104,931000.0,373674.0
MDV,Maldives,South Asia,Upper middle income,2012,8907.66134868182,958000.0,386818.0
MDV,Maldives,South Asia,Upper middle income,2013,9213.32791442475,1125000.0,400070.0
MDV,Maldives,South Asia,Upper middle income,2014,9612.07861806739,1205000.0,413617.0
MDV,Maldives,South Asia,Upper middle income,2015,9644.90655028145,1234000.0,428154.0
MDV,Maldives,South Asia,Upper middle income,2016,9909.07669723415,1286000.0,443308.0
MDV,Maldives,South Asia,Upper middle income,2017,10263.2991147672,1390000.0,458287.0
MDV,Maldives,South Asia,Upper middle income,2018,10793.8941325367,1484000.0,473099.0
MDV,Maldives,South Asia,Upper middle income,2019,11194.9253748064,1703000.0,487731.0
MDV,Maldives,South Asia,Upper middle income,2020,7295.60220956454,555000.0,502118.0
MDV,Maldives,South Asia,Upper middle income,2021,9759.2219360708,,516154.0
MDV,Maldives,South Asia,Upper middle income,2022,10939.9963271738,,524106.0
MDV,Maldives,South Asia,Upper middle income,2023,11439.5364342871,,525994.0
MDV,Maldives,South Asia,Upper middle income,2024,11798.791369146,,527799.0
MEX,Mexico,Latin America & Caribbean,Upper middle income,1980,8290.28898920873,,67300334.0
MEX,Mexico,Latin America & Caribbean,Upper middle income,1981,8875.07151181967,,68892108.0
MEX,Mexico,Latin America & Caribbean,Upper middle income,1982,8676.57130964166,,70433260.0
MEX,Mexico,Latin America & Caribbean,Upper middle income,1983,8098.51642167462,,71971240.0
MEX,Mexico,Latin America & Caribbean,Upper middle income,1984,8207.92337530335,,73506846.0
MEX,Mexico,Latin America & Caribbean,Upper middle income,1985,8194.16249381362,,75043414.0
MEX,Mexico,Latin America & Caribbean,Upper middle income,1986,7713.61215359658,,76585637.0
MEX,Mexico,Latin America & Caribbean,Upper middle income,1987,7716.49731730638,,78136651.0
MEX,Mexico,Latin America & Caribbean,Upper middle income,1988,7657.72747539452,,79695531.0
MEX,Mexico,Latin America & Caribbean,Upper middle income,1989,7783.80581006403,,81247182.0
MEX,Mexico,Latin America & Caribbean,Upper middle income,1990,8036.86114405886,,82820170.0
MEX,Mexico,Latin America & Caribbean,Upper middle income,1991,8197.01179488111,,84430572.0
MEX,Mexico,Latin America & Caribbean,Upper middle income,1992,8330.26426795593,,86044809.0
MEX,Mexico,Latin America & Caribbean,Upper middle income,1993,8411.79621331335,,87653807.0
MEX,Mexico,Latin America & Caribbean,Upper middle income,1994,8623.48043000831,,89259205.0
MEX,Mexico,Latin America & Caribbean,Upper middle income,1995,7970.64038489585,85446000.0,90862455.0
MEX,Mexico,Latin America & Caribbean,Upper middle income,1996,8320.65295687947,90394000.0,92452702.0
MEX,Mexico,Latin America & Caribbean,Upper middle income,1997,8770.8448154628,92915000.0,94021207.0
MEX,Mexico,Latin America & Caribbean,Upper middle income,1998,9161.89527775798,95214000.0,95575245.0
MEX,Mexico,Latin America & Caribbean,Upper middle income,1999,9264.977292523,99869000.0,97115707.0
MEX,Mexico,Latin America & Caribbean,Upper middle income,2000,9581.96970202823,105673000.0,98625552.0
MEX,Mexico,Latin America & Caribbean,Upper middle income,2001,9398.35074347946,100718000.0,100099099.0
MEX,Mexico,Latin America & Caribbean,Upper middle income,2002,9242.27886122367,100153000.0,101548624.0
MEX,Mexico,Latin America & Caribbean,Upper middle income,2003,9221.99666685464,92330000.0,102978515.0
MEX,Mexico,Latin America & Caribbean,Upper middle income,2004,9421.28976132695,99250000.0,104394131.0
MEX,Mexico,Latin America & Caribbean,Upper middle income,2005,9491.51730268004,103146000.0,105811504.0
MEX,Mexico,Latin America & Caribbean,Upper middle income,2006,9813.82804186659,97701000.0,107253666.0
MEX,Mexico,Latin America & Caribbean,Upper middle income,2007,9877.69532636562,93582000.0,108774360.0
MEX,Mexico,Latin America & Caribbean,Upper middle income,2008,9826.34218448486,92948000.0,110374288.0
MEX,Mexico,Latin America & Caribbean,Upper middle income,2009,9074.11881448129,88044000.0,111999721.0
MEX,Mexico,Latin America & Caribbean,Upper middle income,2010,9389.06722076504,81953000.0,113623895.0
MEX,Mexico,Latin America & Caribbean,Upper middle income,2011,9575.93437734618,75732000.0,115243504.0
MEX,Mexico,Latin America & Caribbean,Upper middle income,2012,9782.51776251839,76749000.0,116818208.0
MEX,Mexico,Latin America & Caribbean,Upper middle income,2013,9738.71059661101,78100000.0,118343573.0
MEX,Mexico,Latin America & Caribbean,Upper middle income,2014,9862.4812534745,81042000.0,119784261.0
MEX,Mexico,Latin America & Caribbean,Upper middle income,2015,10021.2386113616,87129000.0,121072306.0
MEX,Mexico,Latin America & Caribbean,Upper middle income,2016,10100.5021195819,94853000.0,122251351.0
MEX,Mexico,Latin America & Caribbean,Upper middle income,2017,10193.7727188313,99349000.0,123400057.0
MEX,Mexico,Latin America & Caribbean,Upper middle income,2018,10296.8690940459,96497000.0,124573711.0
MEX,Mexico,Latin America & Caribbean,Upper middle income,2019,10159.4448367696,97406000.0,125762982.0
MEX,Mexico,Latin America & Caribbean,Upper middle income,2020,9234.64362226594,51128000.0,126799054.0
MEX,Mexico,Latin America & Caribbean,Upper middle income,2021,9728.05680024504,,127648148.0
MEX,Mexico,Latin America & Caribbean,Upper middle income,2022,10013.2479227064,,128613117.0
MEX,Mexico,Latin America & Caribbean,Upper middle income,2023,10234.6840265651,,129739759.0
MEX,Mexico,Latin America & Caribbean,Upper middle income,2024,10284.0336925726,,130861007.0
MHL,Marshall Islands,East Asia & Pacific,Upper middle income,1980,2454.9977903425,,30774.0
MHL,Marshall Islands,East Asia & Pacific,Upper middle income,1981,2511.56866664584,,32017.0
MHL,Marshall Islands,East Asia & Pacific,Upper middle income,1982,2524.11369284666,,33397.0
MHL,Marshall Islands,East Asia & Pacific,Upper middle income,1983,2797.12547757893,,34811.0
MHL,Marshall Islands,East Asia & Pacific,Upper middle income,1984,2788.85704831238,,36264.0
MHL,Marshall Islands,East Asia & Pacific,Upper middle income,1985,2510.70662853208,,37761.0
MHL,Marshall Islands,East Asia & Pacific,Upper middle income,1986,3005.51720714758,,39286.0
MHL,Marshall Islands,East Asia & Pacific,Upper middle income,1987,3162.8043989419,,40828.0
MHL,Marshall Islands,East Asia & Pacific,Upper middle income,1988,3288.88849507337,,42321.0
MHL,Marshall Islands,East Asia & Pacific,Upper middle income,1989,3139.41439911898,,43586.0
MHL,Marshall Islands,East Asia & Pacific,Upper middle income,1990,3148.09977817114,,44629.0
MHL,Marshall Islands,East Asia & Pacific,Upper middle income,1991,3085.93530547753,,45568.0
MHL,Marshall Islands,East Asia & Pacific,Upper middle income,1992,3247.85289298957,,46388.0
MHL,Marshall Islands,East Asia & Pacific,Upper middle income,1993,3391.38513154821,,47093.0
MHL,Marshall Islands,East Asia & Pacific,Upper middle income,1994,3544.13564721663,,47712.0
MHL,Marshall Islands,East Asia & Pacific,Upper middle income,1995,3791.20498901919,5500.0,48266.0
MHL,Marshall Islands,East Asia & Pacific,Upper middle income,1996,3365.11122501281,6199.99980926514,48775.0
MHL,Marshall Islands,East Asia & Pacific,Upper middle income,1997,3117.27400069023,6400.00009536743,49259.0
MHL,Marshall Islands,East Asia & Pacific,Upper middle income,1998,3067.73739364805,6400.00009536743,49717.0
MHL,Marshall Islands,East Asia & Pacific,Upper middle income,1999,2997.54989841042,4599.99990463257,50202.0
MHL,Marshall Islands,East Asia & Pacific,Upper middle income,2000,3040.59677355737,5199.99980926514,50706.0
MHL,Marshall Islands,East Asia & Pacific,Upper middle income,2001,3224.7911898754,5400.00009536743,51123.0
MHL,Marshall Islands,East Asia & Pacific,Upper middle income,2002,3322.41127856101,6000.0,51425.0
MHL,Marshall Islands,East Asia & Pacific,Upper middle income,2003,3256.97244330835,7199.99980926514,51639.0
MHL,Marshall Islands,East Asia & Pacific,Upper middle income,2004,3234.15265200518,9000.0,51791.0
MHL,Marshall Islands,East Asia & Pacific,Upper middle income,2005,3284.78403267445,9199.99980926514,51906.0
MHL,Marshall Islands,East Asia & Pacific,Upper middle income,2006,3285.12078781351,5800.00019073486,51992.0
MHL,Marshall Islands,East Asia & Pacific,Upper middle income,2007,3403.47842798117,7199.99980926514,52035.0
MHL,Marshall Islands,East Asia & Pacific,Upper middle income,2008,3146.26177205458,6000.0,52030.0
MHL,Marshall Islands,East Asia & Pacific,Upper middle income,2009,3262.26955535477,5400.00009536743,52019.0
MHL,Marshall Islands,East Asia & Pacific,Upper middle income,2010,3441.31888402121,4599.99990463257,52044.0
MHL,Marshall Islands,East Asia & Pacific,Upper middle income,2011,3433.06297801838,4599.99990463257,51907.0
MHL,Marshall Islands,East Asia & Pacific,Upper middle income,2012,3420.91444796671,4599.99990463257,51419.0
MHL,Marshall Islands,East Asia & Pacific,Upper middle income,2013,3602.92811901896,,50681.0
MHL,Marshall Islands,East Asia & Pacific,Upper middle income,2014,3620.77275283155,4900.00009536743,49796.0
MHL,Marshall Islands,East Asia & Pacific,Upper middle income,2015,3764.34426229508,6300.00019073486,48800.0
MHL,Marshall Islands,East Asia & Pacific,Upper middle income,2016,3946.8444109078,5400.00009536743,47709.0
MHL,Marshall Islands,East Asia & Pacific,Upper middle income,2017,4190.93468589482,6000.0,46529.0
MHL,Marshall Islands,East Asia & Pacific,Upper middle income,2018,4542.34293916308,6800.00019073486,45285.0
MHL,Marshall Islands,East Asia & Pacific,Upper middle income,2019,5162.81500670348,6099.99990463257,44007.0
MHL,Marshall Islands,East Asia & Pacific,Upper middle income,2020,5172.57528216176,,42706.0
MHL,Marshall Islands,East Asia & Pacific,Upper middle income,2021,5455.31704015278,,41367.0
MHL,Marshall Islands,East Asia & Pacific,Upper middle income,2022,5591.46393193103,,40077.0
MHL,Marshall Islands,East Asia & Pacific,Upper middle income,2023,5460.11795915213,,38827.0
MHL,Marshall Islands,East Asia & Pacific,Upper middle income,2024,5832.53435602429,,37548.0
MKD,North Macedonia,Europe & Central Asia,Upper middle income,1980,,,1933038.0
MKD,North Macedonia,Europe & Central Asia,Upper middle income,1981,,,1959065.0
MKD,North Macedonia,Europe & Central Asia,Upper middle income,1982,,,1978956.0
MKD,North Macedonia,Europe & Central Asia,Upper middle income,1983,,,1991901.0
MKD,North Macedonia,Europe & Central Asia,Upper middle income,1984,,,2003399.0
MKD,North Macedonia,Europe & Central Asia,Upper middle income,1985,,,2014331.0
MKD,North Macedonia,Europe & Central Asia,Upper middle income,1986,,,2024732.0
MKD,North Macedonia,Europe & Central Asia,Upper middle income,1987,,,2035157.0
MKD,North Macedonia,Europe & Central Asia,Upper middle income,1988,,,2045737.0
MKD,North Macedonia,Europe & Central Asia,Upper middle income,1989,,,2055649.0
MKD,North Macedonia,Europe & Central Asia,Upper middle income,1990,3534.32265095546,,2063689.0
MKD,North Macedonia,Europe & Central Asia,Upper middle income,1991,3328.63950847977,,2055994.0
MKD,North Macedonia,Europe & Central Asia,Upper middle income,1992,3146.02235459166,,2032523.0
MKD,North Macedonia,Europe & Central Asia,Upper middle income,1993,2948.27151752275,,2006854.0
MKD,North Macedonia,Europe & Central Asia,Upper middle income,1994,2917.05894611342,,1992666.0
MKD,North Macedonia,Europe & Central Asia,Upper middle income,1995,2876.0722287817,147000.0,1998534.0
MKD,North Macedonia,Europe & Central Asia,Upper middle income,1996,2889.88516353778,136000.0,2012553.0
MKD,North Macedonia,Europe & Central Asia,Upper middle income,1997,2954.5238308875,121000.0,1996869.0
MKD,North Macedonia,Europe & Central Asia,Upper middle income,1998,3038.13983382569,157000.0,2007523.0
MKD,North Macedonia,Europe & Central Asia,Upper middle income,1999,3154.84918240006,181000.0,2017142.0
MKD,North Macedonia,Europe & Central Asia,Upper middle income,2000,3283.37934095351,224000.0,2026350.0
MKD,North Macedonia,Europe & Central Asia,Upper middle income,2001,3169.32514368931,99000.0,2034882.0
MKD,North Macedonia,Europe & Central Asia,Upper middle income,2002,3240.11064526089,123000.0,2020157.0
MKD,North Macedonia,Europe & Central Asia,Upper middle income,2003,3307.92040834712,158000.0,2022725.0
MKD,North Macedonia,Europe & Central Asia,Upper middle income,2004,3473.76544811451,165000.0,2016186.0
MKD,North Macedonia,Europe & Central Asia,Upper middle income,2005,3657.56307699216,197000.0,2005330.0
MKD,North Macedonia,Europe & Central Asia,Upper middle income,2006,3866.74650622977,202000.0,1994287.0
MKD,North Macedonia,Europe & Central Asia,Upper middle income,2007,4140.63354809364,230000.0,1982933.0
MKD,North Macedonia,Europe & Central Asia,Upper middle income,2008,4392.5507164151,255000.0,1971493.0
MKD,North Macedonia,Europe & Central Asia,Upper middle income,2009,4405.20045750867,259000.0,1958782.0
MKD,North Macedonia,Europe & Central Asia,Upper middle income,2010,4582.36517512347,262000.0,1946298.0
MKD,North Macedonia,Europe & Central Asia,Upper middle income,2011,4711.13027870081,327000.0,1937398.0
MKD,North Macedonia,Europe & Central Asia,Upper middle income,2012,4708.05168535923,351000.0,1929821.0
MKD,North Macedonia,Europe & Central Asia,Upper middle income,2013,4863.68088666968,400000.0,1922716.0
MKD,North Macedonia,Europe & Central Asia,Upper middle income,2014,5053.75001236367,425000.0,1917557.0
MKD,North Macedonia,Europe & Central Asia,Upper middle income,2015,5262.68671928674,486000.0,1912430.0
MKD,North Macedonia,Europe & Central Asia,Upper middle income,2016,5429.94678358359,510000.0,1906313.0
MKD,North Macedonia,Europe & Central Asia,Upper middle income,2017,5510.81862920922,631000.0,1898657.0
MKD,North Macedonia,Europe & Central Asia,Upper middle income,2018,5698.39334484489,707000.0,1889051.0
MKD,North Macedonia,Europe & Central Asia,Upper middle income,2019,5961.58475399191,758000.0,1876262.0
MKD,North Macedonia,Europe & Central Asia,Upper middle income,2020,5743.72649424581,118000.0,1856124.0
MKD,North Macedonia,Europe & Central Asia,Upper middle income,2021,6064.92315120022,,1837114.0
MKD,North Macedonia,Europe & Central Asia,Upper middle income,2022,6250.62720952063,,1831712.0
MKD,North Macedonia,Europe & Central Asia,Upper middle income,2023,6423.99221393369,,1827816.0
MKD,North Macedonia,Europe & Central Asia,Upper middle income,2024,6628.84686594032,,1824359.0
MLI,Mali,Sub-Saharan Africa,Low income,1980,667.105922219684,,7530515.0
MLI,Mali,Sub-Saharan Africa,Low income,1981,667.725533547502,,7692766.0
MLI,Mali,Sub-Saharan Africa,Low income,1982,598.548453287839,,7860194.0
MLI,Mali,Sub-Saharan Africa,Low income,1983,572.094412286836,,8034400.0
MLI,Mali,Sub-Saharan Africa,Low income,1984,544.215667495735,,8208599.0
MLI,Mali,Sub-Saharan Africa,Low income,1985,603.792264356221,,8374663.0
MLI,Mali,Sub-Saharan Africa,Low income,1986,588.187728596192,,8531277.0
MLI,Mali,Sub-Saharan Africa,Low income,1987,573.572204280431,,8681164.0
MLI,Mali,Sub-Saharan Africa,Low income,1988,624.555381780193,,8833996.0
MLI,Mali,Sub-Saharan Africa,Low income,1989,635.07828701788,,8999938.0
MLI,Mali,Sub-Saharan Africa,Low income,1990,589.775405883668,,9178830.0
MLI,Mali,Sub-Saharan Africa,Low income,1991,651.363081547235,,9362888.0
MLI,Mali,Sub-Saharan Africa,Low income,1992,606.068363319514,,9553540.0
MLI,Mali,Sub-Saharan Africa,Low income,1993,619.374429343318,,9754786.0
MLI,Mali,Sub-Saharan Africa,Low income,1994,640.081008921427,,9967031.0
MLI,Mali,Sub-Saharan Africa,Low income,1995,630.924447490876,42000.0,10185365.0
MLI,Mali,Sub-Saharan Africa,Low income,1996,656.777675999074,98000.0,10407278.0
MLI,Mali,Sub-Saharan Africa,Low income,1997,668.480326665269,75000.0,10646495.0
MLI,Mali,Sub-Saharan Africa,Low income,1998,695.126372030565,83000.0,10919573.0
MLI,Mali,Sub-Saharan Africa,Low income,1999,707.881746305403,82000.0,11227415.0
MLI,Mali,Sub-Saharan Africa,Low income,2000,682.497420451512,86000.0,11559290.0
MLI,Mali,Sub-Saharan Africa,Low income,2001,766.960343250964,89000.0,11912158.0
MLI,Mali,Sub-Saharan Africa,Low income,2002,766.073669039402,96000.0,12288050.0
MLI,Mali,Sub-Saharan Africa,Low income,2003,814.808466518784,110000.0,12684955.0
MLI,Mali,Sub-Saharan Africa,Low income,2004,800.501816705242,113000.0,13102409.0
MLI,Mali,Sub-Saharan Africa,Low income,2005,794.373328212082,143000.0,13538647.0
MLI,Mali,Sub-Saharan Africa,Low income,2006,797.10053288464,153000.0,13990139.0
MLI,Mali,Sub-Saharan Africa,Low income,2007,784.893915013531,164000.0,14457775.0
MLI,Mali,Sub-Saharan Africa,Low income,2008,787.156518982091,190000.0,14940782.0
MLI,Mali,Sub-Saharan Africa,Low income,2009,803.486738930068,160000.0,15435539.0
MLI,Mali,Sub-Saharan Africa,Low income,2010,821.181286586904,169000.0,15945198.0
MLI,Mali,Sub-Saharan Africa,Low income,2011,818.399030997125,160000.0,16469049.0
MLI,Mali,Sub-Saharan Africa,Low income,2012,786.323471337187,134000.0,16957033.0
MLI,Mali,Sub-Saharan Africa,Low income,2013,788.819448208696,142000.0,17459615.0
MLI,Mali,Sub-Saharan Africa,Low income,2014,813.97566128646,168000.0,18020267.0
MLI,Mali,Sub-Saharan Africa,Low income,2015,838.11986940103,159000.0,18593022.0
MLI,Mali,Sub-Saharan Africa,Low income,2016,860.75307554569,173000.0,19191289.0
MLI,Mali,Sub-Saharan Africa,Low income,2017,878.561348378099,193000.0,19813011.0
MLI,Mali,Sub-Saharan Africa,Low income,2018,892.978322787306,203000.0,20442030.0
MLI,Mali,Sub-Saharan Africa,Low income,2019,909.751069706998,217000.0,21068405.0
MLI,Mali,Sub-Saharan Africa,Low income,2020,872.389426815267,,21713836.0
MLI,Mali,Sub-Saharan Africa,Low income,2021,872.332509422409,,22388630.0
MLI,Mali,Sub-Saharan Africa,Low income,2022,877.817842434642,,23072640.0
MLI,Mali,Sub-Saharan Africa,Low income,2023,892.689219532429,,23769127.0
MLI,Mali,Sub-Saharan Africa,Low income,2024,910.300376300627,,24478595.0
MLT,Malta,"Middle East, North Africa, Afghanistan & Pakistan",High income,1980,7679.71730114961,,316645.0
MLT,Malta,"Middle East, North Africa, Afghanistan & Pakistan",High income,1981,7875.92297738045,,318982.0
MLT,Malta,"Middle East, North Africa, Afghanistan & Pakistan",High income,1982,7884.88867120687,,325898.0
MLT,Malta,"Middle East, North Africa, Afghanistan & Pakistan",High income,1983,7726.92163483316,,330524.0
MLT,Malta,"Middle East, North Africa, Afghanistan & Pakistan",High income,1984,7798.10996957823,,330593.0
MLT,Malta,"Middle East, North Africa, Afghanistan & Pakistan",High income,1985,7860.40532880415,,336452.0
MLT,Malta,"Middle East, North Africa, Afghanistan & Pakistan",High income,1986,8030.48844120651,,342121.0
MLT,Malta,"Middle East, North Africa, Afghanistan & Pakistan",High income,1987,8303.20901661104,,344485.0
MLT,Malta,"Middle East, North Africa, Afghanistan & Pakistan",High income,1988,8928.25441226785,,347325.0
MLT,Malta,"Middle East, North Africa, Afghanistan & Pakistan",High income,1989,9564.95604950887,,350722.0
MLT,Malta,"Middle East, North Africa, Afghanistan & Pakistan",High income,1990,10067.7473125276,,354170.0
MLT,Malta,"Middle East, North Africa, Afghanistan & Pakistan",High income,1991,10413.1745543774,,363845.0
MLT,Malta,"Middle East, North Africa, Afghanistan & Pakistan",High income,1992,10789.7618108966,,367618.0
MLT,Malta,"Middle East, North Africa, Afghanistan & Pakistan",High income,1993,11161.1923768418,,371308.0
MLT,Malta,"Middle East, North Africa, Afghanistan & Pakistan",High income,1994,11682.1516222446,,374797.0
MLT,Malta,"Middle East, North Africa, Afghanistan & Pakistan",High income,1995,12336.7855166478,1193000.0,377419.0
MLT,Malta,"Middle East, North Africa, Afghanistan & Pakistan",High income,1996,12719.0092297471,1123000.0,379905.0
MLT,Malta,"Middle East, North Africa, Afghanistan & Pakistan",High income,1997,13286.7107759756,1238000.0,382791.0
MLT,Malta,"Middle East, North Africa, Afghanistan & Pakistan",High income,1998,13877.2477535633,1326000.0,385287.0
MLT,Malta,"Middle East, North Africa, Afghanistan & Pakistan",High income,1999,14446.3492424862,1402000.0,387578.0
MLT,Malta,"Middle East, North Africa, Afghanistan & Pakistan",High income,2000,17178.3693621174,1387000.0,390087.0
MLT,Malta,"Middle East, North Africa, Afghanistan & Pakistan",High income,2001,16920.7229743513,1439000.0,393028.0
MLT,Malta,"Middle East, North Africa, Afghanistan & Pakistan",High income,2002,17255.4217709726,1483000.0,395969.0
MLT,Malta,"Middle East, North Africa, Afghanistan & Pakistan",High income,2003,17775.4180936551,1512000.0,398582.0
MLT,Malta,"Middle East, North Africa, Afghanistan & Pakistan",High income,2004,17728.3576050982,1428000.0,401268.0
MLT,Malta,"Middle East, North Africa, Afghanistan & Pakistan",High income,2005,18123.2601873346,1484000.0,403834.0
MLT,Malta,"Middle East, North Africa, Afghanistan & Pakistan",High income,2006,18479.2043785147,1521000.0,405308.0
MLT,Malta,"Middle East, North Africa, Afghanistan & Pakistan",High income,2007,19342.3162783941,1723000.0,406724.0
MLT,Malta,"Middle East, North Africa, Afghanistan & Pakistan",High income,2008,20064.4517895547,1832000.0,409379.0
MLT,Malta,"Middle East, North Africa, Afghanistan & Pakistan",High income,2009,19635.9067186725,1608000.0,412477.0
MLT,Malta,"Middle East, North Africa, Afghanistan & Pakistan",High income,2010,20750.6382477568,1815000.0,414508.0
MLT,Malta,"Middle East, North Africa, Afghanistan & Pakistan",High income,2011,20867.9213022084,1916000.0,416268.0
MLT,Malta,"Middle East, North Africa, Afghanistan & Pakistan",High income,2012,21529.3882643778,2007000.0,420028.0
MLT,Malta,"Middle East, North Africa, Afghanistan & Pakistan",High income,2013,22626.4876843887,2013000.0,424810.0
MLT,Malta,"Middle East, North Africa, Afghanistan & Pakistan",High income,2014,23866.0555833557,2162000.0,433481.0
MLT,Malta,"Middle East, North Africa, Afghanistan & Pakistan",High income,2015,25529.6693210673,2383000.0,444220.0
MLT,Malta,"Middle East, North Africa, Afghanistan & Pakistan",High income,2016,25969.4999809345,2592000.0,454505.0
MLT,Malta,"Middle East, North Africa, Afghanistan & Pakistan",High income,2017,28546.6464943104,2944000.0,467106.0
MLT,Malta,"Middle East, North Africa, Afghanistan & Pakistan",High income,2018,29536.7913868949,3232000.0,483903.0
MLT,Malta,"Middle East, North Africa, Afghanistan & Pakistan",High income,2019,29522.6480165028,3519000.0,503912.0
MLT,Malta,"Middle East, North Africa, Afghanistan & Pakistan",High income,2020,27861.80732148,718000.0,515490.0
MLT,Malta,"Middle East, North Africa, Afghanistan & Pakistan",High income,2021,31419.5031714693,,518150.0
MLT,Malta,"Middle East, North Africa, Afghanistan & Pakistan",High income,2022,31447.3917315418,,531113.0
MLT,Malta,"Middle East, North Africa, Afghanistan & Pakistan",High income,2023,33429.8172092336,,552747.0
MLT,Malta,"Middle East, North Africa, Afghanistan & Pakistan",High income,2024,34501.7892727094,,568847.0
MMR,Myanmar,East Asia & Pacific,Lower middle income,1980,179.588600928215,,33227204.0
MMR,Myanmar,East Asia & Pacific,Lower middle income,1981,187.439973498442,,33858783.0
MMR,Myanmar,East Asia & Pacific,Lower middle income,1982,194.360862265949,,34482965.0
MMR,Myanmar,East Asia & Pacific,Lower middle income,1983,198.973143501783,,35162715.0
MMR,Myanmar,East Asia & Pacific,Lower middle income,1984,204.503943959468,,35899313.0
MMR,Myanmar,East Asia & Pacific,Lower middle income,1985,206.179024168361,,36622827.0
MMR,Myanmar,East Asia & Pacific,Lower middle income,1986,200.215576805336,,37314878.0
MMR,Myanmar,East Asia & Pacific,Lower middle income,1987,188.871667527298,,37971594.0
MMR,Myanmar,East Asia & Pacific,Lower middle income,1988,164.700416639705,,38600927.0
MMR,Myanmar,East Asia & Pacific,Lower middle income,1989,168.113854204979,,39214618.0
MMR,Myanmar,East Asia & Pacific,Lower middle income,1990,170.233436726449,,39817251.0
MMR,Myanmar,East Asia & Pacific,Lower middle income,1991,166.710439947526,,40394154.0
MMR,Myanmar,East Asia & Pacific,Lower middle income,1992,180.333227417253,,40950342.0
MMR,Myanmar,East Asia & Pacific,Lower middle income,1993,188.680525344668,,41502429.0
MMR,Myanmar,East Asia & Pacific,Lower middle income,1994,200.124788541397,,42055143.0
MMR,Myanmar,East Asia & Pacific,Lower middle income,1995,211.265635944507,194000.0,42605338.0
MMR,Myanmar,East Asia & Pacific,Lower middle income,1996,222.013359775898,490000.0,43154860.0
MMR,Myanmar,East Asia & Pacific,Lower middle income,1997,231.587954116039,491000.0,43708798.0
MMR,Myanmar,East Asia & Pacific,Lower middle income,1998,242.132148131424,478000.0,44257793.0
MMR,Myanmar,East Asia & Pacific,Lower middle income,1999,265.455335144782,435000.0,44787724.0
MMR,Myanmar,East Asia & Pacific,Lower middle income,2000,298.590464506047,416000.0,45290841.0
MMR,Myanmar,East Asia & Pacific,Lower middle income,2001,328.973872708996,475000.0,45771139.0
MMR,Myanmar,East Asia & Pacific,Lower middle income,2002,364.855800192477,487000.0,46232653.0
MMR,Myanmar,East Asia & Pacific,Lower middle income,2003,411.498764121919,597000.0,46667192.0
MMR,Myanmar,East Asia & Pacific,Lower middle income,2004,463.330135715332,657000.0,47068772.0
MMR,Myanmar,East Asia & Pacific,Lower middle income,2005,522.099544784661,660000.0,47438365.0
MMR,Myanmar,East Asia & Pacific,Lower middle income,2006,586.085579927418,630000.0,47785135.0
MMR,Myanmar,East Asia & Pacific,Lower middle income,2007,651.729730890268,716000.0,48125043.0
MMR,Myanmar,East Asia & Pacific,Lower middle income,2008,714.620419017338,731000.0,48390793.0
MMR,Myanmar,East Asia & Pacific,Lower middle income,2009,785.634853157894,763000.0,48660459.0
MMR,Myanmar,East Asia & Pacific,Lower middle income,2010,854.932478016035,792000.0,49024382.0
MMR,Myanmar,East Asia & Pacific,Lower middle income,2011,895.512538750361,816000.0,49419820.0
MMR,Myanmar,East Asia & Pacific,Lower middle income,2012,953.123081923425,1059000.0,49837446.0
MMR,Myanmar,East Asia & Pacific,Lower middle income,2013,1024.69060473254,2044000.0,50262658.0
MMR,Myanmar,East Asia & Pacific,Lower middle income,2014,1099.24387750099,3081000.0,50681634.0
MMR,Myanmar,East Asia & Pacific,Lower middle income,2015,1166.73305546337,4681000.0,51089056.0
MMR,Myanmar,East Asia & Pacific,Lower middle income,2016,1225.37913970989,2907000.0,51495696.0
MMR,Myanmar,East Asia & Pacific,Lower middle income,2017,1290.5640902569,3443000.0,51894938.0
MMR,Myanmar,East Asia & Pacific,Lower middle income,2018,1361.5683126412,3551000.0,52272247.0
MMR,Myanmar,East Asia & Pacific,Lower middle income,2019,1440.98988236734,4364000.0,52640713.0
MMR,Myanmar,East Asia & Pacific,Lower middle income,2020,1301.31386350667,903000.0,53016522.0
MMR,Myanmar,East Asia & Pacific,Lower middle income,2021,1136.9956605414,,53387102.0
MMR,Myanmar,East Asia & Pacific,Lower middle income,2022,1174.76697945755,,53756787.0
MMR,Myanmar,East Asia & Pacific,Lower middle income,2023,1177.76649645563,,54133798.0
MMR,Myanmar,East Asia & Pacific,Lower middle income,2024,1158.47928097728,,54500091.0
MNE,Montenegro,Europe & Central Asia,Upper middle income,1980,,,572608.0
MNE,Montenegro,Europe & Central Asia,Upper middle income,1981,,,579445.0
MNE,Montenegro,Europe & Central Asia,Upper middle income,1982,,,587001.0
MNE,Montenegro,Europe & Central Asia,Upper middle income,1983,,,594506.0
MNE,Montenegro,Europe & Central Asia,Upper middle income,1984,,,600884.0
MNE,Montenegro,Europe & Central Asia,Upper middle income,1985,,,605398.0
MNE,Montenegro,Europe & Central Asia,Upper middle income,1986,,,607711.0
MNE,Montenegro,Europe & Central Asia,Upper middle income,1987,,,608144.0
MNE,Montenegro,Europe & Central Asia,Upper middle income,1988,,,607413.0
MNE,Montenegro,Europe & Central Asia,Upper middle income,1989,,,606571.0
MNE,Montenegro,Europe & Central Asia,Upper middle income,1990,,,606372.0
MNE,Montenegro,Europe & Central Asia,Upper middle income,1991,,,607105.0
MNE,Montenegro,Europe & Central Asia,Upper middle income,1992,,,608516.0
MNE,Montenegro,Europe & Central Asia,Upper middle income,1993,,,610170.0
MNE,Montenegro,Europe & Central Asia,Upper middle income,1994,,,611389.0
MNE,Montenegro,Europe & Central Asia,Upper middle income,1995,,,611712.0
MNE,Montenegro,Europe & Central Asia,Upper middle income,1996,,,611003.0
MNE,Montenegro,Europe & Central Asia,Upper middle income,1997,4448.0424963957,,609520.0
MNE,Montenegro,Europe & Central Asia,Upper middle income,1998,4680.26362026027,,607662.0
MNE,Montenegro,Europe & Central Asia,Upper middle income,1999,4251.94145360234,,606001.0
MNE,Montenegro,Europe & Central Asia,Upper middle income,2000,4391.36753581801,,604950.0
MNE,Montenegro,Europe & Central Asia,Upper middle income,2001,4421.83790075206,,607389.0
MNE,Montenegro,Europe & Central Asia,Upper middle income,2002,4488.00506787032,136000.0,609828.0
MNE,Montenegro,Europe & Central Asia,Upper middle income,2003,4581.10485010973,142000.0,612267.0
MNE,Montenegro,Europe & Central Asia,Upper middle income,2004,4775.39661599401,188000.0,613353.0
MNE,Montenegro,Europe & Central Asia,Upper middle income,2005,4967.68285096118,272000.0,614261.0
MNE,Montenegro,Europe & Central Asia,Upper middle income,2006,5386.53580727982,378000.0,615025.0
MNE,Montenegro,Europe & Central Asia,Upper middle income,2007,5763.03765244158,984000.0,615875.0
MNE,Montenegro,Europe & Central Asia,Upper middle income,2008,6149.68269228913,1031000.0,616969.0
MNE,Montenegro,Europe & Central Asia,Upper middle income,2009,5768.65438505628,1044000.0,618294.0
MNE,Montenegro,Europe & Central Asia,Upper middle income,2010,5917.91510729977,1088000.0,619428.0
MNE,Montenegro,Europe & Central Asia,Upper middle income,2011,6110.65726880215,1201000.0,620345.0
MNE,Montenegro,Europe & Central Asia,Upper middle income,2012,5948.37632539014,1264000.0,621418.0
MNE,Montenegro,Europe & Central Asia,Upper middle income,2013,6138.24865275199,1324000.0,622587.0
MNE,Montenegro,Europe & Central Asia,Upper middle income,2014,6272.08821761355,1350000.0,623744.0
MNE,Montenegro,Europe & Central Asia,Upper middle income,2015,6421.00005731419,1560000.0,624651.0
MNE,Montenegro,Europe & Central Asia,Upper middle income,2016,6634.38197201003,1662000.0,625353.0
MNE,Montenegro,Europe & Central Asia,Upper middle income,2017,6840.90834101224,1877000.0,625982.0
MNE,Montenegro,Europe & Central Asia,Upper middle income,2018,7159.46778433252,2077000.0,626438.0
MNE,Montenegro,Europe & Central Asia,Upper middle income,2019,7470.29237568568,2510000.0,626753.0
MNE,Montenegro,Europe & Central Asia,Upper middle income,2020,6351.95187949313,351000.0,626590.0
MNE,Montenegro,Europe & Central Asia,Upper middle income,2021,7198.3012265441,,625053.0
MNE,Montenegro,Europe & Central Asia,Upper middle income,2022,7773.59958791074,,623591.0
MNE,Montenegro,Europe & Central Asia,Upper middle income,2023,8278.02461006262,,623529.0
MNE,Montenegro,Europe & Central Asia,Upper middle income,2024,8540.00427762252,,623525.0
MNG,Mongolia,East Asia & Pacific,Upper middle income,1980,,,1701335.0
MNG,Mongolia,East Asia & Pacific,Upper middle income,1981,1425.47626748483,,1742857.0
MNG,Mongolia,East Asia & Pacific,Upper middle income,1982,1507.62165500664,,1785364.0
MNG,Mongolia,East Asia & Pacific,Upper middle income,1983,1557.43150759483,,1829092.0
MNG,Mongolia,East Asia & Pacific,Upper middle income,1984,1610.00431155079,,1874349.0
MNG,Mongolia,East Asia & Pacific,Upper middle income,1985,1660.20538347139,,1921514.0
MNG,Mongolia,East Asia & Pacific,Upper middle income,1986,1770.29035350291,,1970965.0
MNG,Mongolia,East Asia & Pacific,Upper middle income,1987,1784.58513378493,,2022800.0
MNG,Mongolia,East Asia & Pacific,Upper middle income,1988,1827.38968091372,,2076322.0
MNG,Mongolia,East Asia & Pacific,Upper middle income,1989,1860.84571911275,,2124185.0
MNG,Mongolia,East Asia & Pacific,Upper middle income,1990,1823.45623781461,,2098710.0
MNG,Mongolia,East Asia & Pacific,Upper middle income,1991,1613.69985423318,,2165342.0
MNG,Mongolia,East Asia & Pacific,Upper middle income,1992,1462.6746723198,,2167790.0
MNG,Mongolia,East Asia & Pacific,Upper middle income,1993,1418.0656069858,,2165130.0
MNG,Mongolia,East Asia & Pacific,Upper middle income,1994,1432.28072706305,,2189395.0
MNG,Mongolia,East Asia & Pacific,Upper middle income,1995,1499.26495210763,108000.0,2224945.0
MNG,Mongolia,East Asia & Pacific,Upper middle income,1996,1509.32921132514,71000.0,2259507.0
MNG,Mongolia,East Asia & Pacific,Upper middle income,1997,1546.08098489924,82000.0,2291750.0
MNG,Mongolia,East Asia & Pacific,Upper middle income,1998,1575.67716165836,197000.0,2323809.0
MNG,Mongolia,East Asia & Pacific,Upper middle income,1999,1601.31353865438,160000.0,2356813.0
MNG,Mongolia,East Asia & Pacific,Upper middle income,2000,1598.31282040605,158000.0,2388299.0
MNG,Mongolia,East Asia & Pacific,Upper middle income,2001,1625.46152259484,192000.0,2417751.0
MNG,Mongolia,East Asia & Pacific,Upper middle income,2002,1680.65335337555,235000.0,2449027.0
MNG,Mongolia,East Asia & Pacific,Upper middle income,2003,1775.64906676137,205000.0,2480374.0
MNG,Mongolia,East Asia & Pacific,Upper middle income,2004,1942.36263694017,305000.0,2508412.0
MNG,Mongolia,East Asia & Pacific,Upper middle income,2005,2060.26168223171,345000.0,2536407.0
MNG,Mongolia,East Asia & Pacific,Upper middle income,2006,2209.74321787628,408000.0,2567168.0
MNG,Mongolia,East Asia & Pacific,Upper middle income,2007,2403.72416258662,455000.0,2601850.0
MNG,Mongolia,East Asia & Pacific,Upper middle income,2008,2576.71295838607,469000.0,2643201.0
MNG,Mongolia,East Asia & Pacific,Upper middle income,2009,2498.72967493254,465000.0,2691115.0
MNG,Mongolia,East Asia & Pacific,Upper middle income,2010,2611.67326563924,557000.0,2738622.0
MNG,Mongolia,East Asia & Pacific,Upper middle income,2011,3010.81642672623,627000.0,2786317.0
MNG,Mongolia,East Asia & Pacific,Upper middle income,2012,3318.16496597089,624000.0,2839705.0
MNG,Mongolia,East Asia & Pacific,Upper middle income,2013,3628.90708069575,515000.0,2899011.0
MNG,Mongolia,East Asia & Pacific,Upper middle income,2014,3830.35892049593,506000.0,2963113.0
MNG,Mongolia,East Asia & Pacific,Upper middle income,2015,3838.92126989984,467000.0,3026864.0
MNG,Mongolia,East Asia & Pacific,Upper middle income,2016,3817.91962716702,471000.0,3088856.0
MNG,Mongolia,East Asia & Pacific,Upper middle income,2017,3956.2049437134,543000.0,3148917.0
MNG,Mongolia,East Asia & Pacific,Upper middle income,2018,4183.85566447661,598000.0,3208189.0
MNG,Mongolia,East Asia & Pacific,Upper middle income,2019,4337.8167085432,637000.0,3267673.0
MNG,Mongolia,East Asia & Pacific,Upper middle income,2020,4066.03410882791,66900.0015258789,3327204.0
MNG,Mongolia,East Asia & Pacific,Upper middle income,2021,4063.53669849245,,3383741.0
MNG,Mongolia,East Asia & Pacific,Upper middle income,2022,4205.88554513551,,3433748.0
MNG,Mongolia,East Asia & Pacific,Upper middle income,2023,4456.53627552726,,3481145.0
MNG,Mongolia,East Asia & Pacific,Upper middle income,2024,4626.79609644243,,3524788.0
MNP,Northern Mariana Islands,East Asia & Pacific,High income,1980,,,17625.0
MNP,Northern Mariana Islands,East Asia & Pacific,High income,1981,,,19826.0
MNP,Northern Mariana Islands,East Asia & Pacific,High income,1982,,,22350.0
MNP,Northern Mariana Islands,East Asia & Pacific,High income,1983,,,24936.0
MNP,Northern Mariana Islands,East Asia & Pacific,High income,1984,,,27575.0
MNP,Northern Mariana Islands,East Asia & Pacific,High income,1985,,,30258.0
MNP,Northern Mariana Islands,East Asia & Pacific,High income,1986,,,32980.0
MNP,Northern Mariana Islands,East Asia & Pacific,High income,1987,,,35736.0
MNP,Northern Mariana Islands,East Asia & Pacific,High income,1988,,,38519.0
MNP,Northern Mariana Islands,East Asia & Pacific,High income,1989,,,41303.0
MNP,Northern Mariana Islands,East Asia & Pacific,High income,1990,,,43342.0
MNP,Northern Mariana Islands,East Asia & Pacific,High income,1991,,,44393.0
MNP,Northern Mariana Islands,East Asia & Pacific,High income,1992,,,45181.0
MNP,Northern Mariana Islands,East Asia & Pacific,High income,1993,,,45952.0
MNP,Northern Mariana Islands,East Asia & Pacific,High income,1994,,,46730.0
MNP,Northern Mariana Islands,East Asia & Pacific,High income,1995,,676000.0,48176.0
MNP,Northern Mariana Islands,East Asia & Pacific,High income,1996,,736000.0,51706.0
MNP,Northern Mariana Islands,East Asia & Pacific,High income,1997,,695000.0,56596.0
MNP,Northern Mariana Islands,East Asia & Pacific,High income,1998,,490000.0,61337.0
MNP,Northern Mariana Islands,East Asia & Pacific,High income,1999,,502000.0,65916.0
MNP,Northern Mariana Islands,East Asia & Pacific,High income,2000,,529000.0,68356.0
MNP,Northern Mariana Islands,East Asia & Pacific,High income,2001,,444000.0,67984.0
MNP,Northern Mariana Islands,East Asia & Pacific,High income,2002,24066.5361573445,476000.0,66778.0
MNP,Northern Mariana Islands,East Asia & Pacific,High income,2003,24650.0405531909,459000.0,65421.0
MNP,Northern Mariana Islands,East Asia & Pacific,High income,2004,24445.4618441919,536000.0,63938.0
MNP,Northern Mariana Islands,East Asia & Pacific,High income,2005,21882.2927935415,507000.0,62354.0
MNP,Northern Mariana Islands,East Asia & Pacific,High income,2006,20940.1619770428,436000.0,60682.0
MNP,Northern Mariana Islands,East Asia & Pacific,High income,2007,20117.7037335229,389000.0,58941.0
MNP,Northern Mariana Islands,East Asia & Pacific,High income,2008,18451.3905458787,397000.0,57150.0
MNP,Northern Mariana Islands,East Asia & Pacific,High income,2009,15710.5807282039,354000.0,55325.0
MNP,Northern Mariana Islands,East Asia & Pacific,High income,2010,16293.3059496259,379000.0,54091.0
MNP,Northern Mariana Islands,East Asia & Pacific,High income,2011,15226.1308805108,341000.0,53608.0
MNP,Northern Mariana Islands,East Asia & Pacific,High income,2012,15457.4258192247,401000.0,53234.0
MNP,Northern Mariana Islands,East Asia & Pacific,High income,2013,16015.0349164338,439000.0,52758.0
MNP,Northern Mariana Islands,East Asia & Pacific,High income,2014,16869.5270385638,460000.0,52178.0
MNP,Northern Mariana Islands,East Asia & Pacific,High income,2015,17665.1007493109,479000.0,51514.0
MNP,Northern Mariana Islands,East Asia & Pacific,High income,2016,23158.5744988538,531000.0,50773.0
MNP,Northern Mariana Islands,East Asia & Pacific,High income,2017,28989.3470221339,660000.0,49959.0
MNP,Northern Mariana Islands,East Asia & Pacific,High income,2018,23756.6075820248,518000.0,49077.0
MNP,Northern Mariana Islands,East Asia & Pacific,High income,2019,21451.4401636511,487000.0,48129.0
MNP,Northern Mariana Islands,East Asia & Pacific,High income,2020,15410.1186923944,,47528.0
MNP,Northern Mariana Islands,East Asia & Pacific,High income,2021,16365.016735395,,46979.0
MNP,Northern Mariana Islands,East Asia & Pacific,High income,2022,19461.8611129744,,46078.0
MNP,Northern Mariana Islands,East Asia & Pacific,High income,2023,,,45143.0
MNP,Northern Mariana Islands,East Asia & Pacific,High income,2024,,,44278.0
MOZ,Mozambique,Sub-Saharan Africa,Low income,1980,251.567549222861,,11336221.0
MOZ,Mozambique,Sub-Saharan Africa,Low income,1981,258.850606099762,,11568127.0
MOZ,Mozambique,Sub-Saharan Africa,Low income,1982,235.767482817497,,11824370.0
MOZ,Mozambique,Sub-Saharan Africa,Low income,1983,194.645654684469,,12073822.0
MOZ,Mozambique,Sub-Saharan Africa,Low income,1984,178.41568638255,,12315954.0
MOZ,Mozambique,Sub-Saharan Africa,Low income,1985,176.854086200431,,12548949.0
MOZ,Mozambique,Sub-Saharan Africa,Low income,1986,169.787799695594,,12770578.0
MOZ,Mozambique,Sub-Saharan Africa,Low income,1987,193.956902454941,,12822574.0
MOZ,Mozambique,Sub-Saharan Africa,Low income,1988,210.222304910608,,12800558.0
MOZ,Mozambique,Sub-Saharan Africa,Low income,1989,222.043123475899,,12906842.0
MOZ,Mozambique,Sub-Saharan Africa,Low income,1990,221.048981086396,,13094537.0
MOZ,Mozambique,Sub-Saharan Africa,Low income,1991,227.4627362365,,13352090.0
MOZ,Mozambique,Sub-Saharan Africa,Low income,1992,206.194607588583,,13613316.0
MOZ,Mozambique,Sub-Saharan Africa,Low income,1993,221.624579964898,,14051192.0
MOZ,Mozambique,Sub-Saharan Africa,Low income,1994,220.478583291331,,15033853.0
MOZ,Mozambique,Sub-Saharan Africa,Low income,1995,212.086249862904,,15960530.0
MOZ,Mozambique,Sub-Saharan Africa,Low income,1996,227.198486695187,,16492480.0
MOZ,Mozambique,Sub-Saharan Africa,Low income,1997,247.184945629196,,16949982.0
MOZ,Mozambique,Sub-Saharan Africa,Low income,1998,266.672705397492,,17340464.0
MOZ,Mozambique,Sub-Saharan Africa,Low income,1999,291.560018665606,,17734506.0
MOZ,Mozambique,Sub-Saharan Africa,Low income,2000,287.390630344484,,18129653.0
MOZ,Mozambique,Sub-Saharan Africa,Low income,2001,317.185703581034,404000.0,18537729.0
MOZ,Mozambique,Sub-Saharan Africa,Low income,2002,340.13537022259,943000.0,18958338.0
MOZ,Mozambique,Sub-Saharan Africa,Low income,2003,356.521157404125,726000.0,19392475.0
MOZ,Mozambique,Sub-Saharan Africa,Low income,2004,377.064958084878,711000.0,19840313.0
MOZ,Mozambique,Sub-Saharan Africa,Low income,2005,391.699758163976,954000.0,20304569.0
MOZ,Mozambique,Sub-Saharan Africa,Low income,2006,420.526462764726,1095000.0,20787087.0
MOZ,Mozambique,Sub-Saharan Africa,Low income,2007,442.049574057751,1259000.0,21287635.0
MOZ,Mozambique,Sub-Saharan Africa,Low income,2008,460.94729485679,1439000.0,21819036.0
MOZ,Mozambique,Sub-Saharan Africa,Low income,2009,475.788178051193,1711000.0,22391745.0
MOZ,Mozambique,Sub-Saharan Africa,Low income,2010,494.162859074785,1836000.0,22999235.0
MOZ,Mozambique,Sub-Saharan Africa,Low income,2011,514.869957191994,2013000.0,23649039.0
MOZ,Mozambique,Sub-Saharan Africa,Low income,2012,540.2945177803,2206000.0,24337846.0
MOZ,Mozambique,Sub-Saharan Africa,Low income,2013,559.393953685688,1970000.0,25051611.0
MOZ,Mozambique,Sub-Saharan Africa,Low income,2014,585.266716133984,1751000.0,25788475.0
MOZ,Mozambique,Sub-Saharan Africa,Low income,2015,610.563774706589,1634000.0,26547572.0
MOZ,Mozambique,Sub-Saharan Africa,Low income,2016,620.779714954555,1715000.0,27337105.0
MOZ,Mozambique,Sub-Saharan Africa,Low income,2017,618.397694360334,1514000.0,28166393.0
MOZ,Mozambique,Sub-Saharan Africa,Low income,2018,621.153734194787,2870000.0,29018644.0
MOZ,Mozambique,Sub-Saharan Africa,Low income,2019,617.13932000195,2033000.0,29884380.0
MOZ,Mozambique,Sub-Saharan Africa,Low income,2020,591.804059985932,,30783688.0
MOZ,Mozambique,Sub-Saharan Africa,Low income,2021,588.215854695416,,31707800.0
MOZ,Mozambique,Sub-Saharan Africa,Low income,2022,596.086630918965,,32656246.0
MOZ,Mozambique,Sub-Saharan Africa,Low income,2023,610.591041611538,,33635160.0
MOZ,Mozambique,Sub-Saharan Africa,Low income,2024,605.763481416969,,34631766.0
MRT,Mauritania,Sub-Saharan Africa,Lower middle income,1980,1620.11239670427,,1474043.0
MRT,Mauritania,Sub-Saharan Africa,Lower middle income,1981,1628.68327788979,,1516877.0
MRT,Mauritania,Sub-Saharan Africa,Lower middle income,1982,1545.44016401408,,1561176.0
MRT,Mauritania,Sub-Saharan Africa,Lower middle income,1983,1557.69912823136,,1606746.0
MRT,Mauritania,Sub-Saharan Africa,Lower middle income,1984,1464.6394547048,,1653693.0
MRT,Mauritania,Sub-Saharan Africa,Lower middle income,1985,1465.59471892512,,1702107.0
MRT,Mauritania,Sub-Saharan Africa,Lower middle income,1986,1505.35291589832,,1751835.0
MRT,Mauritania,Sub-Saharan Africa,Lower middle income,1987,1490.41855725381,,1803014.0
MRT,Mauritania,Sub-Saharan Africa,Lower middle income,1988,1472.89036624524,,1855859.0
MRT,Mauritania,Sub-Saharan Africa,Lower middle income,1989,1504.99148381034,,1903048.0
MRT,Mauritania,Sub-Saharan Africa,Lower middle income,1990,1441.35013214637,,1951878.0
MRT,Mauritania,Sub-Saharan Africa,Lower middle income,1991,1424.8845274987,,2009738.0
MRT,Mauritania,Sub-Saharan Africa,Lower middle income,1992,1397.09016927143,,2088135.0
MRT,Mauritania,Sub-Saharan Africa,Lower middle income,1993,1420.51487247759,,2174328.0
MRT,Mauritania,Sub-Saharan Africa,Lower middle income,1994,1331.04721876353,,2249454.0
MRT,Mauritania,Sub-Saharan Africa,Lower middle income,1995,1422.1984656624,,2312017.0
MRT,Mauritania,Sub-Saharan Africa,Lower middle income,1996,1475.48821595821,,2358188.0
MRT,Mauritania,Sub-Saharan Africa,Lower middle income,1997,1384.62072172965,,2411306.0
MRT,Mauritania,Sub-Saharan Africa,Lower middle income,1998,1386.65535143801,,2474651.0
MRT,Mauritania,Sub-Saharan Africa,Lower middle income,1999,1399.6677525752,24000.0,2541698.0
MRT,Mauritania,Sub-Saharan Africa,Lower middle income,2000,1307.91078676112,30000.0,2613441.0
MRT,Mauritania,Sub-Saharan Africa,Lower middle income,2001,1265.81694335882,,2678760.0
MRT,Mauritania,Sub-Saharan Africa,Lower middle income,2002,1255.23785465583,,2738655.0
MRT,Mauritania,Sub-Saharan Africa,Lower middle income,2003,1311.83928290699,,2802046.0
MRT,Mauritania,Sub-Saharan Africa,Lower middle income,2004,1342.01926086998,,2868664.0
MRT,Mauritania,Sub-Saharan Africa,Lower middle income,2005,1422.08355395812,,2939059.0
MRT,Mauritania,Sub-Saharan Africa,Lower middle income,2006,1641.14052210995,,3013660.0
MRT,Mauritania,Sub-Saharan Africa,Lower middle income,2007,1567.52103874761,,3093059.0
MRT,Mauritania,Sub-Saharan Africa,Lower middle income,2008,1518.05671993749,,3183269.0
MRT,Mauritania,Sub-Saharan Africa,Lower middle income,2009,1472.73229282851,,3284448.0
MRT,Mauritania,Sub-Saharan Africa,Lower middle income,2010,1463.84763242531,,3390965.0
MRT,Mauritania,Sub-Saharan Africa,Lower middle income,2011,1476.23923867862,,3502811.0
MRT,Mauritania,Sub-Saharan Africa,Lower middle income,2012,1492.69966692583,,3619034.0
MRT,Mauritania,Sub-Saharan Africa,Lower middle income,2013,1506.66419033006,,3734318.0
MRT,Mauritania,Sub-Saharan Africa,Lower middle income,2014,1524.45340969502,,3848514.0
MRT,Mauritania,Sub-Saharan Africa,Lower middle income,2015,1558.84205473416,,3965959.0
MRT,Mauritania,Sub-Saharan Africa,Lower middle income,2016,1531.87725661699,,4086657.0
MRT,Mauritania,Sub-Saharan Africa,Lower middle income,2017,1580.01453100123,,4210600.0
MRT,Mauritania,Sub-Saharan Africa,Lower middle income,2018,1606.91539159026,,4337685.0
MRT,Mauritania,Sub-Saharan Africa,Lower middle income,2019,1609.15396170643,,4467708.0
MRT,Mauritania,Sub-Saharan Africa,Lower middle income,2020,1557.19511875153,,4600131.0
MRT,Mauritania,Sub-Saharan Africa,Lower middle income,2021,1524.11753502309,,4734874.0
MRT,Mauritania,Sub-Saharan Africa,Lower middle income,2022,1580.70391528747,,4875637.0
MRT,Mauritania,Sub-Saharan Africa,Lower middle income,2023,1638.99221583023,,5022441.0
MRT,Mauritania,Sub-Saharan Africa,Lower middle income,2024,1692.84166088843,,5169395.0
MUS,Mauritius,Sub-Saharan Africa,Upper middle income,1980,2349.54562004964,,966039.0
MUS,Mauritius,Sub-Saharan Africa,Upper middle income,1981,2451.15829590895,,980462.0
MUS,Mauritius,Sub-Saharan Africa,Upper middle income,1982,2554.48197864308,,992521.0
MUS,Mauritius,Sub-Saharan Africa,Upper middle income,1983,2540.81115429982,,1001691.0
MUS,Mauritius,Sub-Saharan Africa,Upper middle income,1984,2632.51467939892,,1012221.0
MUS,Mauritius,Sub-Saharan Africa,Upper middle income,1985,2792.67361590261,,1020528.0
MUS,Mauritius,Sub-Saharan Africa,Upper middle income,1986,3041.39574405614,,1028360.0
MUS,Mauritius,Sub-Saharan Africa,Upper middle income,1987,3287.12429156682,,1036082.0
MUS,Mauritius,Sub-Saharan Africa,Upper middle income,1988,3486.28192093578,,1043239.0
MUS,Mauritius,Sub-Saharan Africa,Upper middle income,1989,3614.16190844956,,1051260.0
MUS,Mauritius,Sub-Saharan Africa,Upper middle income,1990,3846.40593009531,,1058775.0
MUS,Mauritius,Sub-Saharan Africa,Upper middle income,1991,3973.88222302181,,1070266.0
MUS,Mauritius,Sub-Saharan Africa,Upper middle income,1992,4177.36265335488,,1084441.0
MUS,Mauritius,Sub-Saharan Africa,Upper middle income,1993,4337.92493399566,,1097374.0
MUS,Mauritius,Sub-Saharan Africa,Upper middle income,1994,4454.5426070274,,1112846.0
MUS,Mauritius,Sub-Saharan Africa,Upper middle income,1995,4605.76436655081,437000.0,1122457.0
MUS,Mauritius,Sub-Saharan Africa,Upper middle income,1996,4813.64243758838,509000.0,1133996.0
MUS,Mauritius,Sub-Saharan Africa,Upper middle income,1997,5024.11496458349,558000.0,1148284.0
MUS,Mauritius,Sub-Saharan Africa,Upper middle income,1998,5273.4376456861,579000.0,1160421.0
MUS,Mauritius,Sub-Saharan Africa,Upper middle income,1999,5342.7700968418,600000.0,1175267.0
MUS,Mauritius,Sub-Saharan Africa,Upper middle income,2000,5724.49584395791,678000.0,1186873.0
MUS,Mauritius,Sub-Saharan Africa,Upper middle income,2001,5869.56961565396,675000.0,1196287.0
MUS,Mauritius,Sub-Saharan Africa,Upper middle income,2002,5923.09482066607,709000.0,1204621.0
MUS,Mauritius,Sub-Saharan Africa,Upper middle income,2003,6228.82545560651,721000.0,1213370.0
MUS,Mauritius,Sub-Saharan Africa,Upper middle income,2004,6457.90977761094,739000.0,1221003.0
MUS,Mauritius,Sub-Saharan Africa,Upper middle income,2005,6533.89994300683,782000.0,1228254.0
MUS,Mauritius,Sub-Saharan Africa,Upper middle income,2006,6819.92708580325,807000.0,1233996.0
MUS,Mauritius,Sub-Saharan Africa,Upper middle income,2007,7180.23173197486,933000.0,1239630.0
MUS,Mauritius,Sub-Saharan Africa,Upper middle income,2008,7545.15683789094,970000.0,1244121.0
MUS,Mauritius,Sub-Saharan Africa,Upper middle income,2009,7778.25811331163,890000.0,1247429.0
MUS,Mauritius,Sub-Saharan Africa,Upper middle income,2010,8100.95282599507,956000.0,1250400.0
MUS,Mauritius,Sub-Saharan Africa,Upper middle income,2011,8423.28220250903,983000.0,1252404.0
MUS,Mauritius,Sub-Saharan Africa,Upper middle income,2012,8694.84560747968,984000.0,1255882.0
MUS,Mauritius,Sub-Saharan Africa,Upper middle income,2013,8968.51243536773,1015000.0,1258927.0
MUS,Mauritius,Sub-Saharan Africa,Upper middle income,2014,9297.64820128968,1065000.0,1261208.0
MUS,Mauritius,Sub-Saharan Africa,Upper middle income,2015,9630.5437837507,1174000.0,1262879.0
MUS,Mauritius,Sub-Saharan Africa,Upper middle income,2016,9997.89198315532,1307000.0,1263747.0
MUS,Mauritius,Sub-Saharan Africa,Upper middle income,2017,10383.8832682578,1371000.0,1264887.0
MUS,Mauritius,Sub-Saharan Africa,Upper middle income,2018,10805.4615213739,1431000.0,1265577.0
MUS,Mauritius,Sub-Saharan Africa,Upper middle income,2019,11111.3423669526,1418000.0,1265985.0
MUS,Mauritius,Sub-Saharan Africa,Upper middle income,2020,9533.5982796049,316000.0,1266014.0
MUS,Mauritius,Sub-Saharan Africa,Upper middle income,2021,9849.34891121846,,1266334.0
MUS,Mauritius,Sub-Saharan Africa,Upper middle income,2022,10703.2364271462,,1262523.0
MUS,Mauritius,Sub-Saharan Africa,Upper middle income,2023,11330.7335655767,,1248647.0
MUS,Mauritius,Sub-Saharan Africa,Upper middle income,2024,11918.8045212095,,1245779.0
MWI,Malawi,Sub-Saharan Africa,Low income,1980,433.515183153301,,6265529.0
MWI,Malawi,Sub-Saharan Africa,Low income,1981,394.77170082524,,6516454.0
MWI,Malawi,Sub-Saharan Africa,Low income,1982,388.989575970974,,6778879.0
MWI,Malawi,Sub-Saharan Africa,Low income,1983,387.845329799767,,7051709.0
MWI,Malawi,Sub-Saharan Africa,Low income,1984,392.970121764045,,7332810.0
MWI,Malawi,Sub-Saharan Africa,Low income,1985,395.418720697156,,7620508.0
MWI,Malawi,Sub-Saharan Africa,Low income,1986,380.298046902206,,7906480.0
MWI,Malawi,Sub-Saharan Africa,Low income,1987,368.458072161033,,8293174.0
MWI,Malawi,Sub-Saharan Africa,Low income,1988,360.182864554351,,8753262.0
MWI,Malawi,Sub-Saharan Africa,Low income,1989,348.201112852441,,9176220.0
MWI,Malawi,Sub-Saharan Africa,Low income,1990,353.771303717595,,9545852.0
MWI,Malawi,Sub-Saharan Africa,Low income,1991,372.997561772469,,9844227.0
MWI,Malawi,Sub-Saharan Africa,Low income,1992,335.726543539643,,10135079.0
MWI,Malawi,Sub-Saharan Africa,Low income,1993,362.930995399017,,10284024.0
MWI,Malawi,Sub-Saharan Africa,Low income,1994,329.584099900642,,10164894.0
MWI,Malawi,Sub-Saharan Africa,Low income,1995,385.279714072363,192000.0,10150117.0
MWI,Malawi,Sub-Saharan Africa,Low income,1996,405.397063690478,194000.0,10352228.0
MWI,Malawi,Sub-Saharan Africa,Low income,1997,412.4131068375,207000.0,10562035.0
MWI,Malawi,Sub-Saharan Africa,Low income,1998,419.313245170577,220000.0,10792876.0
MWI,Malawi,Sub-Saharan Africa,Low income,1999,422.099909963762,254000.0,11047804.0
MWI,Malawi,Sub-Saharan Africa,Low income,2000,418.592985038462,228000.0,11315942.0
MWI,Malawi,Sub-Saharan Africa,Low income,2001,388.260039763569,266000.0,11593058.0
MWI,Malawi,Sub-Saharan Africa,Low income,2002,385.308980237095,383000.0,11880440.0
MWI,Malawi,Sub-Saharan Africa,Low income,2003,397.224846758815,424000.0,12181574.0
MWI,Malawi,Sub-Saharan Africa,Low income,2004,408.064916052765,427000.0,12500737.0
MWI,Malawi,Sub-Saharan Africa,Low income,2005,410.267979592536,438000.0,12840031.0
MWI,Malawi,Sub-Saharan Africa,Low income,2006,417.877689776503,638000.0,13198701.0
MWI,Malawi,Sub-Saharan Africa,Low income,2007,445.254305419586,735000.0,13576343.0
MWI,Malawi,Sub-Saharan Africa,Low income,2008,465.55147298007,742000.0,13976417.0
MWI,Malawi,Sub-Saharan Africa,Low income,2009,489.631418790158,755000.0,14395788.0
MWI,Malawi,Sub-Saharan Africa,Low income,2010,508.088650552846,746000.0,14826463.0
MWI,Malawi,Sub-Saharan Africa,Low income,2011,517.833736624232,767000.0,15265022.0
MWI,Malawi,Sub-Saharan Africa,Low income,2012,512.74031797451,770000.0,15709577.0
MWI,Malawi,Sub-Saharan Africa,Low income,2013,525.357645516557,795000.0,16161816.0
MWI,Malawi,Sub-Saharan Africa,Low income,2014,539.562601918057,819000.0,16621538.0
MWI,Malawi,Sub-Saharan Africa,Low income,2015,539.605363240686,805000.0,17085587.0
MWI,Malawi,Sub-Saharan Africa,Low income,2016,538.221990810959,849000.0,17557739.0
MWI,Malawi,Sub-Saharan Africa,Low income,2017,544.795729220349,837000.0,18039715.0
MWI,Malawi,Sub-Saharan Africa,Low income,2018,553.528790902088,871000.0,18528081.0
MWI,Malawi,Sub-Saharan Africa,Low income,2019,569.866249371948,,19025752.0
MWI,Malawi,Sub-Saharan Africa,Low income,2020,559.447086086067,,19533888.0
MWI,Malawi,Sub-Saharan Africa,Low income,2021,569.968967322435,,20047258.0
MWI,Malawi,Sub-Saharan Africa,Low income,2022,560.635759714941,,20568728.0
MWI,Malawi,Sub-Saharan Africa,Low income,2023,557.03523965791,,21104482.0
MWI,Malawi,Sub-Saharan Africa,Low income,2024,551.95152347056,,21655286.0
MYS,Malaysia,East Asia & Pacific,Upper middle income,1980,3216.28778690077,,12983363.0
MYS,Malaysia,East Asia & Pacific,Upper middle income,1981,3332.82000559163,,13399203.0
MYS,Malaysia,East Asia & Pacific,Upper middle income,1982,3420.21717115114,,13832798.0
MYS,Malaysia,East Asia & Pacific,Upper middle income,1983,3518.79492112604,,14285907.0
MYS,Malaysia,East Asia & Pacific,Upper middle income,1984,3670.36601236602,,14759009.0
MYS,Malaysia,East Asia & Pacific,Upper middle income,1985,3515.25505625205,,15252258.0
MYS,Malaysia,East Asia & Pacific,Upper middle income,1986,3444.11713819558,,15760419.0
MYS,Malaysia,East Asia & Pacific,Upper middle income,1987,3508.00948571695,,16276737.0
MYS,Malaysia,East Asia & Pacific,Upper middle income,1988,3737.26006906652,,16796605.0
MYS,Malaysia,East Asia & Pacific,Upper middle income,1989,3953.81471255834,,17314997.0
MYS,Malaysia,East Asia & Pacific,Upper middle income,1990,4184.76072928976,,17833171.0
MYS,Malaysia,East Asia & Pacific,Upper middle income,1991,4456.93133148159,,18342464.0
MYS,Malaysia,East Asia & Pacific,Upper middle income,1992,4726.13789172987,,18834572.0
MYS,Malaysia,East Asia & Pacific,Upper middle income,1993,5062.5911043705,,19322664.0
MYS,Malaysia,East Asia & Pacific,Upper middle income,1994,5390.10167606966,,19820446.0
MYS,Malaysia,East Asia & Pacific,Upper middle income,1995,5771.35211956083,7469000.0,20330599.0
MYS,Malaysia,East Asia & Pacific,Upper middle income,1996,6190.46429134886,7138000.0,20850087.0
MYS,Malaysia,East Asia & Pacific,Upper middle income,1997,6480.55649455855,6211000.0,21375218.0
MYS,Malaysia,East Asia & Pacific,Upper middle income,1998,5857.96702940857,5551000.0,21906713.0
MYS,Malaysia,East Asia & Pacific,Upper middle income,1999,6070.95621987091,7931000.0,22435531.0
MYS,Malaysia,East Asia & Pacific,Upper middle income,2000,6455.61419792583,10222000.0,22967816.0
MYS,Malaysia,East Asia & Pacific,Upper middle income,2001,6334.92795651698,12775000.0,23526538.0
MYS,Malaysia,East Asia & Pacific,Upper middle income,2002,6516.90671560155,13292000.0,24102477.0
MYS,Malaysia,East Asia & Pacific,Upper middle income,2003,6732.92049458099,10577000.0,24679602.0
MYS,Malaysia,East Asia & Pacific,Upper middle income,2004,7025.34558004381,15703000.0,25256772.0
MYS,Malaysia,East Asia & Pacific,Upper middle income,2005,7234.02442689141,16431000.0,25836071.0
MYS,Malaysia,East Asia & Pacific,Upper middle income,2006,7469.8106921211,17547000.0,26417909.0
MYS,Malaysia,East Asia & Pacific,Upper middle income,2007,7769.59693350488,20973000.0,26998389.0
MYS,Malaysia,East Asia & Pacific,Upper middle income,2008,7976.11785374773,22052000.0,27570059.0
MYS,Malaysia,East Asia & Pacific,Upper middle income,2009,7700.46111294033,23646000.0,28124778.0
MYS,Malaysia,East Asia & Pacific,Upper middle income,2010,8118.92270511981,24577000.0,28655776.0
MYS,Malaysia,East Asia & Pacific,Upper middle income,2011,8400.32248683558,24714000.0,29162039.0
MYS,Malaysia,East Asia & Pacific,Upper middle income,2012,8710.52671359902,25033000.0,29662831.0
MYS,Malaysia,East Asia & Pacific,Upper middle income,2013,8964.80724896203,25715000.0,30174265.0
MYS,Malaysia,East Asia & Pacific,Upper middle income,2014,9341.73055971278,27437000.0,30696137.0
MYS,Malaysia,East Asia & Pacific,Upper middle income,2015,9648.6797937523,25721000.0,31232798.0
MYS,Malaysia,East Asia & Pacific,Upper middle income,2016,9901.47960179812,26757000.0,31789685.0
MYS,Malaysia,East Asia & Pacific,Upper middle income,2017,10293.7629205362,25948000.0,32355644.0
MYS,Malaysia,East Asia & Pacific,Upper middle income,2018,10610.1950240479,25832000.0,32910967.0
MYS,Malaysia,East Asia & Pacific,Upper middle income,2019,10902.9834855856,26101000.0,33440596.0
MYS,Malaysia,East Asia & Pacific,Upper middle income,2020,10171.4657842762,4333000.0,33889558.0
MYS,Malaysia,East Asia & Pacific,Upper middle income,2021,10388.2667120857,,34282399.0
MYS,Malaysia,East Asia & Pacific,Upper middle income,2022,11191.6511756943,,34695493.0
MYS,Malaysia,East Asia & Pacific,Upper middle income,2023,11445.3925275079,,35126298.0
MYS,Malaysia,East Asia & Pacific,Upper middle income,2024,11883.79127749,,35557673.0
NAM,Namibia,Sub-Saharan Africa,Lower middle income,1980,3543.52830787347,,981434.0
NAM,Namibia,Sub-Saharan Africa,Lower middle income,1981,3538.05908413962,,992500.0
NAM,Namibia,Sub-Saharan Africa,Lower middle income,1982,3461.85974021427,,1010308.0
NAM,Namibia,Sub-Saharan Africa,Lower middle income,1983,3309.62139241894,,1037511.0
NAM,Namibia,Sub-Saharan Africa,Lower middle income,1984,3213.57377389991,,1065989.0
NAM,Namibia,Sub-Saharan Africa,Lower middle income,1985,3137.53895430851,,1096890.0
NAM,Namibia,Sub-Saharan Africa,Lower middle income,1986,3187.74903180322,,1131081.0
NAM,Namibia,Sub-Saharan Africa,Lower middle income,1987,3196.99658679727,,1167889.0
NAM,Namibia,Sub-Saharan Africa,Lower middle income,1988,3111.60654486305,,1209696.0
NAM,Namibia,Sub-Saharan Africa,Lower middle income,1989,2974.56787424784,,1288947.0
NAM,Namibia,Sub-Saharan Africa,Lower middle income,1990,2857.33777498196,,1369303.0
NAM,Namibia,Sub-Saharan Africa,Lower middle income,1991,2989.40001637296,,1415684.0
NAM,Namibia,Sub-Saharan Africa,Lower middle income,1992,3104.24536078011,,1461322.0
NAM,Namibia,Sub-Saharan Africa,Lower middle income,1993,2959.27503800966,,1508697.0
NAM,Namibia,Sub-Saharan Africa,Lower middle income,1994,2918.37740296161,,1556304.0
NAM,Namibia,Sub-Saharan Africa,Lower middle income,1995,2945.36226956201,421000.0,1602170.0
NAM,Namibia,Sub-Saharan Africa,Lower middle income,1996,2958.24060697383,560000.0,1646103.0
NAM,Namibia,Sub-Saharan Africa,Lower middle income,1997,3004.30804359997,610000.0,1689264.0
NAM,Namibia,Sub-Saharan Africa,Lower middle income,1998,3025.32668011049,681000.0,1732745.0
NAM,Namibia,Sub-Saharan Africa,Lower middle income,1999,3050.46098873323,694000.0,1776368.0
NAM,Namibia,Sub-Saharan Africa,Lower middle income,2000,3083.59657884697,759000.0,1818647.0
NAM,Namibia,Sub-Saharan Africa,Lower middle income,2001,3055.40444831936,700000.0,1857048.0
NAM,Namibia,Sub-Saharan Africa,Lower middle income,2002,3145.94566281247,799000.0,1889970.0
NAM,Namibia,Sub-Saharan Africa,Lower middle income,2003,3232.30589658857,739000.0,1917464.0
NAM,Namibia,Sub-Saharan Africa,Lower middle income,2004,3582.89503259701,986000.0,1942082.0
NAM,Namibia,Sub-Saharan Africa,Lower middle income,2005,3627.75059772278,856000.0,1966582.0
NAM,Namibia,Sub-Saharan Africa,Lower middle income,2006,3834.99894666178,961000.0,1991888.0
NAM,Namibia,Sub-Saharan Africa,Lower middle income,2007,3987.61796106565,1048000.0,2018600.0
NAM,Namibia,Sub-Saharan Africa,Lower middle income,2008,4036.38187484707,1079000.0,2047056.0
NAM,Namibia,Sub-Saharan Africa,Lower middle income,2009,3989.20711387651,1100000.0,2077394.0
NAM,Namibia,Sub-Saharan Africa,Lower middle income,2010,4165.12990200988,1114000.0,2109811.0
NAM,Namibia,Sub-Saharan Africa,Lower middle income,2011,4302.72451368462,1163000.0,2146325.0
NAM,Namibia,Sub-Saharan Africa,Lower middle income,2012,4420.96741373862,1245000.0,2194654.0
NAM,Namibia,Sub-Saharan Africa,Lower middle income,2013,4549.26759093897,1327000.0,2252508.0
NAM,Namibia,Sub-Saharan Africa,Lower middle income,2014,4701.95694189098,1429000.0,2312139.0
NAM,Namibia,Sub-Saharan Africa,Lower middle income,2015,4774.10650865775,1488000.0,2374300.0
NAM,Namibia,Sub-Saharan Africa,Lower middle income,2016,4648.62713460213,1551000.0,2439213.0
NAM,Namibia,Sub-Saharan Africa,Lower middle income,2017,4476.73324402105,1581000.0,2506853.0
NAM,Namibia,Sub-Saharan Africa,Lower middle income,2018,4400.47537705743,1639000.0,2577327.0
NAM,Namibia,Sub-Saharan Africa,Lower middle income,2019,4243.09274481966,1651000.0,2650494.0
NAM,Namibia,Sub-Saharan Africa,Lower middle income,2020,3787.49943973286,187100.006103516,2728762.0
NAM,Namibia,Sub-Saharan Africa,Lower middle income,2021,3809.80753359714,,2810548.0
NAM,Namibia,Sub-Saharan Africa,Lower middle income,2022,3905.55135268164,,2889662.0
NAM,Namibia,Sub-Saharan Africa,Lower middle income,2023,3973.49010579998,,2963095.0
NAM,Namibia,Sub-Saharan Africa,Lower middle income,2024,4032.40150676649,,3030131.0
NCL,New Caledonia,East Asia & Pacific,High income,1980,,,149817.0
NCL,New Caledonia,East Asia & Pacific,High income,1981,,,151441.0
NCL,New Caledonia,East Asia & Pacific,High income,1982,,,153001.0
NCL,New Caledonia,East Asia & Pacific,High income,1983,,,155003.0
NCL,New Caledonia,East Asia & Pacific,High income,1984,,,157583.0
NCL,New Caledonia,East Asia & Pacific,High income,1985,,,160234.0
NCL,New Caledonia,East Asia & Pacific,High income,1986,,,162898.0
NCL,New Caledonia,East Asia & Pacific,High income,1987,,,165650.0
NCL,New Caledonia,East Asia & Pacific,High income,1988,,,168502.0
NCL,New Caledonia,East Asia & Pacific,High income,1989,,,172029.0
NCL,New Caledonia,East Asia & Pacific,High income,1990,,,176456.0
NCL,New Caledonia,East Asia & Pacific,High income,1991,,,181238.0
NCL,New Caledonia,East Asia & Pacific,High income,1992,,,186072.0
NCL,New Caledonia,East Asia & Pacific,High income,1993,,,190857.0
NCL,New Caledonia,East Asia & Pacific,High income,1994,,,195614.0
NCL,New Caledonia,East Asia & Pacific,High income,1995,,86000.0,200379.0
NCL,New Caledonia,East Asia & Pacific,High income,1996,,91000.0,205034.0
NCL,New Caledonia,East Asia & Pacific,High income,1997,,105000.0,209560.0
NCL,New Caledonia,East Asia & Pacific,High income,1998,,104000.0,214047.0
NCL,New Caledonia,East Asia & Pacific,High income,1999,,100000.0,218527.0
NCL,New Caledonia,East Asia & Pacific,High income,2000,,110000.0,223098.0
NCL,New Caledonia,East Asia & Pacific,High income,2001,,101000.0,227707.0
NCL,New Caledonia,East Asia & Pacific,High income,2002,,104000.0,232236.0
NCL,New Caledonia,East Asia & Pacific,High income,2003,,102000.0,236678.0
NCL,New Caledonia,East Asia & Pacific,High income,2004,,100000.0,240852.0
NCL,New Caledonia,East Asia & Pacific,High income,2005,,101000.0,244381.0
NCL,New Caledonia,East Asia & Pacific,High income,2006,,100000.0,247547.0
NCL,New Caledonia,East Asia & Pacific,High income,2007,,103000.0,250725.0
NCL,New Caledonia,East Asia & Pacific,High income,2008,,104000.0,253825.0
NCL,New Caledonia,East Asia & Pacific,High income,2009,,99000.0,257250.0
NCL,New Caledonia,East Asia & Pacific,High income,2010,,99000.0,261582.0
NCL,New Caledonia,East Asia & Pacific,High income,2011,,112000.0,266543.0
NCL,New Caledonia,East Asia & Pacific,High income,2012,,112000.0,271633.0
NCL,New Caledonia,East Asia & Pacific,High income,2013,,108000.0,276822.0
NCL,New Caledonia,East Asia & Pacific,High income,2014,,107000.0,281224.0
NCL,New Caledonia,East Asia & Pacific,High income,2015,30858.7237060533,114000.0,283168.0
NCL,New Caledonia,East Asia & Pacific,High income,2016,,116000.0,283423.0
NCL,New Caledonia,East Asia & Pacific,High income,2017,,121000.0,283546.0
NCL,New Caledonia,East Asia & Pacific,High income,2018,,120000.0,283541.0
NCL,New Caledonia,East Asia & Pacific,High income,2019,,130000.0,283606.0
NCL,New Caledonia,East Asia & Pacific,High income,2020,,31000.0,284176.0
NCL,New Caledonia,East Asia & Pacific,High income,2021,,,285214.0
NCL,New Caledonia,East Asia & Pacific,High income,2022,,,287123.0
NCL,New Caledonia,East Asia & Pacific,High income,2023,,,289870.0
NCL,New Caledonia,East Asia & Pacific,High income,2024,,,292639.0
NER,Niger,Sub-Saharan Africa,Low income,1980,631.839702011287,,6135971.0
NER,Niger,Sub-Saharan Africa,Low income,1981,612.157290468376,,6322006.0
NER,Niger,Sub-Saharan Africa,Low income,1982,607.151503137229,,6512732.0
NER,Niger,Sub-Saharan Africa,Low income,1983,566.647875215942,,6708644.0
NER,Niger,Sub-Saharan Africa,Low income,1984,457.605845032569,,6909971.0
NER,Niger,Sub-Saharan Africa,Low income,1985,478.48763243638,,7118457.0
NER,Niger,Sub-Saharan Africa,Low income,1986,493.804077148173,,7335811.0
NER,Niger,Sub-Saharan Africa,Low income,1987,479.510568113117,,7561150.0
NER,Niger,Sub-Saharan Africa,Low income,1988,497.164557867416,,7793748.0
NER,Niger,Sub-Saharan Africa,Low income,1989,486.865683851794,,8034780.0
NER,Niger,Sub-Saharan Africa,Low income,1990,465.923889536505,,8286059.0
NER,Niger,Sub-Saharan Africa,Low income,1991,449.719266854731,,8546900.0
NER,Niger,Sub-Saharan Africa,Low income,1992,444.632775312455,,8817633.0
NER,Niger,Sub-Saharan Africa,Low income,1993,432.184449587188,,9100789.0
NER,Niger,Sub-Saharan Africa,Low income,1994,426.267506763664,,9398258.0
NER,Niger,Sub-Saharan Africa,Low income,1995,422.523153898523,35000.0,9714529.0
NER,Niger,Sub-Saharan Africa,Low income,1996,409.039358698404,68000.0,10044852.0
NER,Niger,Sub-Saharan Africa,Low income,1997,401.724988110363,68000.0,10383969.0
NER,Niger,Sub-Saharan Africa,Low income,1998,427.086030331896,41000.0,10741413.0
NER,Niger,Sub-Saharan Africa,Low income,1999,411.735699209485,39000.0,11117411.0
NER,Niger,Sub-Saharan Africa,Low income,2000,392.898616941042,50000.0,11509630.0
NER,Niger,Sub-Saharan Africa,Low income,2001,406.923493665264,52000.0,11920647.0
NER,Niger,Sub-Saharan Africa,Low income,2002,412.123793192578,39000.0,12349144.0
NER,Niger,Sub-Saharan Africa,Low income,2003,406.333757497876,55000.0,12796984.0
NER,Niger,Sub-Saharan Africa,Low income,2004,393.398781453199,57000.0,13265836.0
NER,Niger,Sub-Saharan Africa,Low income,2005,407.190931059924,58000.0,13756192.0
NER,Niger,Sub-Saharan Africa,Low income,2006,415.852022114801,60000.0,14268581.0
NER,Niger,Sub-Saharan Africa,Low income,2007,413.419126261066,48000.0,14803610.0
NER,Niger,Sub-Saharan Africa,Low income,2008,429.195542798877,73000.0,15361915.0
NER,Niger,Sub-Saharan Africa,Low income,2009,421.650901333136,66000.0,15943675.0
NER,Niger,Sub-Saharan Africa,Low income,2010,441.079166112039,74000.0,16548835.0
NER,Niger,Sub-Saharan Africa,Low income,2011,434.986264873953,82000.0,17176283.0
NER,Niger,Sub-Saharan Africa,Low income,2012,463.066265496402,94000.0,17836769.0
NER,Niger,Sub-Saharan Africa,Low income,2013,469.690214200878,123000.0,18519898.0
NER,Niger,Sub-Saharan Africa,Low income,2014,482.74524741946,135000.0,19215909.0
NER,Niger,Sub-Saharan Africa,Low income,2015,485.662574175279,135000.0,19939498.0
NER,Niger,Sub-Saharan Africa,Low income,2016,488.184823801581,152000.0,20685753.0
NER,Niger,Sub-Saharan Africa,Low income,2017,497.172608329608,164000.0,21435446.0
NER,Niger,Sub-Saharan Africa,Low income,2018,513.423699765289,157000.0,22188069.0
NER,Niger,Sub-Saharan Africa,Low income,2019,526.60361746086,192000.0,22947757.0
NER,Niger,Sub-Saharan Africa,Low income,2020,532.208221196997,85000.0,23717613.0
NER,Niger,Sub-Saharan Africa,Low income,2021,520.912751008043,,24502140.0
NER,Niger,Sub-Saharan Africa,Low income,2022,565.873385794358,,25311973.0
NER,Niger,Sub-Saharan Africa,Low income,2023,561.960694711722,,26159867.0
NER,Niger,Sub-Saharan Africa,Low income,2024,589.085643279512,,27032412.0
NGA,Nigeria,Sub-Saharan Africa,Lower middle income,1980,2177.41578655365,,73764641.0
NGA,Nigeria,Sub-Saharan Africa,Lower middle income,1981,1834.28760820949,,76068103.0
NGA,Nigeria,Sub-Saharan Africa,Lower middle income,1982,1659.098143512,,78378701.0
NGA,Nigeria,Sub-Saharan Africa,Lower middle income,1983,1440.01747782647,,80438260.0
NGA,Nigeria,Sub-Saharan Africa,Lower middle income,1984,1387.92176005615,,82526443.0
NGA,Nigeria,Sub-Saharan Africa,Lower middle income,1985,1428.92742820393,,84897973.0
NGA,Nigeria,Sub-Saharan Africa,Lower middle income,1986,1391.47877234568,,87235953.0
NGA,Nigeria,Sub-Saharan Africa,Lower middle income,1987,1398.24883299026,,89591716.0
NGA,Nigeria,Sub-Saharan Africa,Lower middle income,1988,1461.19132231327,,92020090.0
NGA,Nigeria,Sub-Saharan Africa,Lower middle income,1989,1449.68017647141,,94531014.0
NGA,Nigeria,Sub-Saharan Africa,Lower middle income,1990,1577.19616627771,,97120925.0
NGA,Nigeria,Sub-Saharan Africa,Lower middle income,1991,1541.59066261007,,99720162.0
NGA,Nigeria,Sub-Saharan Africa,Lower middle income,1992,1571.1902261785,,102372770.0
NGA,Nigeria,Sub-Saharan Africa,Lower middle income,1993,1498.958950378,,105122069.0
NGA,Nigeria,Sub-Saharan Africa,Lower middle income,1994,1433.38861092416,,107935714.0
NGA,Nigeria,Sub-Saharan Africa,Lower middle income,1995,1395.07488456803,1031000.0,110819428.0
NGA,Nigeria,Sub-Saharan Africa,Lower middle income,1996,1416.10189471248,1230000.0,113754779.0
NGA,Nigeria,Sub-Saharan Africa,Lower middle income,1997,1420.23877961219,1292000.0,116754792.0
NGA,Nigeria,Sub-Saharan Africa,Lower middle income,1998,1419.31770917937,1357000.0,119846254.0
NGA,Nigeria,Sub-Saharan Africa,Lower middle income,1999,1390.4692113901,1425000.0,123047320.0
NGA,Nigeria,Sub-Saharan Africa,Lower middle income,2000,1421.67987952016,1492000.0,126382494.0
NGA,Nigeria,Sub-Saharan Africa,Lower middle income,2001,1465.45720342369,1753000.0,129862595.0
NGA,Nigeria,Sub-Saharan Africa,Lower middle income,2002,1644.39518877708,2046000.0,133471989.0
NGA,Nigeria,Sub-Saharan Africa,Lower middle income,2003,1717.21451111739,2253000.0,137202644.0
NGA,Nigeria,Sub-Saharan Africa,Lower middle income,2004,1824.80269456838,2646000.0,141057045.0
NGA,Nigeria,Sub-Saharan Africa,Lower middle income,2005,1889.25175325842,2778000.0,145017253.0
NGA,Nigeria,Sub-Saharan Africa,Lower middle income,2006,1949.15856804582,3056000.0,149077334.0
NGA,Nigeria,Sub-Saharan Africa,Lower middle income,2007,2020.83316299437,5239000.0,153267261.0
NGA,Nigeria,Sub-Saharan Africa,Lower middle income,2008,2098.2833922073,5820000.0,157595014.0
NGA,Nigeria,Sub-Saharan Africa,Lower middle income,2009,2204.60725603823,6053000.0,162049464.0
NGA,Nigeria,Sub-Saharan Africa,Lower middle income,2010,2315.46676509642,6113000.0,166642886.0
NGA,Nigeria,Sub-Saharan Africa,Lower middle income,2011,2370.97657091881,3765000.0,171379598.0
NGA,Nigeria,Sub-Saharan Africa,Lower middle income,2012,2403.65387896987,4673000.0,176200625.0
NGA,Nigeria,Sub-Saharan Africa,Lower middle income,2013,2495.34106573862,4038000.0,181049443.0
NGA,Nigeria,Sub-Saharan Africa,Lower middle income,2014,2583.61556958171,4803000.0,185896915.0
NGA,Nigeria,Sub-Saharan Africa,Lower middle income,2015,2585.73360671797,6017000.0,190671878.0
NGA,Nigeria,Sub-Saharan Africa,Lower middle income,2016,2481.81490350403,5265000.0,195443700.0
NGA,Nigeria,Sub-Saharan Africa,Lower middle income,2017,2441.71236404537,,200254579.0
NGA,Nigeria,Sub-Saharan Africa,Lower middle income,2018,2431.77857832597,,204938755.0
NGA,Nigeria,Sub-Saharan Africa,Lower middle income,2019,2431.53528475874,,209485641.0
NGA,Nigeria,Sub-Saharan Africa,Lower middle income,2020,2228.68631426529,,213996181.0
NGA,Nigeria,Sub-Saharan Africa,Lower middle income,2021,2206.66406255564,,218529286.0
NGA,Nigeria,Sub-Saharan Africa,Lower middle income,2022,2254.29080414598,,223150896.0
NGA,Nigeria,Sub-Saharan Africa,Lower middle income,2023,2280.67777167162,,227882945.0
NGA,Nigeria,Sub-Saharan Africa,Lower middle income,2024,2324.59702394542,,232679478.0
NIC,Nicaragua,Latin America & Caribbean,Lower middle income,1980,1850.00093520346,,3252403.0
NIC,Nicaragua,Latin America & Caribbean,Lower middle income,1981,1894.88127210693,,3345674.0
NIC,Nicaragua,Latin America & Caribbean,Lower middle income,1982,1828.54514537516,,3438745.0
NIC,Nicaragua,Latin America & Caribbean,Lower middle income,1983,1863.30005132263,,3530282.0
NIC,Nicaragua,Latin America & Caribbean,Lower middle income,1984,1789.10508553038,,3619104.0
NIC,Nicaragua,Latin America & Caribbean,Lower middle income,1985,1675.6223973461,,3706479.0
NIC,Nicaragua,Latin America & Caribbean,Lower middle income,1986,1620.24861448766,,3794157.0
NIC,Nicaragua,Latin America & Caribbean,Lower middle income,1987,1572.33304244354,,3882164.0
NIC,Nicaragua,Latin America & Caribbean,Lower middle income,1988,1345.33743053301,,3972320.0
NIC,Nicaragua,Latin America & Caribbean,Lower middle income,1989,1291.34380129627,,4066476.0
NIC,Nicaragua,Latin America & Caribbean,Lower middle income,1990,1260.87382799969,,4162559.0
NIC,Nicaragua,Latin America & Caribbean,Lower middle income,1991,1229.80604541878,,4259637.0
NIC,Nicaragua,Latin America & Caribbean,Lower middle income,1992,1206.96231902297,,4357026.0
NIC,Nicaragua,Latin America & Caribbean,Lower middle income,1993,1176.11536055025,,4453732.0
NIC,Nicaragua,Latin America & Caribbean,Lower middle income,1994,1189.83516111818,,4549316.0
NIC,Nicaragua,Latin America & Caribbean,Lower middle income,1995,1234.76828254706,341000.0,4642931.0
NIC,Nicaragua,Latin America & Caribbean,Lower middle income,1996,1288.94097201516,388000.0,4729974.0
NIC,Nicaragua,Latin America & Caribbean,Lower middle income,1997,1317.89046510399,453000.0,4809573.0
NIC,Nicaragua,Latin America & Caribbean,Lower middle income,1998,1346.07276130615,483000.0,4883655.0
NIC,Nicaragua,Latin America & Caribbean,Lower middle income,1999,1420.31830106942,530000.0,4954018.0
NIC,Nicaragua,Latin America & Caribbean,Lower middle income,2000,1458.37490084556,581000.0,5022633.0
NIC,Nicaragua,Latin America & Caribbean,Lower middle income,2001,1482.31517247279,584000.0,5087825.0
NIC,Nicaragua,Latin America & Caribbean,Lower middle income,2002,1475.48635411179,579000.0,5149909.0
NIC,Nicaragua,Latin America & Caribbean,Lower middle income,2003,1494.95618752566,646000.0,5210963.0
NIC,Nicaragua,Latin America & Caribbean,Lower middle income,2004,1555.87425694816,735000.0,5272912.0
NIC,Nicaragua,Latin America & Caribbean,Lower middle income,2005,1601.48770707458,804000.0,5342105.0
NIC,Nicaragua,Latin America & Caribbean,Lower middle income,2006,1644.37193565251,891000.0,5418855.0
NIC,Nicaragua,Latin America & Caribbean,Lower middle income,2007,1703.20780299405,978000.0,5497243.0
NIC,Nicaragua,Latin America & Caribbean,Lower middle income,2008,1736.65740610408,1011000.0,5576593.0
NIC,Nicaragua,Latin America & Caribbean,Lower middle income,2009,1655.72028962416,1010000.0,5656601.0
NIC,Nicaragua,Latin America & Caribbean,Lower middle income,2010,1704.37875049059,1071000.0,5737450.0
NIC,Nicaragua,Latin America & Caribbean,Lower middle income,2011,1786.62863418308,1122000.0,5819051.0
NIC,Nicaragua,Latin America & Caribbean,Lower middle income,2012,1876.1759720149,1233000.0,5901287.0
NIC,Nicaragua,Latin America & Caribbean,Lower middle income,2013,1941.45628552626,1273000.0,5983845.0
NIC,Nicaragua,Latin America & Caribbean,Lower middle income,2014,2006.64869646533,1390000.0,6066492.0
NIC,Nicaragua,Latin America & Caribbean,Lower middle income,2015,2074.45620634731,1456000.0,6149417.0
NIC,Nicaragua,Latin America & Caribbean,Lower middle income,2016,2140.14405941606,1596000.0,6232666.0
NIC,Nicaragua,Latin America & Caribbean,Lower middle income,2017,2209.63273423213,1958000.0,6316231.0
NIC,Nicaragua,Latin America & Caribbean,Lower middle income,2018,2107.3396261623,1412000.0,6400080.0
NIC,Nicaragua,Latin America & Caribbean,Lower middle income,2019,2019.91518620044,1455000.0,6483657.0
NIC,Nicaragua,Latin America & Caribbean,Lower middle income,2020,1950.19181218473,474000.0,6565267.0
NIC,Nicaragua,Latin America & Caribbean,Lower middle income,2021,2128.30880041334,,6644741.0
NIC,Nicaragua,Latin America & Caribbean,Lower middle income,2022,2175.73845893874,,6730654.0
NIC,Nicaragua,Latin America & Caribbean,Lower middle income,2023,2241.1228811163,,6823613.0
NIC,Nicaragua,Latin America & Caribbean,Lower middle income,2024,2290.31991989418,,6916140.0
NLD,Netherlands,Europe & Central Asia,High income,1980,26537.6091767537,,14149800.0
NLD,Netherlands,Europe & Central Asia,High income,1981,26149.6418067245,,14247208.0
NLD,Netherlands,Europe & Central Asia,High income,1982,25707.035535118,,14312690.0
NLD,Netherlands,Europe & Central Asia,High income,1983,26139.8440229261,,14367070.0
NLD,Netherlands,Europe & Central Asia,High income,1984,26833.4395822094,,14424211.0
NLD,Netherlands,Europe & Central Asia,High income,1985,27397.7293863055,,14491632.0
NLD,Netherlands,Europe & Central Asia,High income,1986,28005.4470401859,,14572278.0
NLD,Netherlands,Europe & Central Asia,High income,1987,28365.7413369862,,14665037.0
NLD,Netherlands,Europe & Central Asia,High income,1988,29152.902991327,,14760094.0
NLD,Netherlands,Europe & Central Asia,High income,1989,30259.4216390842,,14848907.0
NLD,Netherlands,Europe & Central Asia,High income,1990,31308.9023923163,,14951510.0
NLD,Netherlands,Europe & Central Asia,High income,1991,31820.8200188143,,15069798.0
NLD,Netherlands,Europe & Central Asia,High income,1992,32119.9405340091,,15184166.0
NLD,Netherlands,Europe & Central Asia,High income,1993,32297.9651797151,,15290368.0
NLD,Netherlands,Europe & Central Asia,High income,1994,33054.4378569838,,15382838.0
NLD,Netherlands,Europe & Central Asia,High income,1995,33916.4887954068,6574000.0,15459006.0
NLD,Netherlands,Europe & Central Asia,High income,1996,34915.1788311903,6580000.0,15530498.0
NLD,Netherlands,Europe & Central Asia,High income,1997,36211.6548633578,7841000.0,15610650.0
NLD,Netherlands,Europe & Central Asia,High income,1998,37661.7102516626,9312000.0,15707209.0
NLD,Netherlands,Europe & Central Asia,High income,1999,39298.7167162926,9874000.0,15812088.0
NLD,Netherlands,Europe & Central Asia,High income,2000,40665.3000211594,10003000.0,15925513.0
NLD,Netherlands,Europe & Central Asia,High income,2001,41297.284710124,9500000.0,16046180.0
NLD,Netherlands,Europe & Central Asia,High income,2002,41135.4020353856,9595000.0,16148929.0
NLD,Netherlands,Europe & Central Asia,High income,2003,40981.839972092,9181000.0,16225302.0
NLD,Netherlands,Europe & Central Asia,High income,2004,41663.1290344572,9646000.0,16281779.0
NLD,Netherlands,Europe & Central Asia,High income,2005,42411.3480862811,10012000.0,16319868.0
NLD,Netherlands,Europe & Central Asia,High income,2006,43841.0915818567,10739000.0,16346101.0
NLD,Netherlands,Europe & Central Asia,High income,2007,45445.542186196,11008000.0,16381696.0
NLD,Netherlands,Europe & Central Asia,High income,2008,46227.1987545514,10104000.0,16445593.0
NLD,Netherlands,Europe & Central Asia,High income,2009,44304.4041948677,9921000.0,16530388.0
NLD,Netherlands,Europe & Central Asia,High income,2010,44659.2793901474,10883000.0,16615394.0
NLD,Netherlands,Europe & Central Asia,High income,2011,45239.7198745589,11300000.0,16693074.0
NLD,Netherlands,Europe & Central Asia,High income,2012,44631.8855633239,11680000.0,16754962.0
NLD,Netherlands,Europe & Central Asia,High income,2013,44487.0378593394,12783000.0,16804432.0
NLD,Netherlands,Europe & Central Asia,High income,2014,45042.0515907444,13925000.0,16865008.0
NLD,Netherlands,Europe & Central Asia,High income,2015,45793.8135434697,15007000.0,16939923.0
NLD,Netherlands,Europe & Central Asia,High income,2016,46655.0340264754,15828000.0,17030314.0
NLD,Netherlands,Europe & Central Asia,High income,2017,47670.0858101833,17924000.0,17131296.0
NLD,Netherlands,Europe & Central Asia,High income,2018,48463.0055608731,18780000.0,17231624.0
NLD,Netherlands,Europe & Central Asia,High income,2019,49254.024789064,20129000.0,17344874.0
NLD,Netherlands,Europe & Central Asia,High income,2020,47086.5674755497,7265000.0,17441500.0
NLD,Netherlands,Europe & Central Asia,High income,2021,49780.8328352542,,17533044.0
NLD,Netherlands,Europe & Central Asia,High income,2022,51777.5314828276,,17700982.0
NLD,Netherlands,Europe & Central Asia,High income,2023,50960.7810305308,,17877117.0
NLD,Netherlands,Europe & Central Asia,High income,2024,51174.8997297902,,17993485.0
NOR,Norway,Europe & Central Asia,High income,1980,40140.624596794,,4085620.0
NOR,Norway,Europe & Central Asia,High income,1981,40672.4843926846,,4099702.0
NOR,Norway,Europe & Central Asia,High income,1982,40621.6222424701,,4114787.0
NOR,Norway,Europe & Central Asia,High income,1983,42082.9236226217,,4128432.0
NOR,Norway,Europe & Central Asia,High income,1984,44513.8993106664,,4140099.0
NOR,Norway,Europe & Central Asia,High income,1985,46848.855504719,,4152516.0
NOR,Norway,Europe & Central Asia,High income,1986,48571.5788151708,,4167354.0
NOR,Norway,Europe & Central Asia,High income,1987,49188.0385044421,,4186905.0
NOR,Norway,Europe & Central Asia,High income,1988,48762.6929680464,,4209488.0
NOR,Norway,Europe & Central Asia,High income,1989,49061.776096194,,4226901.0
NOR,Norway,Europe & Central Asia,High income,1990,49851.0329994152,,4241473.0
NOR,Norway,Europe & Central Asia,High income,1991,51032.3512657967,,4261732.0
NOR,Norway,Europe & Central Asia,High income,1992,52547.0912157066,,4286401.0
NOR,Norway,Europe & Central Asia,High income,1993,53735.9945035246,,4311991.0
NOR,Norway,Europe & Central Asia,High income,1994,56123.4582597097,,4336613.0
NOR,Norway,Europe & Central Asia,High income,1995,58151.5422795873,2880000.0,4359184.0
NOR,Norway,Europe & Central Asia,High income,1996,60732.7551542334,2746000.0,4381336.0
NOR,Norway,Europe & Central Asia,High income,1997,63480.1841751685,2702000.0,4405157.0
NOR,Norway,Europe & Central Asia,High income,1998,64823.4786672121,3256000.0,4431464.0
NOR,Norway,Europe & Central Asia,High income,1999,65786.3001204135,3223000.0,4461913.0
NOR,Norway,Europe & Central Asia,High income,2000,67611.3411021859,3104000.0,4490967.0
NOR,Norway,Europe & Central Asia,High income,2001,68725.4043162798,3073000.0,4513751.0
NOR,Norway,Europe & Central Asia,High income,2002,69352.0430510008,3111000.0,4538159.0
NOR,Norway,Europe & Central Asia,High income,2003,69702.361157641,3269000.0,4564855.0
NOR,Norway,Europe & Central Asia,High income,2004,72292.1208978835,3628000.0,4591910.0
NOR,Norway,Europe & Central Asia,High income,2005,73933.7446235264,3824000.0,4623291.0
NOR,Norway,Europe & Central Asia,High income,2006,75428.8816534082,4070000.0,4660677.0
NOR,Norway,Europe & Central Asia,High income,2007,77205.7545984008,4377000.0,4709153.0
NOR,Norway,Europe & Central Asia,High income,2008,76876.8705028009,4347000.0,4768212.0
NOR,Norway,Europe & Central Asia,High income,2009,74688.7531445371,4346000.0,4828726.0
NOR,Norway,Europe & Central Asia,High income,2010,74505.4313586335,4767000.0,4889252.0
NOR,Norway,Europe & Central Asia,High income,2011,74563.8349085669,4963000.0,4953088.0
NOR,Norway,Europe & Central Asia,High income,2012,75669.0612719716,4538000.0,5018573.0
NOR,Norway,Europe & Central Asia,High income,2013,75711.2410395262,4778000.0,5079623.0
NOR,Norway,Europe & Central Asia,High income,2014,76430.7374974687,4855000.0,5137232.0
NOR,Norway,Europe & Central Asia,High income,2015,77220.9524311414,5361000.0,5188607.0
NOR,Norway,Europe & Central Asia,High income,2016,77532.2750022669,5960000.0,5234519.0
NOR,Norway,Europe & Central Asia,High income,2017,78961.7757906168,6252000.0,5276968.0
NOR,Norway,Europe & Central Asia,High income,2018,79313.2889434042,5688000.0,5311916.0
NOR,Norway,Europe & Central Asia,High income,2019,79937.5097885912,5879000.0,5347896.0
NOR,Norway,Europe & Central Asia,High income,2020,78387.0435023102,1397000.0,5379475.0
NOR,Norway,Europe & Central Asia,High income,2021,81199.3391492139,,5408320.0
NOR,Norway,Europe & Central Asia,High income,2022,83756.7383805061,,5457127.0
NOR,Norway,Europe & Central Asia,High income,2023,83100.7944645872,,5519601.0
NOR,Norway,Europe & Central Asia,High income,2024,83487.1332276928,,5572279.0
NPL,Nepal,South Asia,Lower middle income,1980,334.219179007322,,15553105.0
NPL,Nepal,South Asia,Lower middle income,1981,353.700814105005,,15922423.0
NPL,Nepal,South Asia,Lower middle income,1982,358.609920101425,,16297987.0
NPL,Nepal,South Asia,Lower middle income,1983,339.778376746619,,16689119.0
NPL,Nepal,South Asia,Lower middle income,1984,364.032308849685,,17085242.0
NPL,Nepal,South Asia,Lower middle income,1985,377.725353860231,,17477692.0
NPL,Nepal,South Asia,Lower middle income,1986,386.340559561214,,17868124.0
NPL,Nepal,South Asia,Lower middle income,1987,384.659636696973,,18250505.0
NPL,Nepal,South Asia,Lower middle income,1988,405.638929689076,,18638661.0
NPL,Nepal,South Asia,Lower middle income,1989,413.894023064039,,19057807.0
NPL,Nepal,South Asia,Lower middle income,1990,422.724738575869,,19524573.0
NPL,Nepal,South Asia,Lower middle income,1991,438.15619419594,,20036500.0
NPL,Nepal,South Asia,Lower middle income,1992,443.462044821677,,20609707.0
NPL,Nepal,South Asia,Lower middle income,1993,448.13094087379,,21180159.0
NPL,Nepal,South Asia,Lower middle income,1994,472.951082824345,,21717479.0
NPL,Nepal,South Asia,Lower middle income,1995,477.741099613336,363000.0,22245439.0
NPL,Nepal,South Asia,Lower middle income,1996,492.212428031946,394000.0,22741862.0
NPL,Nepal,South Asia,Lower middle income,1997,506.426874424217,422000.0,23219463.0
NPL,Nepal,South Asia,Lower middle income,1998,511.54871132025,464000.0,23680357.0
NPL,Nepal,South Asia,Lower middle income,1999,524.27256909301,492000.0,24125199.0
NPL,Nepal,South Asia,Lower middle income,2000,547.221082273632,464000.0,24546509.0
NPL,Nepal,South Asia,Lower middle income,2001,564.28622920391,361000.0,24946748.0
NPL,Nepal,South Asia,Lower middle income,2002,556.438454538796,275000.0,25328981.0
NPL,Nepal,South Asia,Lower middle income,2003,570.28967363428,338000.0,25688758.0
NPL,Nepal,South Asia,Lower middle income,2004,589.46992868617,385000.0,26016656.0
NPL,Nepal,South Asia,Lower middle income,2005,603.190108570995,375000.0,26309458.0
NPL,Nepal,South Asia,Lower middle income,2006,617.477638588722,384000.0,26565425.0
NPL,Nepal,South Asia,Lower middle income,2007,633.226129136597,527000.0,26788492.0
NPL,Nepal,South Asia,Lower middle income,2008,666.865095417138,500000.0,26990037.0
NPL,Nepal,South Asia,Lower middle income,2009,692.400000816919,510000.0,27173035.0
NPL,Nepal,South Asia,Lower middle income,2010,721.265221364302,603000.0,27341952.0
NPL,Nepal,South Asia,Lower middle income,2011,742.617252662576,736000.0,27464494.0
NPL,Nepal,South Asia,Lower middle income,2012,775.310578479839,803000.0,27534915.0
NPL,Nepal,South Asia,Lower middle income,2013,801.039060847856,798000.0,27589996.0
NPL,Nepal,South Asia,Lower middle income,2014,846.665541773599,790000.0,27672370.0
NPL,Nepal,South Asia,Lower middle income,2015,875.543635474862,539000.0,27823629.0
NPL,Nepal,South Asia,Lower middle income,2016,875.188943730855,753000.0,27955462.0
NPL,Nepal,South Asia,Lower middle income,2017,951.857298563641,940000.0,28011258.0
NPL,Nepal,South Asia,Lower middle income,2018,1021.91492204011,1173000.0,28079689.0
NPL,Nepal,South Asia,Lower middle income,2019,1077.11796498188,1197000.0,28414064.0
NPL,Nepal,South Asia,Lower middle income,2020,1031.53618783934,230000.0,28966574.0
NPL,Nepal,South Asia,Lower middle income,2021,1062.7888430629,,29475010.0
NPL,Nepal,South Asia,Lower middle income,2022,1113.55462341223,,29715436.0
NPL,Nepal,South Asia,Lower middle income,2023,1136.4276931197,,29694614.0
NPL,Nepal,South Asia,Lower middle income,2024,1179.95499311034,,29651054.0
NRU,Naoero,East Asia & Pacific,High income,1980,34662.1759396181,,7649.0
NRU,Naoero,East Asia & Pacific,High income,1981,32869.3601050747,,7839.0
NRU,Naoero,East Asia & Pacific,High income,1982,31144.9255525497,,8040.0
NRU,Naoero,East Asia & Pacific,High income,1983,29619.2697084151,,8216.0
NRU,Naoero,East Asia & Pacific,High income,1984,28231.7429896562,,8377.0
NRU,Naoero,East Asia & Pacific,High income,1985,26878.234178397,,8551.0
NRU,Naoero,East Asia & Pacific,High income,1986,25550.4332223009,,8742.0
NRU,Naoero,East Asia & Pacific,High income,1987,24264.5145128641,,8946.0
NRU,Naoero,East Asia & Pacific,High income,1988,23017.5695398506,,9165.0
NRU,Naoero,East Asia & Pacific,High income,1989,21833.2189717035,,9390.0
NRU,Naoero,East Asia & Pacific,High income,1990,20706.6309011684,,9622.0
NRU,Naoero,East Asia & Pacific,High income,1991,16385.3907599423,,9850.0
NRU,Naoero,East Asia & Pacific,High income,1992,13486.9440398913,,10021.0
NRU,Naoero,East Asia & Pacific,High income,1993,11222.4924165458,,10102.0
NRU,Naoero,East Asia & Pacific,High income,1994,10751.3677180067,,10137.0
NRU,Naoero,East Asia & Pacific,High income,1995,9872.21990191669,,10165.0
NRU,Naoero,East Asia & Pacific,High income,1996,8686.03582792511,,10183.0
NRU,Naoero,East Asia & Pacific,High income,1997,7897.46665184584,,10197.0
NRU,Naoero,East Asia & Pacific,High income,1998,6965.8305020692,,10198.0
NRU,Naoero,East Asia & Pacific,High income,1999,6515.32854617119,,10187.0
NRU,Naoero,East Asia & Pacific,High income,2000,6079.9670062498,,10168.0
NRU,Naoero,East Asia & Pacific,High income,2001,5690.157298319,,10130.0
NRU,Naoero,East Asia & Pacific,High income,2002,5147.16201696177,,10082.0
NRU,Naoero,East Asia & Pacific,High income,2003,5173.61228781975,,10059.0
NRU,Naoero,East Asia & Pacific,High income,2004,4949.8909692212,,10060.0
NRU,Naoero,East Asia & Pacific,High income,2005,4955.30929946913,,10049.0
NRU,Naoero,East Asia & Pacific,High income,2006,5382.10161869099,,10034.0
NRU,Naoero,East Asia & Pacific,High income,2007,4199.70508141733,,10020.0
NRU,Naoero,East Asia & Pacific,High income,2008,5045.18472364491,,10009.0
NRU,Naoero,East Asia & Pacific,High income,2009,4761.56658392323,,10016.0
NRU,Naoero,East Asia & Pacific,High income,2010,4748.76539924078,,10043.0
NRU,Naoero,East Asia & Pacific,High income,2011,5417.44487923767,,10098.0
NRU,Naoero,East Asia & Pacific,High income,2012,6626.18317072945,,10267.0
NRU,Naoero,East Asia & Pacific,High income,2013,6735.42128061862,,10517.0
NRU,Naoero,East Asia & Pacific,High income,2014,7638.99065218892,,10742.0
NRU,Naoero,East Asia & Pacific,High income,2015,7747.25584993607,,10954.0
NRU,Naoero,East Asia & Pacific,High income,2016,7925.5779662048,,11150.0
NRU,Naoero,East Asia & Pacific,High income,2017,7308.31758516515,,11324.0
NRU,Naoero,East Asia & Pacific,High income,2018,7149.78109138393,,11477.0
NRU,Naoero,East Asia & Pacific,High income,2019,7687.19643322519,,11587.0
NRU,Naoero,East Asia & Pacific,High income,2020,7770.69883784016,,11643.0
NRU,Naoero,East Asia & Pacific,High income,2021,8325.88214663427,,11709.0
NRU,Naoero,East Asia & Pacific,High income,2022,8260.97398991108,,11801.0
NRU,Naoero,East Asia & Pacific,High income,2023,8150.43396263948,,11875.0
NRU,Naoero,East Asia & Pacific,High income,2024,8218.72476802021,,11947.0
NZL,New Zealand,East Asia & Pacific,High income,1980,23386.9182653647,,3112900.0
NZL,New Zealand,East Asia & Pacific,High income,1981,24381.7421797248,,3124900.0
NZL,New Zealand,East Asia & Pacific,High income,1982,24365.1461840714,,3156100.0
NZL,New Zealand,East Asia & Pacific,High income,1983,24875.3726430216,,3199300.0
NZL,New Zealand,East Asia & Pacific,High income,1984,25843.014090163,,3227100.0
NZL,New Zealand,East Asia & Pacific,High income,1985,26098.7180996912,,3247100.0
NZL,New Zealand,East Asia & Pacific,High income,1986,26813.4528237392,,3246300.0
NZL,New Zealand,East Asia & Pacific,High income,1987,26839.2140438143,,3274400.0
NZL,New Zealand,East Asia & Pacific,High income,1988,26676.0826100035,,3283400.0
NZL,New Zealand,East Asia & Pacific,High income,1989,26592.054624787,,3299200.0
NZL,New Zealand,East Asia & Pacific,High income,1990,26383.7472178844,,3329800.0
NZL,New Zealand,East Asia & Pacific,High income,1991,24865.5042514483,,3495100.0
NZL,New Zealand,East Asia & Pacific,High income,1992,24878.7289857361,,3531700.0
NZL,New Zealand,East Asia & Pacific,High income,1993,26166.825450812,,3572200.0
NZL,New Zealand,East Asia & Pacific,High income,1994,27141.2086609657,,3620000.0
NZL,New Zealand,East Asia & Pacific,High income,1995,28013.5837412609,1409000.0,3673400.0
NZL,New Zealand,East Asia & Pacific,High income,1996,28563.8412321497,1529000.0,3732000.0
NZL,New Zealand,East Asia & Pacific,High income,1997,28776.5479198966,1497000.0,3781300.0
NZL,New Zealand,East Asia & Pacific,High income,1998,28766.2686680046,1485000.0,3815000.0
NZL,New Zealand,East Asia & Pacific,High income,1999,30155.9191339983,1607000.0,3835100.0
NZL,New Zealand,East Asia & Pacific,High income,2000,30839.2953866092,1787000.0,3857700.0
NZL,New Zealand,East Asia & Pacific,High income,2001,31705.2483531253,1909000.0,3880500.0
NZL,New Zealand,East Asia & Pacific,High income,2002,32628.4322594563,2045000.0,3948500.0
NZL,New Zealand,East Asia & Pacific,High income,2003,33502.6490755696,2104000.0,4027200.0
NZL,New Zealand,East Asia & Pacific,High income,2004,34358.6289046143,2334000.0,4087500.0
NZL,New Zealand,East Asia & Pacific,High income,2005,35112.0769481474,2366000.0,4133900.0
NZL,New Zealand,East Asia & Pacific,High income,2006,35649.0258495224,2409000.0,4184600.0
NZL,New Zealand,East Asia & Pacific,High income,2007,36400.0153308952,2455000.0,4223800.0
NZL,New Zealand,East Asia & Pacific,High income,2008,35722.2274262581,2483000.0,4259800.0
NZL,New Zealand,East Asia & Pacific,High income,2009,35352.6428453692,2473000.0,4302600.0
NZL,New Zealand,East Asia & Pacific,High income,2010,35476.3713609154,2530000.0,4350700.0
NZL,New Zealand,East Asia & Pacific,High income,2011,35961.911959259,2617000.0,4384000.0
NZL,New Zealand,East Asia & Pacific,High income,2012,36588.819747177,2574000.0,4408100.0
NZL,New Zealand,East Asia & Pacific,High income,2013,37240.0279166822,2710000.0,4442100.0
NZL,New Zealand,East Asia & Pacific,High income,2014,38025.4674998632,2854000.0,4516500.0
NZL,New Zealand,East Asia & Pacific,High income,2015,38648.7302562109,3129000.0,4609400.0
NZL,New Zealand,East Asia & Pacific,High income,2016,39205.0341298225,3494000.0,4714100.0
NZL,New Zealand,East Asia & Pacific,High income,2017,39667.6884236272,3723000.0,4813600.0
NZL,New Zealand,East Asia & Pacific,High income,2018,40257.9139260803,3858000.0,4900600.0
NZL,New Zealand,East Asia & Pacific,High income,2019,40615.7266946543,3888000.0,4970300.0
NZL,New Zealand,East Asia & Pacific,High income,2020,39702.3112090418,996000.0,5072400.0
NZL,New Zealand,East Asia & Pacific,High income,2021,41309.8198451344,,5084600.0
NZL,New Zealand,East Asia & Pacific,High income,2022,42716.0866783034,,5081700.0
NZL,New Zealand,East Asia & Pacific,High income,2023,42501.4932044968,,5200000.0
NZL,New Zealand,East Asia & Pacific,High income,2024,41415.4670639187,,5290000.0
OMN,Oman,"Middle East, North Africa, Afghanistan & Pakistan",High income,1980,12406.641239648,,1001248.0
OMN,Oman,"Middle East, North Africa, Afghanistan & Pakistan",High income,1981,13751.4981915284,,1057320.0
OMN,Oman,"Middle East, North Africa, Afghanistan & Pakistan",High income,1982,14513.9813596912,,1117678.0
OMN,Oman,"Middle East, North Africa, Afghanistan & Pakistan",High income,1983,16018.8528993149,,1181459.0
OMN,Oman,"Middle East, North Africa, Afghanistan & Pakistan",High income,1984,17703.059313537,,1247716.0
OMN,Oman,"Middle East, North Africa, Afghanistan & Pakistan",High income,1985,18998.6682034202,,1325480.0
OMN,Oman,"Middle East, North Africa, Afghanistan & Pakistan",High income,1986,18173.3411741214,,1413419.0
OMN,Oman,"Middle East, North Africa, Afghanistan & Pakistan",High income,1987,16524.1793523574,,1500996.0
OMN,Oman,"Middle East, North Africa, Afghanistan & Pakistan",High income,1988,16544.4404102283,,1588568.0
OMN,Oman,"Middle East, North Africa, Afghanistan & Pakistan",High income,1989,17522.6182543769,,1676228.0
OMN,Oman,"Middle East, North Africa, Afghanistan & Pakistan",High income,1990,16629.4556601528,,1763954.0
OMN,Oman,"Middle East, North Africa, Afghanistan & Pakistan",High income,1991,16805.7218402658,,1851473.0
OMN,Oman,"Middle East, North Africa, Afghanistan & Pakistan",High income,1992,17404.1314569504,,1938238.0
OMN,Oman,"Middle East, North Africa, Afghanistan & Pakistan",High income,1993,17694.1605143981,,2021675.0
OMN,Oman,"Middle East, North Africa, Afghanistan & Pakistan",High income,1994,17848.8187662711,,2081834.0
OMN,Oman,"Middle East, North Africa, Afghanistan & Pakistan",High income,1995,18398.7242065917,,2120528.0
OMN,Oman,"Middle East, North Africa, Afghanistan & Pakistan",High income,1996,18639.2039411697,,2156926.0
OMN,Oman,"Middle East, North Africa, Afghanistan & Pakistan",High income,1997,19458.9266441148,,2190720.0
OMN,Oman,"Middle East, North Africa, Afghanistan & Pakistan",High income,1998,19167.755471589,,2222489.0
OMN,Oman,"Middle East, North Africa, Afghanistan & Pakistan",High income,1999,18965.2142322448,,2252909.0
OMN,Oman,"Middle East, North Africa, Afghanistan & Pakistan",High income,2000,19881.7364316776,,2282131.0
OMN,Oman,"Middle East, North Africa, Afghanistan & Pakistan",High income,2001,20546.0554077598,1095000.0,2310217.0
OMN,Oman,"Middle East, North Africa, Afghanistan & Pakistan",High income,2002,20150.1131971413,1112000.0,2337140.0
OMN,Oman,"Middle East, North Africa, Afghanistan & Pakistan",High income,2003,19485.6441506077,1210000.0,2363796.0
OMN,Oman,"Middle East, North Africa, Afghanistan & Pakistan",High income,2004,19534.8601445269,1407000.0,2404821.0
OMN,Oman,"Middle East, North Africa, Afghanistan & Pakistan",High income,2005,19629.0451546015,1101000.0,2459802.0
OMN,Oman,"Middle East, North Africa, Afghanistan & Pakistan",High income,2006,20096.3965576134,1385000.0,2514795.0
OMN,Oman,"Middle East, North Africa, Afghanistan & Pakistan",High income,2007,20642.7489563377,1360000.0,2570174.0
OMN,Oman,"Middle East, North Africa, Afghanistan & Pakistan",High income,2008,22007.7338963517,1540000.0,2626529.0
OMN,Oman,"Middle East, North Africa, Afghanistan & Pakistan",High income,2009,22819.1977324647,1584000.0,2684659.0
OMN,Oman,"Middle East, North Africa, Afghanistan & Pakistan",High income,2010,22766.0503620721,1500000.0,2757446.0
OMN,Oman,"Middle East, North Africa, Afghanistan & Pakistan",High income,2011,20993.9079436935,1393000.0,3076763.0
OMN,Oman,"Middle East, North Africa, Afghanistan & Pakistan",High income,2012,19824.1215485946,1714000.0,3547106.0
OMN,Oman,"Middle East, North Africa, Afghanistan & Pakistan",High income,2013,19299.9400516869,1923000.0,3833913.0
OMN,Oman,"Middle East, North Africa, Afghanistan & Pakistan",High income,2014,18726.2026946971,2225000.0,4002439.0
OMN,Oman,"Middle East, North Africa, Afghanistan & Pakistan",High income,2015,18808.3077921839,2634000.0,4184895.0
OMN,Oman,"Middle East, North Africa, Afghanistan & Pakistan",High income,2016,18830.6057208608,3207000.0,4390877.0
OMN,Oman,"Middle East, North Africa, Afghanistan & Pakistan",High income,2017,18277.945563615,3178000.0,4537396.0
OMN,Oman,"Middle East, North Africa, Afghanistan & Pakistan",High income,2018,18269.6769435562,3242000.0,4597877.0
OMN,Oman,"Middle East, North Africa, Afghanistan & Pakistan",High income,2019,18089.586668488,3506000.0,4591241.0
OMN,Oman,"Middle East, North Africa, Afghanistan & Pakistan",High income,2020,17743.8858800477,869000.0,4522497.0
OMN,Oman,"Middle East, North Africa, Afghanistan & Pakistan",High income,2021,18291.3387983888,,4500424.0
OMN,Oman,"Middle East, North Africa, Afghanistan & Pakistan",High income,2022,18792.4460565306,,4730226.0
OMN,Oman,"Middle East, North Africa, Afghanistan & Pakistan",High income,2023,17853.9644897801,,5049269.0
OMN,Oman,"Middle East, North Africa, Afghanistan & Pakistan",High income,2024,17347.2911298513,,5281538.0
PAK,Pakistan,"Middle East, North Africa, Afghanistan & Pakistan",Lower middle income,1980,729.775997454804,,82291010.0
PAK,Pakistan,"Middle East, North Africa, Afghanistan & Pakistan",Lower middle income,1981,755.351886399493,,85802049.0
PAK,Pakistan,"Middle East, North Africa, Afghanistan & Pakistan",Lower middle income,1982,775.040043703995,,89089246.0
PAK,Pakistan,"Middle East, North Africa, Afghanistan & Pakistan",Lower middle income,1983,799.413201289567,,92227711.0
PAK,Pakistan,"Middle East, North Africa, Afghanistan & Pakistan",Lower middle income,1984,813.98181157513,,95164936.0
PAK,Pakistan,"Middle East, North Africa, Afghanistan & Pakistan",Lower middle income,1985,848.459508815423,,98229285.0
PAK,Pakistan,"Middle East, North Africa, Afghanistan & Pakistan",Lower middle income,1986,865.38378020321,,101606764.0
PAK,Pakistan,"Middle East, North Africa, Afghanistan & Pakistan",Lower middle income,1987,890.342222772156,,105130717.0
PAK,Pakistan,"Middle East, North Africa, Afghanistan & Pakistan",Lower middle income,1988,926.557789336634,,108724739.0
PAK,Pakistan,"Middle East, North Africa, Afghanistan & Pakistan",Lower middle income,1989,941.244309440788,,112336629.0
PAK,Pakistan,"Middle East, North Africa, Afghanistan & Pakistan",Lower middle income,1990,950.884644833285,,116155576.0
PAK,Pakistan,"Middle East, North Africa, Afghanistan & Pakistan",Lower middle income,1991,966.522495703734,,120060406.0
PAK,Pakistan,"Middle East, North Africa, Afghanistan & Pakistan",Lower middle income,1992,1011.6250844611,,123546848.0
PAK,Pakistan,"Middle East, North Africa, Afghanistan & Pakistan",Lower middle income,1993,1001.25854820003,,127020117.0
PAK,Pakistan,"Middle East, North Africa, Afghanistan & Pakistan",Lower middle income,1994,1009.06429520182,,130748083.0
PAK,Pakistan,"Middle East, North Africa, Afghanistan & Pakistan",Lower middle income,1995,1028.96592446155,378000.0,134582253.0
PAK,Pakistan,"Middle East, North Africa, Afghanistan & Pakistan",Lower middle income,1996,1047.88663514614,369000.0,138557092.0
PAK,Pakistan,"Middle East, North Africa, Afghanistan & Pakistan",Lower middle income,1997,1028.99804758369,375000.0,142531804.0
PAK,Pakistan,"Middle East, North Africa, Afghanistan & Pakistan",Lower middle income,1998,1026.50033720969,429000.0,146522356.0
PAK,Pakistan,"Middle East, North Africa, Afghanistan & Pakistan",Lower middle income,1999,1035.49888206288,432000.0,150565377.0
PAK,Pakistan,"Middle East, North Africa, Afghanistan & Pakistan",Lower middle income,2000,1049.54229686852,557000.0,154879127.0
PAK,Pakistan,"Middle East, North Africa, Afghanistan & Pakistan",Lower middle income,2001,1057.86767778646,500000.0,159270907.0
PAK,Pakistan,"Middle East, North Africa, Afghanistan & Pakistan",Lower middle income,2002,1059.04171024589,498000.0,163222549.0
PAK,Pakistan,"Middle East, North Africa, Afghanistan & Pakistan",Lower middle income,2003,1090.27523993746,501000.0,167110248.0
PAK,Pakistan,"Middle East, North Africa, Afghanistan & Pakistan",Lower middle income,2004,1146.99632842666,648000.0,171286000.0
PAK,Pakistan,"Middle East, North Africa, Afghanistan & Pakistan",Lower middle income,2005,1201.23359367214,798000.0,175453212.0
PAK,Pakistan,"Middle East, North Africa, Afghanistan & Pakistan",Lower middle income,2006,1243.94142602543,898000.0,179682690.0
PAK,Pakistan,"Middle East, North Africa, Afghanistan & Pakistan",Lower middle income,2007,1265.35567539842,840000.0,184493231.0
PAK,Pakistan,"Middle East, North Africa, Afghanistan & Pakistan",Lower middle income,2008,1258.05188934452,823000.0,189499113.0
PAK,Pakistan,"Middle East, North Africa, Afghanistan & Pakistan",Lower middle income,2009,1269.07432116444,855000.0,194376534.0
PAK,Pakistan,"Middle East, North Africa, Afghanistan & Pakistan",Lower middle income,2010,1256.69482201323,907000.0,199239047.0
PAK,Pakistan,"Middle East, North Africa, Afghanistan & Pakistan",Lower middle income,2011,1261.83161907857,1161000.0,203746065.0
PAK,Pakistan,"Middle East, North Africa, Afghanistan & Pakistan",Lower middle income,2012,1275.48806898966,966000.0,207667125.0
PAK,Pakistan,"Middle East, North Africa, Afghanistan & Pakistan",Lower middle income,2013,1309.70080446386,,211073978.0
PAK,Pakistan,"Middle East, North Africa, Afghanistan & Pakistan",Lower middle income,2014,1343.30778121043,,214264647.0
PAK,Pakistan,"Middle East, North Africa, Afghanistan & Pakistan",Lower middle income,2015,1380.47020838317,,217290883.0
PAK,Pakistan,"Middle East, North Africa, Afghanistan & Pakistan",Lower middle income,2016,1452.18658269177,,220138869.0
PAK,Pakistan,"Middle East, North Africa, Afghanistan & Pakistan",Lower middle income,2017,1495.26187528032,,223273967.0
PAK,Pakistan,"Middle East, North Africa, Afghanistan & Pakistan",Lower middle income,2018,1561.68169819559,,226928892.0
PAK,Pakistan,"Middle East, North Africa, Afghanistan & Pakistan",Lower middle income,2019,1573.8330826937,,230800899.0
PAK,Pakistan,"Middle East, North Africa, Afghanistan & Pakistan",Lower middle income,2020,1526.00597486307,,235001746.0
PAK,Pakistan,"Middle East, North Africa, Afghanistan & Pakistan",Lower middle income,2021,1595.02792175422,,239477801.0
PAK,Pakistan,"Middle East, North Africa, Afghanistan & Pakistan",Lower middle income,2022,1642.28066974826,,243700667.0
PAK,Pakistan,"Middle East, North Africa, Afghanistan & Pakistan",Lower middle income,2023,1610.33122837537,,247504495.0
PAK,Pakistan,"Middle East, North Africa, Afghanistan & Pakistan",Lower middle income,2024,1635.08731167091,,251269164.0
PAN,Panama,Latin America & Caribbean,High income,1980,5288.474557208,,1957534.0
PAN,Panama,Latin America & Caribbean,High income,1981,5640.28641679043,,2004418.0
PAN,Panama,Latin America & Caribbean,High income,1982,5803.40555090203,,2052271.0
PAN,Panama,Latin America & Caribbean,High income,1983,5413.92590021182,,2101106.0
PAN,Panama,Latin America & Caribbean,High income,1984,5432.18286435842,,2150782.0
PAN,Panama,Latin America & Caribbean,High income,1985,5570.80309068112,,2200915.0
PAN,Panama,Latin America & Caribbean,High income,1986,5640.36989319688,,2251325.0
PAN,Panama,Latin America & Caribbean,High income,1987,5416.48516426817,,2301970.0
PAN,Panama,Latin America & Caribbean,High income,1988,4590.31309186722,,2352848.0
PAN,Panama,Latin America & Caribbean,High income,1989,4563.16882343936,,2403820.0
PAN,Panama,Latin America & Caribbean,High income,1990,4828.75878297145,,2455583.0
PAN,Panama,Latin America & Caribbean,High income,1991,5172.60691959995,,2508265.0
PAN,Panama,Latin America & Caribbean,High income,1992,5480.880622945,,2561336.0
PAN,Panama,Latin America & Caribbean,High income,1993,5661.07625832598,,2615099.0
PAN,Panama,Latin America & Caribbean,High income,1994,5703.67338985136,,2669546.0
PAN,Panama,Latin America & Caribbean,High income,1995,5686.40441004349,417000.0,2724557.0
PAN,Panama,Latin America & Caribbean,High income,1996,5799.88560096133,443000.0,2780227.0
PAN,Panama,Latin America & Caribbean,High income,1997,6122.6466478841,504000.0,2836695.0
PAN,Panama,Latin America & Caribbean,High income,1998,6504.97011881774,529000.0,2893914.0
PAN,Panama,Latin America & Caribbean,High income,1999,6709.72276088415,555000.0,2951822.0
PAN,Panama,Latin America & Caribbean,High income,2000,6856.14919005847,600000.0,3010369.0
PAN,Panama,Latin America & Caribbean,High income,2001,6787.86267897348,737000.0,3069537.0
PAN,Panama,Latin America & Caribbean,High income,2002,6825.17747437166,800000.0,3129344.0
PAN,Panama,Latin America & Caribbean,High income,2003,7037.08165700349,897000.0,3189807.0
PAN,Panama,Latin America & Caribbean,High income,2004,7468.76593139801,1004000.0,3251155.0
PAN,Panama,Latin America & Caribbean,High income,2005,7935.87135060821,1070000.0,3313026.0
PAN,Panama,Latin America & Caribbean,High income,2006,8557.9801770364,1215000.0,3375024.0
PAN,Panama,Latin America & Caribbean,High income,2007,9507.64641073854,1428000.0,3437490.0
PAN,Panama,Latin America & Caribbean,High income,2008,10288.1549911493,1575000.0,3500648.0
PAN,Panama,Latin America & Caribbean,High income,2009,10267.0633151993,1562000.0,3564381.0
PAN,Panama,Latin America & Caribbean,High income,2010,10698.0717633911,1726000.0,3628535.0
PAN,Panama,Latin America & Caribbean,High income,2011,11761.4988547604,2004000.0,3693505.0
PAN,Panama,Latin America & Caribbean,High income,2012,12668.2945474105,2086000.0,3759256.0
PAN,Panama,Latin America & Caribbean,High income,2013,13236.8306754449,2202000.0,3825329.0
PAN,Panama,Latin America & Caribbean,High income,2014,13611.5490809559,2305000.0,3892101.0
PAN,Panama,Latin America & Caribbean,High income,2015,14082.6548502728,2553000.0,3960035.0
PAN,Panama,Latin America & Caribbean,High income,2016,14474.1243636349,2379000.0,4029086.0
PAN,Panama,Latin America & Caribbean,High income,2017,15045.5456426827,2517000.0,4098707.0
PAN,Panama,Latin America & Caribbean,High income,2018,15375.6500855703,2487000.0,4167860.0
PAN,Panama,Latin America & Caribbean,High income,2019,15602.5315209709,2494000.0,4234700.0
PAN,Panama,Latin America & Caribbean,High income,2020,12647.0914227279,647000.0,4293261.0
PAN,Panama,Latin America & Caribbean,High income,2021,14552.9345271768,,4345405.0
PAN,Panama,Latin America & Caribbean,High income,2022,15956.0671087873,,4400773.0
PAN,Panama,Latin America & Caribbean,High income,2023,16877.1543425646,,4458759.0
PAN,Panama,Latin America & Caribbean,High income,2024,17122.7168795289,,4515577.0
PER,Peru,Latin America & Caribbean,Upper middle income,1980,3797.43621611508,,17360949.0
PER,Peru,Latin America & Caribbean,Upper middle income,1981,3909.66676934412,,17798805.0
PER,Peru,Latin America & Caribbean,Upper middle income,1982,3805.24470888803,,18246503.0
PER,Peru,Latin America & Caribbean,Upper middle income,1983,3325.45532400634,,18705957.0
PER,Peru,Latin America & Caribbean,Upper middle income,1984,3361.21738023781,,19174716.0
PER,Peru,Latin America & Caribbean,Upper middle income,1985,3347.82743034644,,19648204.0
PER,Peru,Latin America & Caribbean,Upper middle income,1986,3578.0009133316,,20117122.0
PER,Peru,Latin America & Caribbean,Upper middle income,1987,3837.26769850321,,20582320.0
PER,Peru,Latin America & Caribbean,Upper middle income,1988,3397.01630742059,,21054702.0
PER,Peru,Latin America & Caribbean,Upper middle income,1989,2912.6643430804,,21532589.0
PER,Peru,Latin America & Caribbean,Upper middle income,1990,2706.92253156841,,22014771.0
PER,Peru,Latin America & Caribbean,Upper middle income,1991,2709.27754515647,,22483775.0
PER,Peru,Latin America & Caribbean,Upper middle income,1992,2640.31373880219,,22946340.0
PER,Peru,Latin America & Caribbean,Upper middle income,1993,2723.2842310292,,23413783.0
PER,Peru,Latin America & Caribbean,Upper middle income,1994,2998.57693125514,,23881493.0
PER,Peru,Latin America & Caribbean,Upper middle income,1995,3158.98338644792,,24348919.0
PER,Peru,Latin America & Caribbean,Upper middle income,1996,3186.90077024092,,24811171.0
PER,Peru,Latin America & Caribbean,Upper middle income,1997,3331.15151093297,,25274147.0
PER,Peru,Latin America & Caribbean,Upper middle income,1998,3258.29746206218,,25738095.0
PER,Peru,Latin America & Caribbean,Upper middle income,1999,3250.37802318947,,26186504.0
PER,Peru,Latin America & Caribbean,Upper middle income,2000,3286.27308475523,,26598331.0
PER,Peru,Latin America & Caribbean,Upper middle income,2001,3261.6642505136,,26964601.0
PER,Peru,Latin America & Caribbean,Upper middle income,2002,3398.74991419297,,27288217.0
PER,Peru,Latin America & Caribbean,Upper middle income,2003,3502.79165687646,,27580490.0
PER,Peru,Latin America & Caribbean,Upper middle income,2004,3640.60299869744,1650000.0,27852190.0
PER,Peru,Latin America & Caribbean,Upper middle income,2005,3835.13219279722,1938000.0,28101180.0
PER,Peru,Latin America & Caribbean,Upper middle income,2006,4091.36268615581,2227000.0,28324491.0
PER,Peru,Latin America & Caribbean,Upper middle income,2007,4407.79121686416,2451000.0,28530699.0
PER,Peru,Latin America & Caribbean,Upper middle income,2008,4778.52642172313,2581000.0,28719041.0
PER,Peru,Latin America & Caribbean,Upper middle income,2009,4801.17153740507,2681000.0,28896811.0
PER,Peru,Latin America & Caribbean,Upper middle income,2010,5167.39259325937,2948000.0,29086019.0
PER,Peru,Latin America & Caribbean,Upper middle income,2011,5453.45718713631,3299000.0,29304086.0
PER,Peru,Latin America & Caribbean,Upper middle income,2012,5740.04346272472,3642000.0,29550366.0
PER,Peru,Latin America & Caribbean,Upper middle income,2013,6021.46142765232,4010000.0,29817919.0
PER,Peru,Latin America & Caribbean,Upper middle income,2014,6103.91864749969,4062000.0,30115826.0
PER,Peru,Latin America & Caribbean,Upper middle income,2015,6231.71150338894,4381000.0,30457600.0
PER,Peru,Latin America & Caribbean,Upper middle income,2016,6392.25474941014,4718000.0,30866494.0
PER,Peru,Latin America & Caribbean,Upper middle income,2017,6457.41940254721,4992000.0,31324637.0
PER,Peru,Latin America & Caribbean,Upper middle income,2018,6593.14437459526,5384000.0,31897584.0
PER,Peru,Latin America & Caribbean,Upper middle income,2019,6626.26083494969,5275000.0,32449303.0
PER,Peru,Latin America & Caribbean,Upper middle income,2020,5831.83024758521,1119000.0,32838579.0
PER,Peru,Latin America & Caribbean,Upper middle income,2021,6550.96747543872,,33155882.0
PER,Peru,Latin America & Caribbean,Upper middle income,2022,6671.28902042137,,33475438.0
PER,Peru,Latin America & Caribbean,Upper middle income,2023,6575.18295502228,,33845617.0
PER,Peru,Latin America & Caribbean,Upper middle income,2024,6732.27773809578,,34217848.0
PHL,Philippines,East Asia & Pacific,Upper middle income,1980,1867.56862352125,,48043740.0
PHL,Philippines,East Asia & Pacific,Upper middle income,1981,1881.81520256172,,49311727.0
PHL,Philippines,East Asia & Pacific,Upper middle income,1982,1898.13930580212,,50695707.0
PHL,Philippines,East Asia & Pacific,Upper middle income,1983,1878.60173410166,,52194620.0
PHL,Philippines,East Asia & Pacific,Upper middle income,1984,1696.57673822151,,53726181.0
PHL,Philippines,East Asia & Pacific,Upper middle income,1985,1537.66555840437,,55213006.0
PHL,Philippines,East Asia & Pacific,Upper middle income,1986,1551.40892775445,,56645077.0
PHL,Philippines,East Asia & Pacific,Upper middle income,1987,1576.97337027736,,58157496.0
PHL,Philippines,East Asia & Pacific,Upper middle income,1988,1638.03682404026,,59739052.0
PHL,Philippines,East Asia & Pacific,Upper middle income,1989,1696.00236347127,,61265260.0
PHL,Philippines,East Asia & Pacific,Upper middle income,1990,1704.07568899121,,62854666.0
PHL,Philippines,East Asia & Pacific,Upper middle income,1991,1656.38349704781,,64382249.0
PHL,Philippines,East Asia & Pacific,Upper middle income,1992,1624.34939806129,,65926125.0
PHL,Philippines,East Asia & Pacific,Upper middle income,1993,1620.35505833942,,67530621.0
PHL,Philippines,East Asia & Pacific,Upper middle income,1994,1654.74613902838,,69019291.0
PHL,Philippines,East Asia & Pacific,Upper middle income,1995,1693.80873081644,1760000.0,70546246.0
PHL,Philippines,East Asia & Pacific,Upper middle income,1996,1752.23800104559,2049000.0,72190242.0
PHL,Philippines,East Asia & Pacific,Upper middle income,1997,1800.25913137613,2223000.0,73908810.0
PHL,Philippines,East Asia & Pacific,Upper middle income,1998,1746.52590513282,2149000.0,75791024.0
PHL,Philippines,East Asia & Pacific,Upper middle income,1999,1759.42105225652,2171000.0,77753257.0
PHL,Philippines,East Asia & Pacific,Upper middle income,2000,1793.34761146436,1992000.0,79625397.0
PHL,Philippines,East Asia & Pacific,Upper middle income,2001,1807.70892524758,1797000.0,81401488.0
PHL,Philippines,East Asia & Pacific,Upper middle income,2002,1837.25429286854,1933000.0,83068889.0
PHL,Philippines,East Asia & Pacific,Upper middle income,2003,1892.82161995051,1907000.0,84731835.0
PHL,Philippines,East Asia & Pacific,Upper middle income,2004,1978.34489133113,2291000.0,86394504.0
PHL,Philippines,East Asia & Pacific,Upper middle income,2005,2037.8776605946,2623000.0,88015962.0
PHL,Philippines,East Asia & Pacific,Upper middle income,2006,2110.42044781284,2843000.0,89508986.0
PHL,Philippines,East Asia & Pacific,Upper middle income,2007,2209.34651083329,3092000.0,91075184.0
PHL,Philippines,East Asia & Pacific,Upper middle income,2008,2264.9462907288,3139000.0,92699095.0
PHL,Philippines,East Asia & Pacific,Upper middle income,2009,2256.72554835463,3017000.0,94384250.0
PHL,Philippines,East Asia & Pacific,Upper middle income,2010,2373.14312064664,3520000.0,96337125.0
PHL,Philippines,East Asia & Pacific,Upper middle income,2011,2416.75212064542,3917000.0,98248614.0
PHL,Philippines,East Asia & Pacific,Upper middle income,2012,2533.74141964959,4273000.0,100175512.0
PHL,Philippines,East Asia & Pacific,Upper middle income,2013,2654.41506933978,4681000.0,102076336.0
PHL,Philippines,East Asia & Pacific,Upper middle income,2014,2776.92005909479,4833000.0,103767130.0
PHL,Philippines,East Asia & Pacific,Upper middle income,2015,2909.85818010301,5361000.0,105312992.0
PHL,Philippines,East Asia & Pacific,Upper middle income,2016,3076.3374186759,5967000.0,106735719.0
PHL,Philippines,East Asia & Pacific,Upper middle income,2017,3247.4503878362,6621000.0,108119693.0
PHL,Philippines,East Asia & Pacific,Upper middle income,2018,3410.93647976109,7168000.0,109465287.0
PHL,Philippines,East Asia & Pacific,Upper middle income,2019,3575.88170922922,8261000.0,110804683.0
PHL,Philippines,East Asia & Pacific,Upper middle income,2020,3198.66690008413,1483000.0,112081264.0
PHL,Philippines,East Asia & Pacific,Upper middle income,2021,3350.97587587776,,113100950.0
PHL,Philippines,East Asia & Pacific,Upper middle income,2022,3577.70136573244,,113964338.0
PHL,Philippines,East Asia & Pacific,Upper middle income,2023,3744.69763802686,,114891199.0
PHL,Philippines,East Asia & Pacific,Upper middle income,2024,3926.14900894495,,115843670.0
PLW,Palau,East Asia & Pacific,High income,1980,12072.0875292275,,12271.0
PLW,Palau,East Asia & Pacific,High income,1981,11899.882079637,,12402.0
PLW,Palau,East Asia & Pacific,High income,1982,11582.6500026437,,12694.0
PLW,Palau,East Asia & Pacific,High income,1983,11523.2042458531,,13006.0
PLW,Palau,East Asia & Pacific,High income,1984,11756.6032846059,,13337.0
PLW,Palau,East Asia & Pacific,High income,1985,12077.8887489268,,13688.0
PLW,Palau,East Asia & Pacific,High income,1986,12429.3988970436,,14024.0
PLW,Palau,East Asia & Pacific,High income,1987,12821.7006648603,,14334.0
PLW,Palau,East Asia & Pacific,High income,1988,13231.67012091,,14645.0
PLW,Palau,East Asia & Pacific,High income,1989,13670.963657321,,14945.0
PLW,Palau,East Asia & Pacific,High income,1990,14117.5711002162,,15259.0
PLW,Palau,East Asia & Pacific,High income,1991,14473.3492441159,,15614.0
PLW,Palau,East Asia & Pacific,High income,1992,13229.3220919377,,15989.0
PLW,Palau,East Asia & Pacific,High income,1993,11330.6949085817,,16372.0
PLW,Palau,East Asia & Pacific,High income,1994,11869.3000771999,,16770.0
PLW,Palau,East Asia & Pacific,High income,1995,12837.708188873,53000.0,17195.0
PLW,Palau,East Asia & Pacific,High income,1996,13804.33934348,69000.0,17654.0
PLW,Palau,East Asia & Pacific,High income,1997,13767.7795410714,74000.0,18108.0
PLW,Palau,East Asia & Pacific,High income,1998,13727.7611804865,64000.0,18524.0
PLW,Palau,East Asia & Pacific,High income,1999,12727.4358812353,55000.0,18901.0
PLW,Palau,East Asia & Pacific,High income,2000,12216.9793626185,58000.0,19178.0
PLW,Palau,East Asia & Pacific,High income,2001,12996.5090361666,54000.0,19352.0
PLW,Palau,East Asia & Pacific,High income,2002,13503.9227174315,59000.0,19503.0
PLW,Palau,East Asia & Pacific,High income,2003,13111.7142001123,63000.0,19659.0
PLW,Palau,East Asia & Pacific,High income,2004,13456.8137686422,89000.0,19820.0
PLW,Palau,East Asia & Pacific,High income,2005,13845.7172322875,81000.0,19819.0
PLW,Palau,East Asia & Pacific,High income,2006,14037.3706523634,82000.0,19593.0
PLW,Palau,East Asia & Pacific,High income,2007,14346.8995831129,88000.0,19302.0
PLW,Palau,East Asia & Pacific,High income,2008,13759.0034121669,81000.0,19009.0
PLW,Palau,East Asia & Pacific,High income,2009,13113.5786666921,71000.0,18709.0
PLW,Palau,East Asia & Pacific,High income,2010,12933.0676102142,85000.0,18396.0
PLW,Palau,East Asia & Pacific,High income,2011,13758.7587383152,111000.0,18078.0
PLW,Palau,East Asia & Pacific,High income,2012,14289.7833891839,120000.0,17765.0
PLW,Palau,East Asia & Pacific,High income,2013,14184.0449521037,108000.0,17648.0
PLW,Palau,East Asia & Pacific,High income,2014,14725.8436432778,140000.0,17715.0
PLW,Palau,East Asia & Pacific,High income,2015,15938.3652222848,162000.0,17770.0
PLW,Palau,East Asia & Pacific,High income,2016,16179.3959628749,138000.0,17797.0
PLW,Palau,East Asia & Pacific,High income,2017,15612.6700180498,123000.0,17812.0
PLW,Palau,East Asia & Pacific,High income,2018,15545.7219371676,106000.0,17814.0
PLW,Palau,East Asia & Pacific,High income,2019,15606.4827634374,94000.0,17798.0
PLW,Palau,East Asia & Pacific,High income,2020,14673.8845975778,18399.9996185303,17792.0
PLW,Palau,East Asia & Pacific,High income,2021,12932.0857060233,,17783.0
PLW,Palau,East Asia & Pacific,High income,2022,12889.6216058288,,17759.0
PLW,Palau,East Asia & Pacific,High income,2023,13070.7944502154,,17727.0
PLW,Palau,East Asia & Pacific,High income,2024,14666.5457772703,,17695.0
PNG,Papua New Guinea,East Asia & Pacific,Lower middle income,1980,2077.58361339529,,3131512.0
PNG,Papua New Guinea,East Asia & Pacific,Lower middle income,1981,2029.42105281099,,3197019.0
PNG,Papua New Guinea,East Asia & Pacific,Lower middle income,1982,1994.61292972615,,3264291.0
PNG,Papua New Guinea,East Asia & Pacific,Lower middle income,1983,2016.07588072498,,3333633.0
PNG,Papua New Guinea,East Asia & Pacific,Lower middle income,1984,1966.70397098497,,3405198.0
PNG,Papua New Guinea,East Asia & Pacific,Lower middle income,1985,2002.02298435765,,3478936.0
PNG,Papua New Guinea,East Asia & Pacific,Lower middle income,1986,2051.25221816556,,3554793.0
PNG,Papua New Guinea,East Asia & Pacific,Lower middle income,1987,2062.9612180845,,3632543.0
PNG,Papua New Guinea,East Asia & Pacific,Lower middle income,1988,2077.6016087929,,3711880.0
PNG,Papua New Guinea,East Asia & Pacific,Lower middle income,1989,2002.68081599173,,3796078.0
PNG,Papua New Guinea,East Asia & Pacific,Lower middle income,1990,1892.30679279448,,3896481.0
PNG,Papua New Guinea,East Asia & Pacific,Lower middle income,1991,2008.35151943089,,4021837.0
PNG,Papua New Guinea,East Asia & Pacific,Lower middle income,1992,2206.99633305172,,4166699.0
PNG,Papua New Guinea,East Asia & Pacific,Lower middle income,1993,2515.6383945071,,4320872.0
PNG,Papua New Guinea,East Asia & Pacific,Lower middle income,1994,2570.33691061958,,4480208.0
PNG,Papua New Guinea,East Asia & Pacific,Lower middle income,1995,2397.40045298857,,4644278.0
PNG,Papua New Guinea,East Asia & Pacific,Lower middle income,1996,2492.07962762784,,4813361.0
PNG,Papua New Guinea,East Asia & Pacific,Lower middle income,1997,2310.98773975643,,4987883.0
PNG,Papua New Guinea,East Asia & Pacific,Lower middle income,1998,2147.04526266919,,5166390.0
PNG,Papua New Guinea,East Asia & Pacific,Lower middle income,1999,2112.0950973955,,5349333.0
PNG,Papua New Guinea,East Asia & Pacific,Lower middle income,2000,1989.57882204274,,5537064.0
PNG,Papua New Guinea,East Asia & Pacific,Lower middle income,2001,1920.78003889393,,5728435.0
PNG,Papua New Guinea,East Asia & Pacific,Lower middle income,2002,1854.41831737462,,5924003.0
PNG,Papua New Guinea,East Asia & Pacific,Lower middle income,2003,1832.67870314447,,6123997.0
PNG,Papua New Guinea,East Asia & Pacific,Lower middle income,2004,1821.84741071002,,6328041.0
PNG,Papua New Guinea,East Asia & Pacific,Lower middle income,2005,1875.82273480514,,6535905.0
PNG,Papua New Guinea,East Asia & Pacific,Lower middle income,2006,1915.2349405788,,6747720.0
PNG,Papua New Guinea,East Asia & Pacific,Lower middle income,2007,2000.9726186689,,6963345.0
PNG,Papua New Guinea,East Asia & Pacific,Lower middle income,2008,1934.03201558753,120000.0,7183002.0
PNG,Papua New Guinea,East Asia & Pacific,Lower middle income,2009,2003.24109727039,126000.0,7406438.0
PNG,Papua New Guinea,East Asia & Pacific,Lower middle income,2010,2140.50939027384,146000.0,7633523.0
PNG,Papua New Guinea,East Asia & Pacific,Lower middle income,2011,2102.03192060639,165000.0,7859346.0
PNG,Papua New Guinea,East Asia & Pacific,Lower middle income,2012,2139.48096660428,175000.0,8081390.0
PNG,Papua New Guinea,East Asia & Pacific,Lower middle income,2013,2162.10592595591,182000.0,8302698.0
PNG,Papua New Guinea,East Asia & Pacific,Lower middle income,2014,2391.3578028163,191000.0,8523441.0
PNG,Papua New Guinea,East Asia & Pacific,Lower middle income,2015,2484.5963398603,199000.0,8743246.0
PNG,Papua New Guinea,East Asia & Pacific,Lower middle income,2016,2557.09463030035,198000.0,8961718.0
PNG,Papua New Guinea,East Asia & Pacific,Lower middle income,2017,2584.8883636271,182000.0,9178714.0
PNG,Papua New Guinea,East Asia & Pacific,Lower middle income,2018,2518.45899317321,195000.0,9394513.0
PNG,Papua New Guinea,East Asia & Pacific,Lower middle income,2019,2572.56177967896,211000.0,9609010.0
PNG,Papua New Guinea,East Asia & Pacific,Lower middle income,2020,2438.61137922293,39000.0,9815746.0
PNG,Papua New Guinea,East Asia & Pacific,Lower middle income,2021,2378.3893914666,,10012896.0
PNG,Papua New Guinea,East Asia & Pacific,Lower middle income,2022,2467.24008628973,,10203169.0
PNG,Papua New Guinea,East Asia & Pacific,Lower middle income,2023,2515.28575096589,,10389635.0
PNG,Papua New Guinea,East Asia & Pacific,Lower middle income,2024,2566.91067057792,,10576502.0
POL,Poland,Europe & Central Asia,High income,1980,,,35574150.0
POL,Poland,Europe & Central Asia,High income,1981,,,35898587.0
POL,Poland,Europe & Central Asia,High income,1982,,,36230481.0
POL,Poland,Europe & Central Asia,High income,1983,,,36571808.0
POL,Poland,Europe & Central Asia,High income,1984,,,36904134.0
POL,Poland,Europe & Central Asia,High income,1985,,,37201885.0
POL,Poland,Europe & Central Asia,High income,1986,,,37456119.0
POL,Poland,Europe & Central Asia,High income,1987,,,37668045.0
POL,Poland,Europe & Central Asia,High income,1988,,,37824487.0
POL,Poland,Europe & Central Asia,High income,1989,,,37961529.0
POL,Poland,Europe & Central Asia,High income,1990,5111.3453296443,,38110782.0
POL,Poland,Europe & Central Asia,High income,1991,4735.9276980893,,38246193.0
POL,Poland,Europe & Central Asia,High income,1992,4840.16858549117,,38363667.0
POL,Poland,Europe & Central Asia,High income,1993,5008.34908886395,,38461408.0
POL,Poland,Europe & Central Asia,High income,1994,5262.31523522496,,38542652.0
POL,Poland,Europe & Central Asia,High income,1995,5671.89573674798,82244000.0,38594998.0
POL,Poland,Europe & Central Asia,High income,1996,6012.95806433166,87439000.0,38624370.0
POL,Poland,Europe & Central Asia,High income,1997,6391.13172823376,87817000.0,38649660.0
POL,Poland,Europe & Central Asia,High income,1998,6684.11477782234,88592000.0,38663481.0
POL,Poland,Europe & Central Asia,High income,1999,6998.79475144289,89118000.0,38660271.0
POL,Poland,Europe & Central Asia,High income,2000,7401.57697647848,84515000.0,38258629.0
POL,Poland,Europe & Central Asia,High income,2001,7494.96089503246,61431000.0,38248076.0
POL,Poland,Europe & Central Asia,High income,2002,7640.99307757777,50735000.0,38230364.0
POL,Poland,Europe & Central Asia,High income,2003,7915.55424389704,52130000.0,38204570.0
POL,Poland,Europe & Central Asia,High income,2004,8323.38773754587,61918000.0,38182222.0
POL,Poland,Europe & Central Asia,High income,2005,8598.57681241557,64606000.0,38165445.0
POL,Poland,Europe & Central Asia,High income,2006,9137.65850849801,65115000.0,38141267.0
POL,Poland,Europe & Central Asia,High income,2007,9760.7042604352,66208000.0,38120560.0
POL,Poland,Europe & Central Asia,High income,2008,10187.2017910883,59935000.0,38125759.0
POL,Poland,Europe & Central Asia,High income,2009,10446.5289138524,53840000.0,38151603.0
POL,Poland,Europe & Central Asia,High income,2010,10808.3975674238,58340000.0,38042794.0
POL,Poland,Europe & Central Asia,High income,2011,11370.313427173,60745000.0,38063255.0
POL,Poland,Europe & Central Asia,High income,2012,11542.2353368014,67390000.0,38063164.0
POL,Poland,Europe & Central Asia,High income,2013,11628.2286809525,72310000.0,38040196.0
POL,Poland,Europe & Central Asia,High income,2014,12093.1622787394,73750000.0,38011735.0
POL,Poland,Europe & Central Asia,High income,2015,12637.5220324406,77743000.0,37986412.0
POL,Poland,Europe & Central Asia,High income,2016,13026.1858988718,80476000.0,37970087.0
POL,Poland,Europe & Central Asia,High income,2017,13695.6452848724,83804000.0,37974826.0
POL,Poland,Europe & Central Asia,High income,2018,14551.0850277089,85946000.0,37974750.0
POL,Poland,Europe & Central Asia,High income,2019,15221.3090624454,88515000.0,37965475.0
POL,Poland,Europe & Central Asia,High income,2020,15090.2228440113,,37515748.0
POL,Poland,Europe & Central Asia,High income,2021,16368.6239689025,,36981559.0
POL,Poland,Europe & Central Asia,High income,2022,17303.64494323,,36821749.0
POL,Poland,Europe & Central Asia,High income,2023,17410.3830137066,,36687353.0
POL,Poland,Europe & Central Asia,High income,2024,18000.5034591285,,36559233.0
PRI,Puerto Rico (US),Latin America & Caribbean,High income,1980,16329.153469581,,3206000.0
PRI,Puerto Rico (US),Latin America & Caribbean,High income,1981,16330.4184264981,,3242552.0
PRI,Puerto Rico (US),Latin America & Caribbean,High income,1982,15905.0194229893,,3277453.0
PRI,Puerto Rico (US),Latin America & Caribbean,High income,1983,15374.5117759022,,3311138.0
PRI,Puerto Rico (US),Latin America & Caribbean,High income,1984,16125.056991684,,3344190.0
PRI,Puerto Rico (US),Latin America & Caribbean,High income,1985,16463.0021217712,,3377000.0
PRI,Puerto Rico (US),Latin America & Caribbean,High income,1986,17117.4157619962,,3409554.0
PRI,Puerto Rico (US),Latin America & Caribbean,High income,1987,17935.0349328595,,3441850.0
PRI,Puerto Rico (US),Latin America & Caribbean,High income,1988,18815.9165317687,,3473898.0
PRI,Puerto Rico (US),Latin America & Caribbean,High income,1989,19453.7669223263,,3505650.0
PRI,Puerto Rico (US),Latin America & Caribbean,High income,1990,18733.6452536405,,3537000.0
PRI,Puerto Rico (US),Latin America & Caribbean,High income,1991,19030.2415359969,,3562110.0
PRI,Puerto Rico (US),Latin America & Caribbean,High income,1992,19770.7684693589,,3585176.0
PRI,Puerto Rico (US),Latin America & Caribbean,High income,1993,20515.5207259978,,3615497.0
PRI,Puerto Rico (US),Latin America & Caribbean,High income,1994,21176.6701749814,,3649237.0
PRI,Puerto Rico (US),Latin America & Caribbean,High income,1995,21936.4179114827,4087000.0,3683103.0
PRI,Puerto Rico (US),Latin America & Caribbean,High income,1996,22193.5791326619,4110000.0,3724655.0
PRI,Puerto Rico (US),Latin America & Caribbean,High income,1997,23061.3344942222,4350000.0,3759430.0
PRI,Puerto Rico (US),Latin America & Caribbean,High income,1998,24197.3097487888,4671000.0,3781101.0
PRI,Puerto Rico (US),Latin America & Caribbean,High income,1999,25374.101701053,4221000.0,3800081.0
PRI,Puerto Rico (US),Latin America & Caribbean,High income,2000,26131.9630643584,4566000.0,3810605.0
PRI,Puerto Rico (US),Latin America & Caribbean,High income,2001,27722.3671872748,4908000.0,3818774.0
PRI,Puerto Rico (US),Latin America & Caribbean,High income,2002,27940.3826219734,4364000.0,3823701.0
PRI,Puerto Rico (US),Latin America & Caribbean,High income,2003,27937.8165922567,4402000.0,3826095.0
PRI,Puerto Rico (US),Latin America & Caribbean,High income,2004,30375.7895758237,4889000.0,3826878.0
PRI,Puerto Rico (US),Latin America & Caribbean,High income,2005,29815.216422231,5073000.0,3821362.0
PRI,Puerto Rico (US),Latin America & Caribbean,High income,2006,29519.7386759729,5022000.0,3805214.0
PRI,Puerto Rico (US),Latin America & Caribbean,High income,2007,29347.8460041613,5062000.0,3782995.0
PRI,Puerto Rico (US),Latin America & Caribbean,High income,2008,28976.1310520159,5213000.0,3760866.0
PRI,Puerto Rico (US),Latin America & Caribbean,High income,2009,28565.767919549,4415000.0,3740410.0
PRI,Puerto Rico (US),Latin America & Caribbean,High income,2010,28569.5077088001,4379000.0,3724465.0
PRI,Puerto Rico (US),Latin America & Caribbean,High income,2011,28706.0207514856,4214000.0,3693464.0
PRI,Puerto Rico (US),Latin America & Caribbean,High income,2012,28968.6942131352,4197000.0,3661045.0
PRI,Puerto Rico (US),Latin America & Caribbean,High income,2013,29115.3549161996,4210000.0,3631427.0
PRI,Puerto Rico (US),Latin America & Caribbean,High income,2014,29141.2038639816,4456000.0,3585017.0
PRI,Puerto Rico (US),Latin America & Caribbean,High income,2015,29242.041465085,5051000.0,3535167.0
PRI,Puerto Rico (US),Latin America & Caribbean,High income,2016,29326.5748761873,5003000.0,3480432.0
PRI,Puerto Rico (US),Latin America & Caribbean,High income,2017,29061.5563802711,4927000.0,3410837.0
PRI,Puerto Rico (US),Latin America & Caribbean,High income,2018,28808.8518638025,4260000.0,3290690.0
PRI,Puerto Rico (US),Latin America & Caribbean,High income,2019,29185.0969964707,4931000.0,3302691.0
PRI,Puerto Rico (US),Latin America & Caribbean,High income,2020,28144.713741876,3882000.0,3281591.0
PRI,Puerto Rico (US),Latin America & Caribbean,High income,2021,28416.4489370346,,3262731.0
PRI,Puerto Rico (US),Latin America & Caribbean,High income,2022,29643.6396279994,,3220148.0
PRI,Puerto Rico (US),Latin America & Caribbean,High income,2023,30012.9055109463,,3203794.0
PRI,Puerto Rico (US),Latin America & Caribbean,High income,2024,30978.7473320338,,3202521.0
PRK,"Korea, Dem. People's Rep.",East Asia & Pacific,Low income,1980,,,18236786.0
PRK,"Korea, Dem. People's Rep.",East Asia & Pacific,Low income,1981,,,18501295.0
PRK,"Korea, Dem. People's Rep.",East Asia & Pacific,Low income,1982,,,18776357.0
PRK,"Korea, Dem. People's Rep.",East Asia & Pacific,Low income,1983,,,19054034.0
PRK,"Korea, Dem. People's Rep.",East Asia & Pacific,Low income,1984,,,19335043.0
PRK,"Korea, Dem. People's Rep.",East Asia & Pacific,Low income,1985,,,19620388.0
PRK,"Korea, Dem. People's Rep.",East Asia & Pacific,Low income,1986,,,19910855.0
PRK,"Korea, Dem. People's Rep.",East Asia & Pacific,Low income,1987,,,20205483.0
PRK,"Korea, Dem. People's Rep.",East Asia & Pacific,Low income,1988,,,20503161.0
PRK,"Korea, Dem. People's Rep.",East Asia & Pacific,Low income,1989,,,20804367.0
PRK,"Korea, Dem. People's Rep.",East Asia & Pacific,Low income,1990,,,21112137.0
PRK,"Korea, Dem. People's Rep.",East Asia & Pacific,Low income,1991,,,21428638.0
PRK,"Korea, Dem. People's Rep.",East Asia & Pacific,Low income,1992,,,21750911.0
PRK,"Korea, Dem. People's Rep.",East Asia & Pacific,Low income,1993,,,22073352.0
PRK,"Korea, Dem. People's Rep.",East Asia & Pacific,Low income,1994,,,22393975.0
PRK,"Korea, Dem. People's Rep.",East Asia & Pacific,Low income,1995,,,22669304.0
PRK,"Korea, Dem. People's Rep.",East Asia & Pacific,Low income,1996,,,22895746.0
PRK,"Korea, Dem. People's Rep.",East Asia & Pacific,Low income,1997,,,23110830.0
PRK,"Korea, Dem. People's Rep.",East Asia & Pacific,Low income,1998,,,23311564.0
PRK,"Korea, Dem. People's Rep.",East Asia & Pacific,Low income,1999,,,23497599.0
PRK,"Korea, Dem. People's Rep.",East Asia & Pacific,Low income,2000,,,23665910.0
PRK,"Korea, Dem. People's Rep.",East Asia & Pacific,Low income,2001,,,23815358.0
PRK,"Korea, Dem. People's Rep.",East Asia & Pacific,Low income,2002,,,23943973.0
PRK,"Korea, Dem. People's Rep.",East Asia & Pacific,Low income,2003,,,24090380.0
PRK,"Korea, Dem. People's Rep.",East Asia & Pacific,Low income,2004,,,24254943.0
PRK,"Korea, Dem. People's Rep.",East Asia & Pacific,Low income,2005,,,24396433.0
PRK,"Korea, Dem. People's Rep.",East Asia & Pacific,Low income,2006,,,24524507.0
PRK,"Korea, Dem. People's Rep.",East Asia & Pacific,Low income,2007,,,24646383.0
PRK,"Korea, Dem. People's Rep.",East Asia & Pacific,Low income,2008,,,24764618.0
PRK,"Korea, Dem. People's Rep.",East Asia & Pacific,Low income,2009,,,24878332.0
PRK,"Korea, Dem. People's Rep.",East Asia & Pacific,Low income,2010,,,24987258.0
PRK,"Korea, Dem. People's Rep.",East Asia & Pacific,Low income,2011,,,25097874.0
PRK,"Korea, Dem. People's Rep.",East Asia & Pacific,Low income,2012,,,25211728.0
PRK,"Korea, Dem. People's Rep.",East Asia & Pacific,Low income,2013,,,25329451.0
PRK,"Korea, Dem. People's Rep.",East Asia & Pacific,Low income,2014,,,25451262.0
PRK,"Korea, Dem. People's Rep.",East Asia & Pacific,Low income,2015,,,25575350.0
PRK,"Korea, Dem. People's Rep.",East Asia & Pacific,Low income,2016,,,25698326.0
PRK,"Korea, Dem. People's Rep.",East Asia & Pacific,Low income,2017,,,25817709.0
PRK,"Korea, Dem. People's Rep.",East Asia & Pacific,Low income,2018,,,25931147.0
PRK,"Korea, Dem. People's Rep.",East Asia & Pacific,Low income,2019,,,26037632.0
PRK,"Korea, Dem. People's Rep.",East Asia & Pacific,Low income,2020,,,26136312.0
PRK,"Korea, Dem. People's Rep.",East Asia & Pacific,Low income,2021,,,26232534.0
PRK,"Korea, Dem. People's Rep.",East Asia & Pacific,Low income,2022,,,26328845.0
PRK,"Korea, Dem. People's Rep.",East Asia & Pacific,Low income,2023,,,26418204.0
PRK,"Korea, Dem. People's Rep.",East Asia & Pacific,Low income,2024,,,26498823.0
PRT,Portugal,Europe & Central Asia,High income,1980,10832.5268441458,,9766312.0
PRT,Portugal,Europe & Central Asia,High income,1981,10912.7743508823,,9851362.0
PRT,Portugal,Europe & Central Asia,High income,1982,11077.8729596103,,9911771.0
PRT,Portugal,Europe & Central Asia,High income,1983,11007.5061325594,,9957865.0
PRT,Portugal,Europe & Central Asia,High income,1984,10759.1130776416,,9996232.0
PRT,Portugal,Europe & Central Asia,High income,1985,11030.9534416691,,10023613.0
PRT,Portugal,Europe & Central Asia,High income,1986,11477.2965980764,,10032734.0
PRT,Portugal,Europe & Central Asia,High income,1987,12212.9985072923,,10030031.0
PRT,Portugal,Europe & Central Asia,High income,1988,13141.2966199784,,10019610.0
PRT,Portugal,Europe & Central Asia,High income,1989,14008.1059570799,,10005000.0
PRT,Portugal,Europe & Central Asia,High income,1990,14593.2706053569,,9983218.0
PRT,Portugal,Europe & Central Asia,High income,1991,15265.8793018366,,9960235.0
PRT,Portugal,Europe & Central Asia,High income,1992,15444.2006161246,,9952494.0
PRT,Portugal,Europe & Central Asia,High income,1993,15110.1392558339,,9964675.0
PRT,Portugal,Europe & Central Asia,High income,1994,15214.9307536408,,9991525.0
PRT,Portugal,Europe & Central Asia,High income,1995,15811.7171369279,9511000.0,10026176.0
PRT,Portugal,Europe & Central Asia,High income,1996,16304.3794463959,9730000.0,10063945.0
PRT,Portugal,Europe & Central Asia,High income,1997,16946.086865108,10172000.0,10108977.0
PRT,Portugal,Europe & Central Asia,High income,1998,17671.3135082912,11295000.0,10160196.0
PRT,Portugal,Europe & Central Asia,High income,1999,18258.0911720943,11632000.0,10217828.0
PRT,Portugal,Europe & Central Asia,High income,2000,18822.0933092937,12097000.0,10289898.0
PRT,Portugal,Europe & Central Asia,High income,2001,19053.089945659,12167000.0,10362722.0
PRT,Portugal,Europe & Central Asia,High income,2002,19095.1102477398,11644000.0,10419631.0
PRT,Portugal,Europe & Central Asia,High income,2003,18846.5411893632,11707000.0,10458821.0
PRT,Portugal,Europe & Central Asia,High income,2004,19137.8370898949,10639000.0,10483861.0
PRT,Portugal,Europe & Central Asia,High income,2005,19251.71450683,10612000.0,10503330.0
PRT,Portugal,Europe & Central Asia,High income,2006,19529.3122100477,11282000.0,10522288.0
PRT,Portugal,Europe & Central Asia,High income,2007,19979.5706280792,6788000.0,10542964.0
PRT,Portugal,Europe & Central Asia,High income,2008,20014.4749330004,6962000.0,10558177.0
PRT,Portugal,Europe & Central Asia,High income,2009,19371.1318876855,6439000.0,10568247.0
PRT,Portugal,Europe & Central Asia,High income,2010,19698.6836791397,6756000.0,10573100.0
PRT,Portugal,Europe & Central Asia,High income,2011,19389.6395896162,7264000.0,10557560.0
PRT,Portugal,Europe & Central Asia,High income,2012,18679.7626789594,7503000.0,10514844.0
PRT,Portugal,Europe & Central Asia,High income,2013,18597.7214623964,9177000.0,10457295.0
PRT,Portugal,Europe & Central Asia,High income,2014,18836.8967978906,10497000.0,10401062.0
PRT,Portugal,Europe & Central Asia,High income,2015,19215.7813014347,11723000.0,10358076.0
PRT,Portugal,Europe & Central Asia,High income,2016,19662.82312462,13359000.0,10325452.0
PRT,Portugal,Europe & Central Asia,High income,2017,20364.1962735946,15432000.0,10300300.0
PRT,Portugal,Europe & Central Asia,High income,2018,20997.7745987013,16186000.0,10283822.0
PRT,Portugal,Europe & Central Asia,High income,2019,21569.1874752919,17283000.0,10286263.0
PRT,Portugal,Europe & Central Asia,High income,2020,19778.7139525722,4208000.0,10297081.0
PRT,Portugal,Europe & Central Asia,High income,2021,20747.6990734163,,10361831.0
PRT,Portugal,Europe & Central Asia,High income,2022,22042.8680283647,,10434332.0
PRT,Portugal,Europe & Central Asia,High income,2023,22417.1634060906,,10578174.0
PRT,Portugal,Europe & Central Asia,High income,2024,22663.993126225,,10694681.0
PRY,Paraguay,Latin America & Caribbean,Upper middle income,1980,3592.56127303015,,3053235.0
PRY,Paraguay,Latin America & Caribbean,Upper middle income,1981,3816.55409047898,,3137604.0
PRY,Paraguay,Latin America & Caribbean,Upper middle income,1982,3659.88259197454,,3226189.0
PRY,Paraguay,Latin America & Caribbean,Upper middle income,1983,3450.26584009734,,3318068.0
PRY,Paraguay,Latin America & Caribbean,Upper middle income,1984,3448.83908839232,,3412936.0
PRY,Paraguay,Latin America & Caribbean,Upper middle income,1985,3504.47829642444,,3510671.0
PRY,Paraguay,Latin America & Caribbean,Upper middle income,1986,3575.79690422229,,3611474.0
PRY,Paraguay,Latin America & Caribbean,Upper middle income,1987,3739.83410213482,,3714889.0
PRY,Paraguay,Latin America & Caribbean,Upper middle income,1988,3851.51631859871,,3820546.0
PRY,Paraguay,Latin America & Caribbean,Upper middle income,1989,4006.15999912344,,3927802.0
PRY,Paraguay,Latin America & Caribbean,Upper middle income,1990,4059.77343113311,,4035747.0
PRY,Paraguay,Latin America & Caribbean,Upper middle income,1991,4091.49044786451,,4144364.0
PRY,Paraguay,Latin America & Caribbean,Upper middle income,1992,4054.04426060844,,4253600.0
PRY,Paraguay,Latin America & Caribbean,Upper middle income,1993,4147.78440621564,,4362696.0
PRY,Paraguay,Latin America & Caribbean,Upper middle income,1994,4262.14495791711,,4471417.0
PRY,Paraguay,Latin America & Caribbean,Upper middle income,1995,4445.18978188914,15678000.0,4579806.0
PRY,Paraguay,Latin America & Caribbean,Upper middle income,1996,4411.37280078232,12868000.0,4687543.0
PRY,Paraguay,Latin America & Caribbean,Upper middle income,1997,4496.02336469138,10955000.0,4794412.0
PRY,Paraguay,Latin America & Caribbean,Upper middle income,1998,4402.11110078249,9818000.0,4900025.0
PRY,Paraguay,Latin America & Caribbean,Upper middle income,1999,4252.49065726668,6569000.0,5003135.0
PRY,Paraguay,Latin America & Caribbean,Upper middle income,2000,4074.48953320404,3924000.0,5100868.0
PRY,Paraguay,Latin America & Caribbean,Upper middle income,2001,3972.88427866686,3550000.0,5187689.0
PRY,Paraguay,Latin America & Caribbean,Upper middle income,2002,3916.4402230868,3194000.0,5261328.0
PRY,Paraguay,Latin America & Caribbean,Upper middle income,2003,4035.71833919883,2859000.0,5326436.0
PRY,Paraguay,Latin America & Caribbean,Upper middle income,2004,4151.34584799368,2589000.0,5388175.0
PRY,Paraguay,Latin America & Caribbean,Upper middle income,2005,4193.2808652562,2648000.0,5448097.0
PRY,Paraguay,Latin America & Caribbean,Upper middle income,2006,4349.31197066182,2830000.0,5505148.0
PRY,Paraguay,Latin America & Caribbean,Upper middle income,2007,4540.38235899198,3005000.0,5559386.0
PRY,Paraguay,Latin America & Caribbean,Upper middle income,2008,4788.6631877791,3118000.0,5613574.0
PRY,Paraguay,Latin America & Caribbean,Upper middle income,2009,4727.59685811395,3183000.0,5671236.0
PRY,Paraguay,Latin America & Caribbean,Upper middle income,2010,5191.05014254402,3171000.0,5737971.0
PRY,Paraguay,Latin America & Caribbean,Upper middle income,2011,5342.19015717376,3365000.0,5814626.0
PRY,Paraguay,Latin America & Caribbean,Upper middle income,2012,5230.26244858764,3655000.0,5897008.0
PRY,Paraguay,Latin America & Caribbean,Upper middle income,2013,5583.12274473463,3538000.0,5982445.0
PRY,Paraguay,Latin America & Caribbean,Upper middle income,2014,5794.4764468976,3455000.0,6069811.0
PRY,Paraguay,Latin America & Caribbean,Upper middle income,2015,5879.33792308671,4102000.0,6159103.0
PRY,Paraguay,Latin America & Caribbean,Upper middle income,2016,6041.95879367268,4318000.0,6249126.0
PRY,Paraguay,Latin America & Caribbean,Upper middle income,2017,6243.13363139058,4744000.0,6338660.0
PRY,Paraguay,Latin America & Caribbean,Upper middle income,2018,6354.2392005297,4183000.0,6427382.0
PRY,Paraguay,Latin America & Caribbean,Upper middle income,2019,6243.53620897773,4368000.0,6515058.0
PRY,Paraguay,Latin America & Caribbean,Upper middle income,2020,6109.19608100615,1077000.0,6603739.0
PRY,Paraguay,Latin America & Caribbean,Upper middle income,2021,6276.7748423663,,6684182.0
PRY,Paraguay,Latin America & Caribbean,Upper middle income,2022,6204.20811531911,,6760464.0
PRY,Paraguay,Latin America & Caribbean,Upper middle income,2023,6452.28566840034,,6844146.0
PRY,Paraguay,Latin America & Caribbean,Upper middle income,2024,6670.6995656958,,6929153.0
PSE,West Bank and Gaza,"Middle East, North Africa, Afghanistan & Pakistan",Lower middle income,1980,,,
PSE,West Bank and Gaza,"Middle East, North Africa, Afghanistan & Pakistan",Lower middle income,1981,,,
PSE,West Bank and Gaza,"Middle East, North Africa, Afghanistan & Pakistan",Lower middle income,1982,,,
PSE,West Bank and Gaza,"Middle East, North Africa, Afghanistan & Pakistan",Lower middle income,1983,,,
PSE,West Bank and Gaza,"Middle East, North Africa, Afghanistan & Pakistan",Lower middle income,1984,,,
PSE,West Bank and Gaza,"Middle East, North Africa, Afghanistan & Pakistan",Lower middle income,1985,,,
PSE,West Bank and Gaza,"Middle East, North Africa, Afghanistan & Pakistan",Lower middle income,1986,,,
PSE,West Bank and Gaza,"Middle East, North Africa, Afghanistan & Pakistan",Lower middle income,1987,,,
PSE,West Bank and Gaza,"Middle East, North Africa, Afghanistan & Pakistan",Lower middle income,1988,,,
PSE,West Bank and Gaza,"Middle East, North Africa, Afghanistan & Pakistan",Lower middle income,1989,,,
PSE,West Bank and Gaza,"Middle East, North Africa, Afghanistan & Pakistan",Lower middle income,1990,,,1978248.0
PSE,West Bank and Gaza,"Middle East, North Africa, Afghanistan & Pakistan",Lower middle income,1991,,,2068845.0
PSE,West Bank and Gaza,"Middle East, North Africa, Afghanistan & Pakistan",Lower middle income,1992,,,2163591.0
PSE,West Bank and Gaza,"Middle East, North Africa, Afghanistan & Pakistan",Lower middle income,1993,,,2262676.0
PSE,West Bank and Gaza,"Middle East, North Africa, Afghanistan & Pakistan",Lower middle income,1994,2137.38928909208,,2366298.0
PSE,West Bank and Gaza,"Middle East, North Africa, Afghanistan & Pakistan",Lower middle income,1995,2189.26513719427,,2474666.0
PSE,West Bank and Gaza,"Middle East, North Africa, Afghanistan & Pakistan",Lower middle income,1996,2118.82007591199,220000.0,2587997.0
PSE,West Bank and Gaza,"Middle East, North Africa, Afghanistan & Pakistan",Lower middle income,1997,2323.20642242172,210000.0,2706518.0
PSE,West Bank and Gaza,"Middle East, North Africa, Afghanistan & Pakistan",Lower middle income,1998,2589.20364997364,200000.0,2776568.0
PSE,West Bank and Gaza,"Middle East, North Africa, Afghanistan & Pakistan",Lower middle income,1999,2732.87293952355,300000.0,2848431.0
PSE,West Bank and Gaza,"Middle East, North Africa, Afghanistan & Pakistan",Lower middle income,2000,2436.01207739636,310000.0,2922153.0
PSE,West Bank and Gaza,"Middle East, North Africa, Afghanistan & Pakistan",Lower middle income,2001,2153.45735383203,43000.0,2997784.0
PSE,West Bank and Gaza,"Middle East, North Africa, Afghanistan & Pakistan",Lower middle income,2002,1836.98042481351,33000.0,3075373.0
PSE,West Bank and Gaza,"Middle East, North Africa, Afghanistan & Pakistan",Lower middle income,2003,2041.60484619659,37000.0,3154969.0
PSE,West Bank and Gaza,"Middle East, North Africa, Afghanistan & Pakistan",Lower middle income,2004,2426.41565630382,56000.0,3236626.0
PSE,West Bank and Gaza,"Middle East, North Africa, Afghanistan & Pakistan",Lower middle income,2005,2632.24627423958,88000.0,3320396.0
PSE,West Bank and Gaza,"Middle East, North Africa, Afghanistan & Pakistan",Lower middle income,2006,2540.26763083127,123000.0,3406334.0
PSE,West Bank and Gaza,"Middle East, North Africa, Afghanistan & Pakistan",Lower middle income,2007,2569.98434108953,264000.0,3494496.0
PSE,West Bank and Gaza,"Middle East, North Africa, Afghanistan & Pakistan",Lower middle income,2008,2685.98601828464,387000.0,3591977.0
PSE,West Bank and Gaza,"Middle East, North Africa, Afghanistan & Pakistan",Lower middle income,2009,2840.01594969395,396000.0,3689099.0
PSE,West Bank and Gaza,"Middle East, North Africa, Afghanistan & Pakistan",Lower middle income,2010,2927.08101953403,522000.0,3786161.0
PSE,West Bank and Gaza,"Middle East, North Africa, Afghanistan & Pakistan",Lower middle income,2011,3128.10811061384,449000.0,3882986.0
PSE,West Bank and Gaza,"Middle East, North Africa, Afghanistan & Pakistan",Lower middle income,2012,3237.91619995789,490000.0,3979998.0
PSE,West Bank and Gaza,"Middle East, North Africa, Afghanistan & Pakistan",Lower middle income,2013,3309.63120243098,545000.0,4076708.0
PSE,West Bank and Gaza,"Middle East, North Africa, Afghanistan & Pakistan",Lower middle income,2014,3227.84934482645,556000.0,4173398.0
PSE,West Bank and Gaza,"Middle East, North Africa, Afghanistan & Pakistan",Lower middle income,2015,3272.15432360708,432000.0,4270092.0
PSE,West Bank and Gaza,"Middle East, North Africa, Afghanistan & Pakistan",Lower middle income,2016,3483.09903532972,400000.0,4367088.0
PSE,West Bank and Gaza,"Middle East, North Africa, Afghanistan & Pakistan",Lower middle income,2017,3462.97986107136,503000.0,4454805.0
PSE,West Bank and Gaza,"Middle East, North Africa, Afghanistan & Pakistan",Lower middle income,2018,3417.79440837962,606000.0,4569087.0
PSE,West Bank and Gaza,"Middle East, North Africa, Afghanistan & Pakistan",Lower middle income,2019,3378.4346209191,688000.0,4685306.0
PSE,West Bank and Gaza,"Middle East, North Africa, Afghanistan & Pakistan",Lower middle income,2020,2922.46801084844,93000.0,4803269.0
PSE,West Bank and Gaza,"Middle East, North Africa, Afghanistan & Pakistan",Lower middle income,2021,3051.48607007995,,4922749.0
PSE,West Bank and Gaza,"Middle East, North Africa, Afghanistan & Pakistan",Lower middle income,2022,3099.9609010368,,5043612.0
PSE,West Bank and Gaza,"Middle East, North Africa, Afghanistan & Pakistan",Lower middle income,2023,2997.22694077849,,5165775.0
PSE,West Bank and Gaza,"Middle East, North Africa, Afghanistan & Pakistan",Lower middle income,2024,2258.20698667764,,5289152.0
PYF,French Polynesia,East Asia & Pacific,High income,1980,26874.2991438109,,156471.0
PYF,French Polynesia,East Asia & Pacific,High income,1981,26725.4158088119,,161506.0
PYF,French Polynesia,East Asia & Pacific,High income,1982,26341.0551801214,,166646.0
PYF,French Polynesia,East Asia & Pacific,High income,1983,26176.683754784,,171750.0
PYF,French Polynesia,East Asia & Pacific,High income,1984,26078.0110684892,,176469.0
PYF,French Polynesia,East Asia & Pacific,High income,1985,25129.1871483302,,180988.0
PYF,French Polynesia,East Asia & Pacific,High income,1986,27814.2610581472,,185669.0
PYF,French Polynesia,East Asia & Pacific,High income,1987,27460.4917774246,,190449.0
PYF,French Polynesia,East Asia & Pacific,High income,1988,25828.9031876603,,195193.0
PYF,French Polynesia,East Asia & Pacific,High income,1989,25798.1160369159,,199643.0
PYF,French Polynesia,East Asia & Pacific,High income,1990,25307.7045477138,,203776.0
PYF,French Polynesia,East Asia & Pacific,High income,1991,25731.776022059,,207744.0
PYF,French Polynesia,East Asia & Pacific,High income,1992,24899.5108111715,,211559.0
PYF,French Polynesia,East Asia & Pacific,High income,1993,24158.449666239,,215219.0
PYF,French Polynesia,East Asia & Pacific,High income,1994,23373.7127446694,,218738.0
PYF,French Polynesia,East Asia & Pacific,High income,1995,22928.4986555237,186000.0,222118.0
PYF,French Polynesia,East Asia & Pacific,High income,1996,22434.729936296,184000.0,225489.0
PYF,French Polynesia,East Asia & Pacific,High income,1997,22051.9807859615,201000.0,229121.0
PYF,French Polynesia,East Asia & Pacific,High income,1998,22071.0627604129,211000.0,232891.0
PYF,French Polynesia,East Asia & Pacific,High income,1999,22136.2587286349,236000.0,236595.0
PYF,French Polynesia,East Asia & Pacific,High income,2000,22498.8285530328,,240337.0
PYF,French Polynesia,East Asia & Pacific,High income,2001,22076.5919162624,,244097.0
PYF,French Polynesia,East Asia & Pacific,High income,2002,21932.9195333418,,247775.0
PYF,French Polynesia,East Asia & Pacific,High income,2003,22055.6419702196,,251637.0
PYF,French Polynesia,East Asia & Pacific,High income,2004,21919.9410589378,,255654.0
PYF,French Polynesia,East Asia & Pacific,High income,2005,21661.4244664054,,259507.0
PYF,French Polynesia,East Asia & Pacific,High income,2006,21545.5997136473,,263223.0
PYF,French Polynesia,East Asia & Pacific,High income,2007,21648.532237682,243000.0,266438.0
PYF,French Polynesia,East Asia & Pacific,High income,2008,21493.4178311249,227000.0,268379.0
PYF,French Polynesia,East Asia & Pacific,High income,2009,20499.7723032831,190000.0,269481.0
PYF,French Polynesia,East Asia & Pacific,High income,2010,19913.0252687915,179000.0,270580.0
PYF,French Polynesia,East Asia & Pacific,High income,2011,19241.6437951625,196000.0,271727.0
PYF,French Polynesia,East Asia & Pacific,High income,2012,18968.4422157904,210000.0,273084.0
PYF,French Polynesia,East Asia & Pacific,High income,2013,18930.1268887012,214000.0,274728.0
PYF,French Polynesia,East Asia & Pacific,High income,2014,18928.1858620128,228000.0,276387.0
PYF,French Polynesia,East Asia & Pacific,High income,2015,19166.9594761931,239000.0,277866.0
PYF,French Polynesia,East Asia & Pacific,High income,2016,19516.0718353276,241000.0,279178.0
PYF,French Polynesia,East Asia & Pacific,High income,2017,20287.7685831663,254000.0,280087.0
PYF,French Polynesia,East Asia & Pacific,High income,2018,20674.4206829029,264000.0,279815.0
PYF,French Polynesia,East Asia & Pacific,High income,2019,21289.8751241139,300000.0,279034.0
PYF,French Polynesia,East Asia & Pacific,High income,2020,19026.790444196,89400.0015258789,279209.0
PYF,French Polynesia,East Asia & Pacific,High income,2021,19626.2332540206,,279792.0
PYF,French Polynesia,East Asia & Pacific,High income,2022,20160.4994298379,,280378.0
PYF,French Polynesia,East Asia & Pacific,High income,2023,20664.9770259225,,281118.0
PYF,French Polynesia,East Asia & Pacific,High income,2024,20846.6514059991,,281807.0
QAT,Qatar,"Middle East, North Africa, Afghanistan & Pakistan",High income,1980,58124.478851269,,275913.0
QAT,Qatar,"Middle East, North Africa, Afghanistan & Pakistan",High income,1981,55123.9160428053,,293553.0
QAT,Qatar,"Middle East, North Africa, Afghanistan & Pakistan",High income,1982,48371.0591595479,,311537.0
QAT,Qatar,"Middle East, North Africa, Afghanistan & Pakistan",High income,1983,44870.8820292396,,329709.0
QAT,Qatar,"Middle East, North Africa, Afghanistan & Pakistan",High income,1984,44508.1749755191,,347878.0
QAT,Qatar,"Middle East, North Africa, Afghanistan & Pakistan",High income,1985,41414.2759332122,,365940.0
QAT,Qatar,"Middle East, North Africa, Afghanistan & Pakistan",High income,1986,41743.9008915961,,382422.0
QAT,Qatar,"Middle East, North Africa, Afghanistan & Pakistan",High income,1987,40228.6328822141,,397005.0
QAT,Qatar,"Middle East, North Africa, Afghanistan & Pakistan",High income,1988,41126.7851333773,,411264.0
QAT,Qatar,"Middle East, North Africa, Afghanistan & Pakistan",High income,1989,42209.6973646985,,425646.0
QAT,Qatar,"Middle East, North Africa, Afghanistan & Pakistan",High income,1990,42210.1309227872,,440175.0
QAT,Qatar,"Middle East, North Africa, Afghanistan & Pakistan",High income,1991,40169.0307706643,,454853.0
QAT,Qatar,"Middle East, North Africa, Afghanistan & Pakistan",High income,1992,43310.767958526,,469657.0
QAT,Qatar,"Middle East, North Africa, Afghanistan & Pakistan",High income,1993,41423.720599232,,484545.0
QAT,Qatar,"Middle East, North Africa, Afghanistan & Pakistan",High income,1994,40756.9289476104,,499459.0
QAT,Qatar,"Middle East, North Africa, Afghanistan & Pakistan",High income,1995,40528.4858249639,,514325.0
QAT,Qatar,"Middle East, North Africa, Afghanistan & Pakistan",High income,1996,41126.2109141166,,529019.0
QAT,Qatar,"Middle East, North Africa, Afghanistan & Pakistan",High income,1997,51382.616690416,,550500.0
QAT,Qatar,"Middle East, North Africa, Afghanistan & Pakistan",High income,1998,54189.9837433703,,580540.0
QAT,Qatar,"Middle East, North Africa, Afghanistan & Pakistan",High income,1999,53562.7696068249,,612500.0
QAT,Qatar,"Middle East, North Africa, Afghanistan & Pakistan",High income,2000,54948.2228055384,,644989.0
QAT,Qatar,"Middle East, North Africa, Afghanistan & Pakistan",High income,2001,54316.5419511925,,677925.0
QAT,Qatar,"Middle East, North Africa, Afghanistan & Pakistan",High income,2002,55493.6049997751,,711205.0
QAT,Qatar,"Middle East, North Africa, Afghanistan & Pakistan",High income,2003,54970.419888684,,744682.0
QAT,Qatar,"Middle East, North Africa, Afghanistan & Pakistan",High income,2004,63107.0086346445,,773332.0
QAT,Qatar,"Middle East, North Africa, Afghanistan & Pakistan",High income,2005,63555.6239820478,,825408.0
QAT,Qatar,"Middle East, North Africa, Afghanistan & Pakistan",High income,2006,68036.6212164734,,972831.0
QAT,Qatar,"Middle East, North Africa, Afghanistan & Pakistan",High income,2007,64614.0465071968,,1208595.0
QAT,Qatar,"Middle East, North Africa, Afghanistan & Pakistan",High income,2008,64393.5954479866,,1426938.0
QAT,Qatar,"Middle East, North Africa, Afghanistan & Pakistan",High income,2009,63939.8050831437,1482000.0,1608903.0
QAT,Qatar,"Middle East, North Africa, Afghanistan & Pakistan",High income,2010,74271.9022959058,1700000.0,1616832.0
QAT,Qatar,"Middle East, North Africa, Afghanistan & Pakistan",High income,2011,83533.4963791019,2057000.0,1624761.0
QAT,Qatar,"Middle East, North Africa, Afghanistan & Pakistan",High income,2012,82441.7405083009,2324000.0,1722438.0
QAT,Qatar,"Middle East, North Africa, Afghanistan & Pakistan",High income,2013,77379.6735599552,2612000.0,1916426.0
QAT,Qatar,"Middle East, North Africa, Afghanistan & Pakistan",High income,2014,71756.0649338302,2839000.0,2151745.0
QAT,Qatar,"Middle East, North Africa, Afghanistan & Pakistan",High income,2015,68985.2946961507,2941000.0,2344557.0
QAT,Qatar,"Middle East, North Africa, Afghanistan & Pakistan",High income,2016,67294.4585771356,2938000.0,2477113.0
QAT,Qatar,"Middle East, North Africa, Afghanistan & Pakistan",High income,2017,64497.6987225375,2256000.0,2545820.0
QAT,Qatar,"Middle East, North Africa, Afghanistan & Pakistan",High income,2018,64410.8171280981,1819000.0,2580734.0
QAT,Qatar,"Middle East, North Africa, Afghanistan & Pakistan",High income,2019,63430.4607609581,2136500.0,2638657.0
QAT,Qatar,"Middle East, North Africa, Afghanistan & Pakistan",High income,2020,57769.604104354,582000.0,2794148.0
QAT,Qatar,"Middle East, North Africa, Afghanistan & Pakistan",High income,2021,65488.5117911123,,2504910.0
QAT,Qatar,"Middle East, North Africa, Afghanistan & Pakistan",High income,2022,64315.6263643699,,2657333.0
QAT,Qatar,"Middle East, North Africa, Afghanistan & Pakistan",High income,2023,65111.033321485,,2656032.0
QAT,Qatar,"Middle East, North Africa, Afghanistan & Pakistan",High income,2024,62395.3113297112,,2857822.0
ROU,Romania,Europe & Central Asia,High income,1980,,,22207282.0
ROU,Romania,Europe & Central Asia,High income,1981,,,22353070.0
ROU,Romania,Europe & Central Asia,High income,1982,,,22475741.0
ROU,Romania,Europe & Central Asia,High income,1983,,,22560478.0
ROU,Romania,Europe & Central Asia,High income,1984,,,22640547.0
ROU,Romania,Europe & Central Asia,High income,1985,,,22732999.0
ROU,Romania,Europe & Central Asia,High income,1986,,,22836841.0
ROU,Romania,Europe & Central Asia,High income,1987,,,22949430.0
ROU,Romania,Europe & Central Asia,High income,1988,,,23057662.0
ROU,Romania,Europe & Central Asia,High income,1989,,,23161458.0
ROU,Romania,Europe & Central Asia,High income,1990,5019.43702748333,,23201835.0
ROU,Romania,Europe & Central Asia,High income,1991,4409.1517208357,,23001155.0
ROU,Romania,Europe & Central Asia,High income,1992,4059.09860455382,,22794284.0
ROU,Romania,Europe & Central Asia,High income,1993,4126.76859277572,,22763280.0
ROU,Romania,Europe & Central Asia,High income,1994,4295.27065788629,,22730211.0
ROU,Romania,Europe & Central Asia,High income,1995,4572.25803354276,5445000.0,22684270.0
ROU,Romania,Europe & Central Asia,High income,1996,4764.63682106299,5205000.0,22619004.0
ROU,Romania,Europe & Central Asia,High income,1997,4546.66753054721,5149000.0,22553978.0
ROU,Romania,Europe & Central Asia,High income,1998,4463.60791806212,4831000.0,22507344.0
ROU,Romania,Europe & Central Asia,High income,1999,4453.78126046181,5224000.0,22472040.0
ROU,Romania,Europe & Central Asia,High income,2000,4569.31124324524,5264000.0,22442971.0
ROU,Romania,Europe & Central Asia,High income,2001,4875.30310600635,4938000.0,22131970.0
ROU,Romania,Europe & Central Asia,High income,2002,5248.54994632668,4794000.0,21730496.0
ROU,Romania,Europe & Central Asia,High income,2003,5410.30835796252,5595000.0,21574326.0
ROU,Romania,Europe & Central Asia,High income,2004,6008.64048461485,6600000.0,21451748.0
ROU,Romania,Europe & Central Asia,High income,2005,6328.09022324183,5839000.0,21319685.0
ROU,Romania,Europe & Central Asia,High income,2006,6876.77841417966,6037000.0,21193760.0
ROU,Romania,Europe & Central Asia,High income,2007,7483.97375820611,7722000.0,20882982.0
ROU,Romania,Europe & Central Asia,High income,2008,8318.00342795388,8862000.0,20537875.0
ROU,Romania,Europe & Central Asia,High income,2009,7924.87058070212,7575000.0,20367487.0
ROU,Romania,Europe & Central Asia,High income,2010,7660.70667630517,7498000.0,20246871.0
ROU,Romania,Europe & Central Asia,High income,2011,8044.57194920892,7611000.0,20147528.0
ROU,Romania,Europe & Central Asia,High income,2012,8234.28553425194,7937000.0,20058035.0
ROU,Romania,Europe & Central Asia,High income,2013,8287.95844089676,8019000.0,19983693.0
ROU,Romania,Europe & Central Asia,High income,2014,8661.47397274241,8442000.0,19908979.0
ROU,Romania,Europe & Central Asia,High income,2015,8977.01748158196,9331000.0,19815616.0
ROU,Romania,Europe & Central Asia,High income,2016,9286.87678236598,10223000.0,19702267.0
ROU,Romania,Europe & Central Asia,High income,2017,10106.2269557253,10926000.0,19588715.0
ROU,Romania,Europe & Central Asia,High income,2018,10714.1701157127,11720000.0,19473970.0
ROU,Romania,Europe & Central Asia,High income,2019,11197.3162915853,12815000.0,19371648.0
ROU,Romania,Europe & Central Asia,High income,2020,10854.049431887,5023000.0,19265250.0
ROU,Romania,Europe & Central Asia,High income,2021,11546.3224998072,,19122059.0
ROU,Romania,Europe & Central Asia,High income,2022,12076.3033811896,,19048502.0
ROU,Romania,Europe & Central Asia,High income,2023,12340.8170509969,,19061062.0
ROU,Romania,Europe & Central Asia,High income,2024,12459.9112061891,,19051804.0
RUS,Russian Federation,Europe & Central Asia,High income,1980,,,139010000.0
RUS,Russian Federation,Europe & Central Asia,High income,1981,,,139941000.0
RUS,Russian Federation,Europe & Central Asia,High income,1982,,,140823000.0
RUS,Russian Federation,Europe & Central Asia,High income,1983,,,141668000.0
RUS,Russian Federation,Europe & Central Asia,High income,1984,,,142745000.0
RUS,Russian Federation,Europe & Central Asia,High income,1985,,,143858000.0
RUS,Russian Federation,Europe & Central Asia,High income,1986,,,144894000.0
RUS,Russian Federation,Europe & Central Asia,High income,1987,,,145908000.0
RUS,Russian Federation,Europe & Central Asia,High income,1988,,,146857000.0
RUS,Russian Federation,Europe & Central Asia,High income,1989,8105.89501953125,,147721000.0
RUS,Russian Federation,Europe & Central Asia,High income,1990,7849.51904296875,,147969406.0
RUS,Russian Federation,Europe & Central Asia,High income,1991,7432.021484375,,148394216.0
RUS,Russian Federation,Europe & Central Asia,High income,1992,6345.912109375,,148538197.0
RUS,Russian Federation,Europe & Central Asia,High income,1993,5798.91455078125,,148458777.0
RUS,Russian Federation,Europe & Central Asia,High income,1994,5071.74267578125,,148407912.0
RUS,Russian Federation,Europe & Central Asia,High income,1995,4862.646484375,10290000.0,148375787.0
RUS,Russian Federation,Europe & Central Asia,High income,1996,4686.86279296875,16208000.0,148160129.0
RUS,Russian Federation,Europe & Central Asia,High income,1997,4760.33935546875,17463000.0,147915361.0
RUS,Russian Federation,Europe & Central Asia,High income,1998,4515.50927734375,16188000.0,147670784.0
RUS,Russian Federation,Europe & Central Asia,High income,1999,4819.38037109375,18820000.0,147214776.0
RUS,Russian Federation,Europe & Central Asia,High income,2000,5323.66650390625,21169000.0,146596869.0
RUS,Russian Federation,Europe & Central Asia,High income,2001,5618.95556640625,21595000.0,145976482.0
RUS,Russian Federation,Europe & Central Asia,High income,2002,5910.171875,23309000.0,145306497.0
RUS,Russian Federation,Europe & Central Asia,High income,2003,6370.45361328125,22521000.0,144648618.0
RUS,Russian Federation,Europe & Central Asia,High income,2004,6856.67822265625,22064000.0,144067316.0
RUS,Russian Federation,Europe & Central Asia,High income,2005,7323.38525390625,22201000.0,143518814.0
RUS,Russian Federation,Europe & Central Asia,High income,2006,7949.89697265625,22486000.0,143049637.0
RUS,Russian Federation,Europe & Central Asia,High income,2007,8640.40625,22909000.0,142805114.0
RUS,Russian Federation,Europe & Central Asia,High income,2008,9093.7001953125,23676000.0,142742366.0
RUS,Russian Federation,Europe & Central Asia,High income,2009,8381.8681640625,21339000.0,142785348.0
RUS,Russian Federation,Europe & Central Asia,High income,2010,8755.1201171875,22281000.0,142849468.0
RUS,Russian Federation,Europe & Central Asia,High income,2011,9120.8203125,24932000.0,143018195.0
RUS,Russian Federation,Europe & Central Asia,High income,2012,9464.0107421875,28177000.0,143378447.0
RUS,Russian Federation,Europe & Central Asia,High income,2013,9601.537109375,30792000.0,143805638.0
RUS,Russian Federation,Europe & Central Asia,High income,2014,9493.8125,32421000.0,144237223.0
RUS,Russian Federation,Europe & Central Asia,High income,2015,9277.7138671875,33729000.0,144640716.0
RUS,Russian Federation,Europe & Central Asia,High income,2016,9269.3173828125,24571000.0,145015460.0
RUS,Russian Federation,Europe & Central Asia,High income,2017,9418.99609375,24390000.0,145293260.0
RUS,Russian Federation,Europe & Central Asia,High income,2018,9674.787109375,24551000.0,145398106.0
RUS,Russian Federation,Europe & Central Asia,High income,2019,9882.0244140625,24419000.0,145453291.0
RUS,Russian Federation,Europe & Central Asia,High income,2020,9632.3251953125,6359000.0,145245148.0
RUS,Russian Federation,Europe & Central Asia,High income,2021,10231.318359375,,144746762.0
RUS,Russian Federation,Europe & Central Asia,High income,2022,10119.115234375,,144236933.0
RUS,Russian Federation,Europe & Central Asia,High income,2023,10560.4658203125,,143826130.0
RUS,Russian Federation,Europe & Central Asia,High income,2024,11092.6337890625,,143669648.0
RWA,Rwanda,Sub-Saharan Africa,Low income,1980,412.074486729936,,5353259.0
RWA,Rwanda,Sub-Saharan Africa,Low income,1981,420.800443010869,,5527230.0
RWA,Rwanda,Sub-Saharan Africa,Low income,1982,414.594814975325,,5711549.0
RWA,Rwanda,Sub-Saharan Africa,Low income,1983,424.972030699827,,5905311.0
RWA,Rwanda,Sub-Saharan Africa,Low income,1984,393.469656930382,,6107627.0
RWA,Rwanda,Sub-Saharan Africa,Low income,1985,397.163320202828,,6317228.0
RWA,Rwanda,Sub-Saharan Africa,Low income,1986,405.130712442313,,6531881.0
RWA,Rwanda,Sub-Saharan Africa,Low income,1987,391.97455925022,,6749493.0
RWA,Rwanda,Sub-Saharan Africa,Low income,1988,396.759990962299,,6968071.0
RWA,Rwanda,Sub-Saharan Africa,Low income,1989,384.656204658632,,7184706.0
RWA,Rwanda,Sub-Saharan Africa,Low income,1990,365.724969994263,,7375307.0
RWA,Rwanda,Sub-Saharan Africa,Low income,1991,349.345634840907,,7526966.0
RWA,Rwanda,Sub-Saharan Africa,Low income,1992,362.337679403993,,7683266.0
RWA,Rwanda,Sub-Saharan Africa,Low income,1993,320.530460792077,,7981132.0
RWA,Rwanda,Sub-Saharan Africa,Low income,1994,187.38014700737,,6792352.0
RWA,Rwanda,Sub-Saharan Africa,Low income,1995,303.318867879127,,5674118.0
RWA,Rwanda,Sub-Saharan Africa,Low income,1996,289.237930832775,,6708764.0
RWA,Rwanda,Sub-Saharan Africa,Low income,1997,284.862132396583,,7755238.0
RWA,Rwanda,Sub-Saharan Africa,Low income,1998,297.571387031591,,8081681.0
RWA,Rwanda,Sub-Saharan Africa,Low income,1999,307.99726200079,,8147912.0
RWA,Rwanda,Sub-Saharan Africa,Low income,2000,331.096659537835,,8213931.0
RWA,Rwanda,Sub-Saharan Africa,Low income,2001,356.017640545099,,8287094.0
RWA,Rwanda,Sub-Saharan Africa,Low income,2002,397.558649363458,,8400180.0
RWA,Rwanda,Sub-Saharan Africa,Low income,2003,397.480382602602,,8586875.0
RWA,Rwanda,Sub-Saharan Africa,Low income,2004,415.943819000396,,8816844.0
RWA,Rwanda,Sub-Saharan Africa,Low income,2005,443.00802474736,,9054528.0
RWA,Rwanda,Sub-Saharan Africa,Low income,2006,471.150850642442,531000.0,9299246.0
RWA,Rwanda,Sub-Saharan Africa,Low income,2007,493.803359157317,610000.0,9549933.0
RWA,Rwanda,Sub-Saharan Africa,Low income,2008,534.678298622161,669000.0,9804269.0
RWA,Rwanda,Sub-Saharan Africa,Low income,2009,553.621518556047,664000.0,10060432.0
RWA,Rwanda,Sub-Saharan Africa,Low income,2010,579.419162804581,667000.0,10317553.0
RWA,Rwanda,Sub-Saharan Africa,Low income,2011,610.376236415572,908000.0,10573733.0
RWA,Rwanda,Sub-Saharan Africa,Low income,2012,647.436613845487,1061000.0,10829901.0
RWA,Rwanda,Sub-Saharan Africa,Low income,2013,661.893969452494,1122000.0,11093340.0
RWA,Rwanda,Sub-Saharan Africa,Low income,2014,682.709499066795,1220000.0,11364757.0
RWA,Rwanda,Sub-Saharan Africa,Low income,2015,725.691418696952,1298000.0,11640022.0
RWA,Rwanda,Sub-Saharan Africa,Low income,2016,748.798132068173,1377000.0,11919183.0
RWA,Rwanda,Sub-Saharan Africa,Low income,2017,765.845359390541,1570000.0,12202060.0
RWA,Rwanda,Sub-Saharan Africa,Low income,2018,808.704812752127,1711000.0,12487996.0
RWA,Rwanda,Sub-Saharan Africa,Low income,2019,863.872077583172,1634000.0,12776103.0
RWA,Rwanda,Sub-Saharan Africa,Low income,2020,821.257133282758,,13065837.0
RWA,Rwanda,Sub-Saharan Africa,Low income,2021,871.041835304187,,13355260.0
RWA,Rwanda,Sub-Saharan Africa,Low income,2022,935.89483254264,,13651030.0
RWA,Rwanda,Sub-Saharan Africa,Low income,2023,993.911004643524,,13954471.0
RWA,Rwanda,Sub-Saharan Africa,Low income,2024,1043.15961499906,,14256567.0
SAU,Saudi Arabia,"Middle East, North Africa, Afghanistan & Pakistan",High income,1980,58094.2921854594,,6047997.0
SAU,Saudi Arabia,"Middle East, North Africa, Afghanistan & Pakistan",High income,1981,56355.6151035112,,6420551.0
SAU,Saudi Arabia,"Middle East, North Africa, Afghanistan & Pakistan",High income,1982,44478.9420537359,,6824486.0
SAU,Saudi Arabia,"Middle East, North Africa, Afghanistan & Pakistan",High income,1983,37250.5135148497,,7252941.0
SAU,Saudi Arabia,"Middle East, North Africa, Afghanistan & Pakistan",High income,1984,33693.40348127,,7697307.0
SAU,Saudi Arabia,"Middle East, North Africa, Afghanistan & Pakistan",High income,1985,29520.521333039,,8151779.0
SAU,Saudi Arabia,"Middle East, North Africa, Afghanistan & Pakistan",High income,1986,28170.2401365966,,8628639.0
SAU,Saudi Arabia,"Middle East, North Africa, Afghanistan & Pakistan",High income,1987,25788.646157361,,9130194.0
SAU,Saudi Arabia,"Middle East, North Africa, Afghanistan & Pakistan",High income,1988,26066.2475442659,,9629165.0
SAU,Saudi Arabia,"Middle East, North Africa, Afghanistan & Pakistan",High income,1989,24884.331934111,,10128394.0
SAU,Saudi Arabia,"Middle East, North Africa, Afghanistan & Pakistan",High income,1990,25918.9650837526,,10640691.0
SAU,Saudi Arabia,"Middle East, North Africa, Afghanistan & Pakistan",High income,1991,26742.682261559,,11160744.0
SAU,Saudi Arabia,"Middle East, North Africa, Afghanistan & Pakistan",High income,1992,26709.0328186878,,11686676.0
SAU,Saudi Arabia,"Middle East, North Africa, Afghanistan & Pakistan",High income,1993,25649.064468644,,12215862.0
SAU,Saudi Arabia,"Middle East, North Africa, Afghanistan & Pakistan",High income,1994,24808.6528928409,,12750040.0
SAU,Saudi Arabia,"Middle East, North Africa, Afghanistan & Pakistan",High income,1995,23876.246129794,4398000.0,13289245.0
SAU,Saudi Arabia,"Middle East, North Africa, Afghanistan & Pakistan",High income,1996,23699.1352161738,,13831009.0
SAU,Saudi Arabia,"Middle East, North Africa, Afghanistan & Pakistan",High income,1997,23406.0346643453,,14374943.0
SAU,Saudi Arabia,"Middle East, North Africa, Afghanistan & Pakistan",High income,1998,23179.8581162861,,14922185.0
SAU,Saudi Arabia,"Middle East, North Africa, Afghanistan & Pakistan",High income,1999,22214.4256445476,,15472075.0
SAU,Saudi Arabia,"Middle East, North Africa, Afghanistan & Pakistan",High income,2000,22247.8566987439,,16177722.0
SAU,Saudi Arabia,"Middle East, North Africa, Afghanistan & Pakistan",High income,2001,21193.0922894351,,17041397.0
SAU,Saudi Arabia,"Middle East, North Africa, Afghanistan & Pakistan",High income,2002,20025.4319998275,,17910910.0
SAU,Saudi Arabia,"Middle East, North Africa, Afghanistan & Pakistan",High income,2003,20765.9387688082,,18786767.0
SAU,Saudi Arabia,"Middle East, North Africa, Afghanistan & Pakistan",High income,2004,21545.894988606,11083000.0,19669480.0
SAU,Saudi Arabia,"Middle East, North Africa, Afghanistan & Pakistan",High income,2005,21838.1915349374,10417000.0,20559890.0
SAU,Saudi Arabia,"Middle East, North Africa, Afghanistan & Pakistan",High income,2006,21616.3355772516,10962000.0,21459144.0
SAU,Saudi Arabia,"Middle East, North Africa, Afghanistan & Pakistan",High income,2007,21196.7926036633,13479000.0,22368313.0
SAU,Saudi Arabia,"Middle East, North Africa, Afghanistan & Pakistan",High income,2008,21629.8405734551,17717000.0,23287877.0
SAU,Saudi Arabia,"Middle East, North Africa, Afghanistan & Pakistan",High income,2009,20577.5453445336,13319000.0,24217654.0
SAU,Saudi Arabia,"Middle East, North Africa, Afghanistan & Pakistan",High income,2010,21830.1424272816,13025000.0,23978487.0
SAU,Saudi Arabia,"Middle East, North Africa, Afghanistan & Pakistan",High income,2011,23314.5576023168,15776000.0,25091867.0
SAU,Saudi Arabia,"Middle East, North Africa, Afghanistan & Pakistan",High income,2012,23643.0358324647,19847000.0,26168861.0
SAU,Saudi Arabia,"Middle East, North Africa, Afghanistan & Pakistan",High income,2013,23057.3494468535,19934000.0,27624004.0
SAU,Saudi Arabia,"Middle East, North Africa, Afghanistan & Pakistan",High income,2014,23404.7306039825,23010000.0,28309273.0
SAU,Saudi Arabia,"Middle East, North Africa, Afghanistan & Pakistan",High income,2015,23256.1549553531,21834000.0,29816382.0
SAU,Saudi Arabia,"Middle East, North Africa, Afghanistan & Pakistan",High income,2016,22783.0328538685,20887000.0,30954198.0
SAU,Saudi Arabia,"Middle East, North Africa, Afghanistan & Pakistan",High income,2017,23035.1199977707,18607000.0,30977355.0
SAU,Saudi Arabia,"Middle East, North Africa, Afghanistan & Pakistan",High income,2018,24393.5188306638,17570000.0,30196281.0
SAU,Saudi Arabia,"Middle East, North Africa, Afghanistan & Pakistan",High income,2019,24905.6697428558,20292000.0,30063799.0
SAU,Saudi Arabia,"Middle East, North Africa, Afghanistan & Pakistan",High income,2020,22827.671935548,,31552510.0
SAU,Saudi Arabia,"Middle East, North Africa, Afghanistan & Pakistan",High income,2021,24922.6716948944,,30784383.0
SAU,Saudi Arabia,"Middle East, North Africa, Afghanistan & Pakistan",High income,2022,26706.917926066,,32175224.0
SAU,Saudi Arabia,"Middle East, North Africa, Afghanistan & Pakistan",High income,2023,25634.8237547841,,33702731.0
SAU,Saudi Arabia,"Middle East, North Africa, Afghanistan & Pakistan",High income,2024,25123.0122060281,,35300280.0
SDN,Sudan,Sub-Saharan Africa,Low income,1980,747.91943359375,,17058905.0
SDN,Sudan,Sub-Saharan Africa,Low income,1981,773.544799804688,,17780572.0
SDN,Sudan,Sub-Saharan Africa,Low income,1982,790.597045898438,,18486645.0
SDN,Sudan,Sub-Saharan Africa,Low income,1983,782.225158691406,,19109770.0
SDN,Sudan,Sub-Saharan Africa,Low income,1984,726.964111328125,,19546528.0
SDN,Sudan,Sub-Saharan Africa,Low income,1985,669.103332519531,,19905872.0
SDN,Sudan,Sub-Saharan Africa,Low income,1986,692.196655273438,,20288238.0
SDN,Sudan,Sub-Saharan Africa,Low income,1987,776.530822753906,,20704904.0
SDN,Sudan,Sub-Saharan Africa,Low income,1988,764.454162597656,,21138431.0
SDN,Sudan,Sub-Saharan Africa,Low income,1989,823.076843261719,,21578022.0
SDN,Sudan,Sub-Saharan Africa,Low income,1990,764.450439453125,,22021481.0
SDN,Sudan,Sub-Saharan Africa,Low income,1991,805.367309570313,,22470676.0
SDN,Sudan,Sub-Saharan Africa,Low income,1992,842.008605957031,,22927355.0
SDN,Sudan,Sub-Saharan Africa,Low income,1993,862.978149414063,,23445592.0
SDN,Sudan,Sub-Saharan Africa,Low income,1994,850.299438476563,,24043948.0
SDN,Sudan,Sub-Saharan Africa,Low income,1995,877.693298339844,29000.0,24672143.0
SDN,Sudan,Sub-Saharan Africa,Low income,1996,908.66015625,38000.0,25231528.0
SDN,Sudan,Sub-Saharan Africa,Low income,1997,1050.31994628906,30000.0,25799821.0
SDN,Sudan,Sub-Saharan Africa,Low income,1998,1069.27197265625,36000.0,26458999.0
SDN,Sudan,Sub-Saharan Africa,Low income,1999,1074.88098144531,39000.0,27130613.0
SDN,Sudan,Sub-Saharan Africa,Low income,2000,1111.11865234375,38000.0,27816745.0
SDN,Sudan,Sub-Saharan Africa,Low income,2001,1150.17626953125,50000.0,28516770.0
SDN,Sudan,Sub-Saharan Africa,Low income,2002,1185.21533203125,52000.0,29228727.0
SDN,Sudan,Sub-Saharan Africa,Low income,2003,1226.42077636719,52000.0,29896035.0
SDN,Sudan,Sub-Saharan Africa,Low income,2004,1255.67114257813,61000.0,30556637.0
SDN,Sudan,Sub-Saharan Africa,Low income,2005,1290.24438476563,246000.0,31262444.0
SDN,Sudan,Sub-Saharan Africa,Low income,2006,1336.1240234375,328000.0,31992435.0
SDN,Sudan,Sub-Saharan Africa,Low income,2007,1372.10961914063,436000.0,32764135.0
SDN,Sudan,Sub-Saharan Africa,Low income,2008,1381.62561035156,440000.0,33623980.0
SDN,Sudan,Sub-Saharan Africa,Low income,2009,1301.34729003906,420000.0,34569113.0
SDN,Sudan,Sub-Saharan Africa,Low income,2010,1311.22314453125,495000.0,35414399.0
SDN,Sudan,Sub-Saharan Africa,Low income,2011,1388.21813964844,536000.0,36140806.0
SDN,Sudan,Sub-Saharan Africa,Low income,2012,1288.25854492188,575000.0,36923178.0
SDN,Sudan,Sub-Saharan Africa,Low income,2013,1283.45922851563,591000.0,37785849.0
SDN,Sudan,Sub-Saharan Africa,Low income,2014,1307.3896484375,684000.0,38823318.0
SDN,Sudan,Sub-Saharan Africa,Low income,2015,1292.37963867188,741000.0,40024431.0
SDN,Sudan,Sub-Saharan Africa,Low income,2016,1297.15454101563,800000.0,41259892.0
SDN,Sudan,Sub-Saharan Africa,Low income,2017,1261.87353515625,813000.0,42714306.0
SDN,Sudan,Sub-Saharan Africa,Low income,2018,1185.94445800781,836000.0,44230596.0
SDN,Sudan,Sub-Saharan Africa,Low income,2019,1126.55297851563,,45548175.0
SDN,Sudan,Sub-Saharan Africa,Low income,2020,1056.86474609375,,46789231.0
SDN,Sudan,Sub-Saharan Africa,Low income,2021,1009.54888916016,,48066924.0
SDN,Sudan,Sub-Saharan Africa,Low income,2022,973.225280761719,,49383346.0
SDN,Sudan,Sub-Saharan Africa,Low income,2023,677.723205566406,,50042791.0
SDN,Sudan,Sub-Saharan Africa,Low income,2024,578.38916015625,,50448963.0
SEN,Senegal,Sub-Saharan Africa,Lower middle income,1980,1012.16661480231,,5845638.0
SEN,Senegal,Sub-Saharan Africa,Lower middle income,1981,1037.70140590886,,5997160.0
SEN,Senegal,Sub-Saharan Africa,Lower middle income,1982,1091.73478914466,,6156961.0
SEN,Senegal,Sub-Saharan Africa,Lower middle income,1983,1002.79157255651,,6324504.0
SEN,Senegal,Sub-Saharan Africa,Lower middle income,1984,1014.21873121746,,6499364.0
SEN,Senegal,Sub-Saharan Africa,Lower middle income,1985,1020.46425733551,,6683287.0
SEN,Senegal,Sub-Saharan Africa,Lower middle income,1986,1022.55326037551,,6878192.0
SEN,Senegal,Sub-Saharan Africa,Lower middle income,1987,1055.32454152497,,7081530.0
SEN,Senegal,Sub-Saharan Africa,Lower middle income,1988,1016.8279275159,,7289618.0
SEN,Senegal,Sub-Saharan Africa,Lower middle income,1989,1027.27575950199,,7502207.0
SEN,Senegal,Sub-Saharan Africa,Lower middle income,1990,990.777522619822,,7720523.0
SEN,Senegal,Sub-Saharan Africa,Lower middle income,1991,988.63221583773,,7943085.0
SEN,Senegal,Sub-Saharan Africa,Lower middle income,1992,974.054860027128,,8168395.0
SEN,Senegal,Sub-Saharan Africa,Lower middle income,1993,960.506561720788,,8396288.0
SEN,Senegal,Sub-Saharan Africa,Lower middle income,1994,934.692068072302,,8624078.0
SEN,Senegal,Sub-Saharan Africa,Lower middle income,1995,960.84709282163,,8848101.0
SEN,Senegal,Sub-Saharan Africa,Lower middle income,1996,956.588791201654,,9067014.0
SEN,Senegal,Sub-Saharan Africa,Lower middle income,1997,962.736689457399,,9283495.0
SEN,Senegal,Sub-Saharan Africa,Lower middle income,1998,995.979085689636,,9502952.0
SEN,Senegal,Sub-Saharan Africa,Lower middle income,1999,1033.76396461633,,9730887.0
SEN,Senegal,Sub-Saharan Africa,Lower middle income,2000,1048.37474052363,,9968260.0
SEN,Senegal,Sub-Saharan Africa,Lower middle income,2001,1067.36886550595,,10212942.0
SEN,Senegal,Sub-Saharan Africa,Lower middle income,2002,1042.25509944289,,10466214.0
SEN,Senegal,Sub-Saharan Africa,Lower middle income,2003,1074.38578467686,502000.0,10721176.0
SEN,Senegal,Sub-Saharan Africa,Lower middle income,2004,1098.20064546027,677000.0,10975704.0
SEN,Senegal,Sub-Saharan Africa,Lower middle income,2005,1119.0505307548,779000.0,11235472.0
SEN,Senegal,Sub-Saharan Africa,Lower middle income,2006,1118.7830430051,876000.0,11500094.0
SEN,Senegal,Sub-Saharan Africa,Lower middle income,2007,1123.99862153285,879000.0,11770344.0
SEN,Senegal,Sub-Saharan Africa,Lower middle income,2008,1138.66883930214,877000.0,12048959.0
SEN,Senegal,Sub-Saharan Africa,Lower middle income,2009,1142.65317233964,815000.0,12337389.0
SEN,Senegal,Sub-Saharan Africa,Lower middle income,2010,1153.53431121583,906000.0,12635413.0
SEN,Senegal,Sub-Saharan Africa,Lower middle income,2011,1139.74447892639,977000.0,12958897.0
SEN,Senegal,Sub-Saharan Africa,Lower middle income,2012,1154.05677992367,967000.0,13310495.0
SEN,Senegal,Sub-Saharan Africa,Lower middle income,2013,1147.3859217191,1069000.0,13710849.0
SEN,Senegal,Sub-Saharan Africa,Lower middle income,2014,1180.7987108505,976000.0,14152102.0
SEN,Senegal,Sub-Saharan Africa,Lower middle income,2015,1218.00613555438,1014000.0,14593331.0
SEN,Senegal,Sub-Saharan Africa,Lower middle income,2016,1257.40906916238,1219000.0,15034521.0
SEN,Senegal,Sub-Saharan Africa,Lower middle income,2017,1312.10932775878,1376000.0,15475002.0
SEN,Senegal,Sub-Saharan Africa,Lower middle income,2018,1355.09610863533,,15914498.0
SEN,Senegal,Sub-Saharan Africa,Lower middle income,2019,1379.60875249843,,16352922.0
SEN,Senegal,Sub-Saharan Africa,Lower middle income,2020,1361.7914374888,,16789219.0
SEN,Senegal,Sub-Saharan Africa,Lower middle income,2021,1414.53951093499,,17220867.0
SEN,Senegal,Sub-Saharan Africa,Lower middle income,2022,1433.19918752288,,17651103.0
SEN,Senegal,Sub-Saharan Africa,Lower middle income,2023,1458.9664233275,,18077573.0
SEN,Senegal,Sub-Saharan Africa,Lower middle income,2024,1517.61838829684,,18501984.0
SGP,Singapore,East Asia & Pacific,High income,1980,13953.890170834,,2413945.0
SGP,Singapore,East Asia & Pacific,High income,1981,14737.3005854209,,2532835.0
SGP,Singapore,East Asia & Pacific,High income,1982,15106.2507664821,,2646466.0
SGP,Singapore,East Asia & Pacific,High income,1983,16186.9145138401,,2681061.0
SGP,Singapore,East Asia & Pacific,High income,1984,17280.3703822303,,2732221.0
SGP,Singapore,East Asia & Pacific,High income,1985,17149.31550146,,2735957.0
SGP,Singapore,East Asia & Pacific,High income,1986,17396.0281363675,,2733373.0
SGP,Singapore,East Asia & Pacific,High income,1987,18986.7527003627,,2774789.0
SGP,Singapore,East Asia & Pacific,High income,1988,20595.9751389187,,2846108.0
SGP,Singapore,East Asia & Pacific,High income,1989,22031.8971300219,,2930901.0
SGP,Singapore,East Asia & Pacific,High income,1990,23272.7000932159,,3047132.0
SGP,Singapore,East Asia & Pacific,High income,1991,24132.7153290621,,3135083.0
SGP,Singapore,East Asia & Pacific,High income,1992,24973.4311358112,,3230698.0
SGP,Singapore,East Asia & Pacific,High income,1993,27139.9524278985,,3313471.0
SGP,Singapore,East Asia & Pacific,High income,1994,29220.2727915476,,3419048.0
SGP,Singapore,East Asia & Pacific,High income,1995,30379.8991144598,7137000.0,3524506.0
SGP,Singapore,East Asia & Pacific,High income,1996,31349.3171805131,7292000.0,3670704.0
SGP,Singapore,East Asia & Pacific,High income,1997,32835.2518506082,7198000.0,3796038.0
SGP,Singapore,East Asia & Pacific,High income,1998,31043.108180076,6242000.0,3927213.0
SGP,Singapore,East Asia & Pacific,High income,1999,32557.0469904063,6958000.0,3958723.0
SGP,Singapore,East Asia & Pacific,High income,2000,34890.0811365168,7691000.0,4027887.0
SGP,Singapore,East Asia & Pacific,High income,2001,33597.8690808226,7522000.0,4138012.0
SGP,Singapore,East Asia & Pacific,High income,2002,34598.8267483781,7567000.0,4175950.0
SGP,Singapore,East Asia & Pacific,High income,2003,36709.7965038255,6127000.0,4114826.0
SGP,Singapore,East Asia & Pacific,High income,2004,39856.6356222613,8329000.0,4166664.0
SGP,Singapore,East Asia & Pacific,High income,2005,41798.4880834671,8943000.0,4265762.0
SGP,Singapore,East Asia & Pacific,High income,2006,44159.4101820552,9751000.0,4401365.0
SGP,Singapore,East Asia & Pacific,High income,2007,46178.8139470199,10285000.0,4588599.0
SGP,Singapore,East Asia & Pacific,High income,2008,44601.5799302699,10116000.0,4839396.0
SGP,Singapore,East Asia & Pacific,High income,2009,43331.8746638962,9683000.0,4987573.0
SGP,Singapore,East Asia & Pacific,High income,2010,48752.0515441859,11642000.0,5076732.0
SGP,Singapore,East Asia & Pacific,High income,2011,50713.5326393594,13171000.0,5183688.0
SGP,Singapore,East Asia & Pacific,High income,2012,51679.352717333,14496000.0,5312437.0
SGP,Singapore,East Asia & Pacific,High income,2013,53298.9728558286,15568000.0,5399162.0
SGP,Singapore,East Asia & Pacific,High income,2014,54681.9336458253,15095000.0,5469724.0
SGP,Singapore,East Asia & Pacific,High income,2015,55645.6068614606,15231500.0,5535002.0
SGP,Singapore,East Asia & Pacific,High income,2016,57076.5241936787,16403000.0,5607283.0
SGP,Singapore,East Asia & Pacific,High income,2017,59493.3758595703,17425000.0,5612253.0
SGP,Singapore,East Asia & Pacific,High income,2018,61101.5252578902,18508000.0,5638676.0
SGP,Singapore,East Asia & Pacific,High income,2019,61106.3119775351,19116000.0,5703569.0
SGP,Singapore,East Asia & Pacific,High income,2020,59083.8574841572,2742000.0,5685807.0
SGP,Singapore,East Asia & Pacific,High income,2021,67846.8565377728,,5453566.0
SGP,Singapore,East Asia & Pacific,High income,2022,68271.0897525302,,5637022.0
SGP,Singapore,East Asia & Pacific,High income,2023,65976.7068036903,,5917648.0
SGP,Singapore,East Asia & Pacific,High income,2024,68129.6960402288,,6036860.0
SLB,Solomon Islands,East Asia & Pacific,Lower middle income,1980,2211.57149659597,,238135.0
SLB,Solomon Islands,East Asia & Pacific,Lower middle income,1981,2097.65987058075,,246555.0
SLB,Solomon Islands,East Asia & Pacific,Lower middle income,1982,1992.76539144137,,255200.0
SLB,Solomon Islands,East Asia & Pacific,Lower middle income,1983,2000.77054669128,,264068.0
SLB,Solomon Islands,East Asia & Pacific,Lower middle income,1984,1937.44655061808,,273163.0
SLB,Solomon Islands,East Asia & Pacific,Lower middle income,1985,1815.01919486421,,282455.0
SLB,Solomon Islands,East Asia & Pacific,Lower middle income,1986,1753.10130916621,,291842.0
SLB,Solomon Islands,East Asia & Pacific,Lower middle income,1987,1840.37378172277,,301414.0
SLB,Solomon Islands,East Asia & Pacific,Lower middle income,1988,1804.4092409884,,311265.0
SLB,Solomon Islands,East Asia & Pacific,Lower middle income,1989,1822.69662304536,,321282.0
SLB,Solomon Islands,East Asia & Pacific,Lower middle income,1990,1805.73206812837,,331435.0
SLB,Solomon Islands,East Asia & Pacific,Lower middle income,1991,1856.36888711081,,341738.0
SLB,Solomon Islands,East Asia & Pacific,Lower middle income,1992,2029.95282373454,,352205.0
SLB,Solomon Islands,East Asia & Pacific,Lower middle income,1993,2049.2778143568,,362839.0
SLB,Solomon Islands,East Asia & Pacific,Lower middle income,1994,2151.02993990041,,373675.0
SLB,Solomon Islands,East Asia & Pacific,Lower middle income,1995,2299.97687833528,11800.0001907349,384733.0
SLB,Solomon Islands,East Asia & Pacific,Lower middle income,1996,2270.46028385944,10300.0001907349,396009.0
SLB,Solomon Islands,East Asia & Pacific,Lower middle income,1997,2186.40705532991,13800.0001907349,407474.0
SLB,Solomon Islands,East Asia & Pacific,Lower middle income,1998,2153.35862620817,15800.0001907349,419071.0
SLB,Solomon Islands,East Asia & Pacific,Lower middle income,1999,2086.00899568939,,430500.0
SLB,Solomon Islands,East Asia & Pacific,Lower middle income,2000,1747.71795607153,5199.99980926514,440469.0
SLB,Solomon Islands,East Asia & Pacific,Lower middle income,2001,1577.65519966257,,449125.0
SLB,Solomon Islands,East Asia & Pacific,Lower middle income,2002,1504.84671895171,,457671.0
SLB,Solomon Islands,East Asia & Pacific,Lower middle income,2003,1573.84348435767,6599.99990463257,466154.0
SLB,Solomon Islands,East Asia & Pacific,Lower middle income,2004,1664.57315979072,5599.99990463257,474611.0
SLB,Solomon Islands,East Asia & Pacific,Lower middle income,2005,1755.74082446273,9399.99961853027,483080.0
SLB,Solomon Islands,East Asia & Pacific,Lower middle income,2006,1796.71439810674,11500.0,491594.0
SLB,Solomon Islands,East Asia & Pacific,Lower middle income,2007,1830.23321405807,13699.9998092651,500156.0
SLB,Solomon Islands,East Asia & Pacific,Lower middle income,2008,1911.18969015528,16299.9992370605,508790.0
SLB,Solomon Islands,East Asia & Pacific,Lower middle income,2009,1930.46287614922,18299.9992370605,518141.0
SLB,Solomon Islands,East Asia & Pacific,Lower middle income,2010,2058.95691648883,20500.0,532968.0
SLB,Solomon Islands,East Asia & Pacific,Lower middle income,2011,2132.02844199392,22899.9996185303,552945.0
SLB,Solomon Islands,East Asia & Pacific,Lower middle income,2012,2105.91423758379,23899.9996185303,573606.0
SLB,Solomon Islands,East Asia & Pacific,Lower middle income,2013,2136.72116177034,24399.9996185303,594945.0
SLB,Solomon Islands,East Asia & Pacific,Lower middle income,2014,2085.16067273086,20100.0003814697,616908.0
SLB,Solomon Islands,East Asia & Pacific,Lower middle income,2015,2045.47721526649,21600.0003814697,639415.0
SLB,Solomon Islands,East Asia & Pacific,Lower middle income,2016,2084.24845745225,23200.0007629395,662379.0
SLB,Solomon Islands,East Asia & Pacific,Lower middle income,2017,2075.36705302305,25700.0007629395,685672.0
SLB,Solomon Islands,East Asia & Pacific,Lower middle income,2018,2061.8996970669,27899.9996185303,709101.0
SLB,Solomon Islands,East Asia & Pacific,Lower middle income,2019,2043.09139778307,28899.9996185303,728147.0
SLB,Solomon Islands,East Asia & Pacific,Lower middle income,2020,1930.65510307199,4400.00009536743,744498.0
SLB,Solomon Islands,East Asia & Pacific,Lower middle income,2021,1880.5519827183,,762591.0
SLB,Solomon Islands,East Asia & Pacific,Lower middle income,2022,1788.61727922057,,781066.0
SLB,Solomon Islands,East Asia & Pacific,Lower middle income,2023,1795.88798697142,,800005.0
SLB,Solomon Islands,East Asia & Pacific,Lower middle income,2024,1806.38367324387,,819198.0
SLE,Sierra Leone,Sub-Saharan Africa,Low income,1980,1165.12783269719,,3272089.0
SLE,Sierra Leone,Sub-Saharan Africa,Low income,1981,1174.70023539592,,3338940.0
SLE,Sierra Leone,Sub-Saharan Africa,Low income,1982,1205.86429259504,,3408183.0
SLE,Sierra Leone,Sub-Saharan Africa,Low income,1983,1155.5985621559,,3481646.0
SLE,Sierra Leone,Sub-Saharan Africa,Low income,1984,1176.83294082111,,3558758.0
SLE,Sierra Leone,Sub-Saharan Africa,Low income,1985,1089.92411667933,,3638438.0
SLE,Sierra Leone,Sub-Saharan Africa,Low income,1986,1076.77818848429,,3728380.0
SLE,Sierra Leone,Sub-Saharan Africa,Low income,1987,1124.08995764348,,3829718.0
SLE,Sierra Leone,Sub-Saharan Africa,Low income,1988,1016.68318068952,,3934517.0
SLE,Sierra Leone,Sub-Saharan Africa,Low income,1989,998.840220254123,,4034037.0
SLE,Sierra Leone,Sub-Saharan Africa,Low income,1990,992.259351903398,,4196828.0
SLE,Sierra Leone,Sub-Saharan Africa,Low income,1991,1003.77238191056,,4246267.0
SLE,Sierra Leone,Sub-Saharan Africa,Low income,1992,828.516034463031,,4166366.0
SLE,Sierra Leone,Sub-Saharan Africa,Low income,1993,841.770438078312,,4157130.0
SLE,Sierra Leone,Sub-Saharan Africa,Low income,1994,822.218309819245,,4173105.0
SLE,Sierra Leone,Sub-Saharan Africa,Low income,1995,755.343467472038,,4179179.0
SLE,Sierra Leone,Sub-Saharan Africa,Low income,1996,764.924518087367,,4199210.0
SLE,Sierra Leone,Sub-Saharan Africa,Low income,1997,710.743788352538,,4253716.0
SLE,Sierra Leone,Sub-Saharan Africa,Low income,1998,716.346032939256,,4295785.0
SLE,Sierra Leone,Sub-Saharan Africa,Low income,1999,698.548063578049,,4318043.0
SLE,Sierra Leone,Sub-Saharan Africa,Low income,2000,727.240914632596,,4423611.0
SLE,Sierra Leone,Sub-Saharan Africa,Low income,2001,642.036645844304,,4692716.0
SLE,Sierra Leone,Sub-Saharan Africa,Low income,2002,766.788693742901,,4971435.0
SLE,Sierra Leone,Sub-Saharan Africa,Low income,2003,806.066489012144,,5177687.0
SLE,Sierra Leone,Sub-Saharan Africa,Low income,2004,829.759768928304,,5355717.0
SLE,Sierra Leone,Sub-Saharan Africa,Low income,2005,842.906030904902,,5501712.0
SLE,Sierra Leone,Sub-Saharan Africa,Low income,2006,859.824260714965,,5624466.0
SLE,Sierra Leone,Sub-Saharan Africa,Low income,2007,872.68836234614,,5749352.0
SLE,Sierra Leone,Sub-Saharan Africa,Low income,2008,882.54147817868,,5894722.0
SLE,Sierra Leone,Sub-Saharan Africa,Low income,2009,872.23959352481,,6055646.0
SLE,Sierra Leone,Sub-Saharan Africa,Low income,2010,902.769891411394,,6222714.0
SLE,Sierra Leone,Sub-Saharan Africa,Low income,2011,950.760763054593,,6387251.0
SLE,Sierra Leone,Sub-Saharan Africa,Low income,2012,1025.04366004502,75000.0,6551080.0
SLE,Sierra Leone,Sub-Saharan Africa,Low income,2013,1146.81973456475,95000.0,6714051.0
SLE,Sierra Leone,Sub-Saharan Africa,Low income,2014,1032.23789355905,53000.0,6876385.0
SLE,Sierra Leone,Sub-Saharan Africa,Low income,2015,964.575980888989,31000.0,7037655.0
SLE,Sierra Leone,Sub-Saharan Africa,Low income,2016,1002.77862282013,60000.0,7205328.0
SLE,Sierra Leone,Sub-Saharan Africa,Low income,2017,1010.54694071207,59000.0,7379299.0
SLE,Sierra Leone,Sub-Saharan Africa,Low income,2018,1015.6678297205,66000.0,7554563.0
SLE,Sierra Leone,Sub-Saharan Africa,Low income,2019,1046.96778078594,71000.0,7731991.0
SLE,Sierra Leone,Sub-Saharan Africa,Low income,2020,1010.25294614757,,7912558.0
SLE,Sierra Leone,Sub-Saharan Africa,Low income,2021,1045.7661615758,,8094602.0
SLE,Sierra Leone,Sub-Saharan Africa,Low income,2022,1077.08884538507,,8276807.0
SLE,Sierra Leone,Sub-Saharan Africa,Low income,2023,1113.86837500697,,8460512.0
SLE,Sierra Leone,Sub-Saharan Africa,Low income,2024,1137.29005648131,,8642022.0
SLV,El Salvador,Latin America & Caribbean,Upper middle income,1980,2757.38812393103,,4540382.0
SLV,El Salvador,Latin America & Caribbean,Upper middle income,1981,2582.45156646321,,4570599.0
SLV,El Salvador,Latin America & Caribbean,Upper middle income,1982,2392.38390078794,,4622477.0
SLV,El Salvador,Latin America & Caribbean,Upper middle income,1983,2385.3964125653,,4707367.0
SLV,El Salvador,Latin America & Caribbean,Upper middle income,1984,2371.58493413585,,4798003.0
SLV,El Salvador,Latin America & Caribbean,Upper middle income,1985,2339.0115535039,,4894706.0
SLV,El Salvador,Latin America & Caribbean,Upper middle income,1986,2297.53500731075,,4992769.0
SLV,El Salvador,Latin America & Caribbean,Upper middle income,1987,2309.06459110733,,5092441.0
SLV,El Salvador,Latin America & Caribbean,Upper middle income,1988,2305.62179387936,,5195833.0
SLV,El Salvador,Latin America & Caribbean,Upper middle income,1989,2282.53716167277,,5298979.0
SLV,El Salvador,Latin America & Caribbean,Upper middle income,1990,2348.20460167761,,5399726.0
SLV,El Salvador,Latin America & Caribbean,Upper middle income,1991,2341.93382299132,,5495077.0
SLV,El Salvador,Latin America & Caribbean,Upper middle income,1992,2465.75989060719,,5585609.0
SLV,El Salvador,Latin America & Caribbean,Upper middle income,1993,2574.95134564317,,5659957.0
SLV,El Salvador,Latin America & Caribbean,Upper middle income,1994,2670.21278543567,,5714129.0
SLV,El Salvador,Latin America & Caribbean,Upper middle income,1995,2773.32529027549,,5762131.0
SLV,El Salvador,Latin America & Caribbean,Upper middle income,1996,2775.04629038695,,5805286.0
SLV,El Salvador,Latin America & Caribbean,Upper middle income,1997,2842.88487409077,,5844578.0
SLV,El Salvador,Latin America & Caribbean,Upper middle income,1998,2900.32064261101,,5880781.0
SLV,El Salvador,Latin America & Caribbean,Upper middle income,1999,2946.4330235012,,5913900.0
SLV,El Salvador,Latin America & Caribbean,Upper middle income,2000,2964.89346881406,867000.0,5943366.0
SLV,El Salvador,Latin America & Caribbean,Upper middle income,2001,2978.59734844668,804000.0,5968060.0
SLV,El Salvador,Latin America & Caribbean,Upper middle income,2002,3016.06307728602,885000.0,5986631.0
SLV,El Salvador,Latin America & Caribbean,Upper middle income,2003,3057.16467629097,798000.0,5998599.0
SLV,El Salvador,Latin America & Caribbean,Upper middle income,2004,3081.23629665234,1030000.0,6004671.0
SLV,El Salvador,Latin America & Caribbean,Upper middle income,2005,3163.36118376833,1306000.0,6005578.0
SLV,El Salvador,Latin America & Caribbean,Upper middle income,2006,3302.34817354347,1501000.0,6002319.0
SLV,El Salvador,Latin America & Caribbean,Upper middle income,2007,3359.1623024135,1720000.0,6009824.0
SLV,El Salvador,Latin America & Caribbean,Upper middle income,2008,3420.44927357443,1875000.0,6029297.0
SLV,El Salvador,Latin America & Caribbean,Upper middle income,2009,3337.81150878211,1482000.0,6048279.0
SLV,El Salvador,Latin America & Caribbean,Upper middle income,2010,3398.49346060363,1606000.0,6068249.0
SLV,El Salvador,Latin America & Caribbean,Upper middle income,2011,3515.19664634846,1634000.0,6090127.0
SLV,El Salvador,Latin America & Caribbean,Upper middle income,2012,3600.31912505518,1738000.0,6113975.0
SLV,El Salvador,Latin America & Caribbean,Upper middle income,2013,3665.90044167854,1822000.0,6138839.0
SLV,El Salvador,Latin America & Caribbean,Upper middle income,2014,3713.94992016222,1886000.0,6162955.0
SLV,El Salvador,Latin America & Caribbean,Upper middle income,2015,3790.34089108162,1973000.0,6183676.0
SLV,El Salvador,Latin America & Caribbean,Upper middle income,2016,3875.84691357954,2052000.0,6200800.0
SLV,El Salvador,Latin America & Caribbean,Upper middle income,2017,3954.84014277572,2247000.0,6213533.0
SLV,El Salvador,Latin America & Caribbean,Upper middle income,2018,4046.16291720583,2536000.0,6219807.0
SLV,El Salvador,Latin America & Caribbean,Upper middle income,2019,4143.11437097867,2639000.0,6222318.0
SLV,El Salvador,Latin America & Caribbean,Upper middle income,2020,3808.53195436409,707000.0,6234673.0
SLV,El Salvador,Latin America & Caribbean,Upper middle income,2021,4247.54750394978,,6255782.0
SLV,El Salvador,Latin America & Caribbean,Upper middle income,2022,4355.96037108555,,6280319.0
SLV,El Salvador,Latin America & Caribbean,Upper middle income,2023,4481.19664108356,,6309624.0
SLV,El Salvador,Latin America & Caribbean,Upper middle income,2024,4576.55846613444,,6338193.0
SMR,San Marino,Europe & Central Asia,High income,1980,,,21585.0
SMR,San Marino,Europe & Central Asia,High income,1981,,,21840.0
SMR,San Marino,Europe & Central Asia,High income,1982,,,22055.0
SMR,San Marino,Europe & Central Asia,High income,1983,,,22229.0
SMR,San Marino,Europe & Central Asia,High income,1984,,,22346.0
SMR,San Marino,Europe & Central Asia,High income,1985,,,22485.0
SMR,San Marino,Europe & Central Asia,High income,1986,,,22636.0
SMR,San Marino,Europe & Central Asia,High income,1987,,,22686.0
SMR,San Marino,Europe & Central Asia,High income,1988,,,22843.0
SMR,San Marino,Europe & Central Asia,High income,1989,,,23154.0
SMR,San Marino,Europe & Central Asia,High income,1990,,,23475.0
SMR,San Marino,Europe & Central Asia,High income,1991,,,23797.0
SMR,San Marino,Europe & Central Asia,High income,1992,,,24125.0
SMR,San Marino,Europe & Central Asia,High income,1993,,,24472.0
SMR,San Marino,Europe & Central Asia,High income,1994,,,24823.0
SMR,San Marino,Europe & Central Asia,High income,1995,,3368000.0,25158.0
SMR,San Marino,Europe & Central Asia,High income,1996,,3345000.0,25482.0
SMR,San Marino,Europe & Central Asia,High income,1997,48409.5258357086,3308000.0,25800.0
SMR,San Marino,Europe & Central Asia,High income,1998,51376.4130293207,3264000.0,26125.0
SMR,San Marino,Europe & Central Asia,High income,1999,55318.4208680654,3148000.0,26459.0
SMR,San Marino,Europe & Central Asia,High income,2000,55806.8967854415,3071000.0,26799.0
SMR,San Marino,Europe & Central Asia,High income,2001,58173.2673485907,3036000.0,27143.0
SMR,San Marino,Europe & Central Asia,High income,2002,57615.3840607029,3102000.0,27491.0
SMR,San Marino,Europe & Central Asia,High income,2003,59090.2064374385,2882000.0,27843.0
SMR,San Marino,Europe & Central Asia,High income,2004,58393.1973140469,2812000.0,29457.0
SMR,San Marino,Europe & Central Asia,High income,2005,59049.5507985237,2107000.0,29836.0
SMR,San Marino,Europe & Central Asia,High income,2006,60604.3235393604,2136000.0,30184.0
SMR,San Marino,Europe & Central Asia,High income,2007,62776.9178275821,2164000.0,31211.0
SMR,San Marino,Europe & Central Asia,High income,2008,61572.7157847481,2112000.0,31662.0
SMR,San Marino,Europe & Central Asia,High income,2009,52873.2443236949,2056000.0,33066.0
SMR,San Marino,Europe & Central Asia,High income,2010,49672.6753589594,1976000.0,33270.0
SMR,San Marino,Europe & Central Asia,High income,2011,46450.0042070199,2038000.0,32620.0
SMR,San Marino,Europe & Central Asia,High income,2012,42082.5364542056,1869000.0,33469.0
SMR,San Marino,Europe & Central Asia,High income,2013,42293.4679807917,1905000.0,33041.0
SMR,San Marino,Europe & Central Asia,High income,2014,42492.831738275,2004000.0,32655.0
SMR,San Marino,Europe & Central Asia,High income,2015,43146.8035302005,1888000.0,32897.0
SMR,San Marino,Europe & Central Asia,High income,2016,43886.1965081114,2000000.0,33101.0
SMR,San Marino,Europe & Central Asia,High income,2017,43057.7582484571,1937000.0,33825.0
SMR,San Marino,Europe & Central Asia,High income,2018,42818.6755959614,1874000.0,34522.0
SMR,San Marino,Europe & Central Asia,High income,2019,43525.4039798176,1904000.0,34663.0
SMR,San Marino,Europe & Central Asia,High income,2020,40506.8341853183,,34770.0
SMR,San Marino,Europe & Central Asia,High income,2021,46834.1172363873,,34252.0
SMR,San Marino,Europe & Central Asia,High income,2022,51277.3242468583,,33755.0
SMR,San Marino,Europe & Central Asia,High income,2023,51323.7741002928,,33860.0
SMR,San Marino,Europe & Central Asia,High income,2024,,,33977.0
SOM,"Somalia, Fed. Rep.",Sub-Saharan Africa,Low income,1980,239.470243473533,,5936154.0
SOM,"Somalia, Fed. Rep.",Sub-Saharan Africa,Low income,1981,252.485050366444,,5982849.0
SOM,"Somalia, Fed. Rep.",Sub-Saharan Africa,Low income,1982,258.564156472616,,6003840.0
SOM,"Somalia, Fed. Rep.",Sub-Saharan Africa,Low income,1983,221.453992833667,,6198430.0
SOM,"Somalia, Fed. Rep.",Sub-Saharan Africa,Low income,1984,220.505292974997,,6428389.0
SOM,"Somalia, Fed. Rep.",Sub-Saharan Africa,Low income,1985,231.960661998941,,6693289.0
SOM,"Somalia, Fed. Rep.",Sub-Saharan Africa,Low income,1986,217.822044975288,,6974788.0
SOM,"Somalia, Fed. Rep.",Sub-Saharan Africa,Low income,1987,231.385120661873,,7228302.0
SOM,"Somalia, Fed. Rep.",Sub-Saharan Africa,Low income,1988,239.054073867183,,7235360.0
SOM,"Somalia, Fed. Rep.",Sub-Saharan Africa,Low income,1989,252.360849486732,,7114817.0
SOM,"Somalia, Fed. Rep.",Sub-Saharan Africa,Low income,1990,259.400021870102,,7082811.0
SOM,"Somalia, Fed. Rep.",Sub-Saharan Africa,Low income,1991,277.598802350398,,6813760.0
SOM,"Somalia, Fed. Rep.",Sub-Saharan Africa,Low income,1992,266.498410042717,,6495107.0
SOM,"Somalia, Fed. Rep.",Sub-Saharan Africa,Low income,1993,269.406204622777,,6681399.0
SOM,"Somalia, Fed. Rep.",Sub-Saharan Africa,Low income,1994,210.446194601917,,7026797.0
SOM,"Somalia, Fed. Rep.",Sub-Saharan Africa,Low income,1995,211.087530841799,,7285007.0
SOM,"Somalia, Fed. Rep.",Sub-Saharan Africa,Low income,1996,219.93638187378,,7554474.0
SOM,"Somalia, Fed. Rep.",Sub-Saharan Africa,Low income,1997,214.852351288921,,7824525.0
SOM,"Somalia, Fed. Rep.",Sub-Saharan Africa,Low income,1998,219.712160749461,,8155417.0
SOM,"Somalia, Fed. Rep.",Sub-Saharan Africa,Low income,1999,226.444111028772,,8492059.0
SOM,"Somalia, Fed. Rep.",Sub-Saharan Africa,Low income,2000,233.032393086303,,8838713.0
SOM,"Somalia, Fed. Rep.",Sub-Saharan Africa,Low income,2001,239.839074088089,,9198493.0
SOM,"Somalia, Fed. Rep.",Sub-Saharan Africa,Low income,2002,248.636454000924,,9550063.0
SOM,"Somalia, Fed. Rep.",Sub-Saharan Africa,Low income,2003,257.910337235953,,9909157.0
SOM,"Somalia, Fed. Rep.",Sub-Saharan Africa,Low income,2004,266.257271856551,,10280998.0
SOM,"Somalia, Fed. Rep.",Sub-Saharan Africa,Low income,2005,275.457040797983,,10644228.0
SOM,"Somalia, Fed. Rep.",Sub-Saharan Africa,Low income,2006,284.47078986532,,10975502.0
SOM,"Somalia, Fed. Rep.",Sub-Saharan Africa,Low income,2007,294.210404466601,,11322582.0
SOM,"Somalia, Fed. Rep.",Sub-Saharan Africa,Low income,2008,304.741448811237,,11663084.0
SOM,"Somalia, Fed. Rep.",Sub-Saharan Africa,Low income,2009,317.038184814662,,11961201.0
SOM,"Somalia, Fed. Rep.",Sub-Saharan Africa,Low income,2010,329.970504936872,,12261756.0
SOM,"Somalia, Fed. Rep.",Sub-Saharan Africa,Low income,2011,349.577449077711,,12348830.0
SOM,"Somalia, Fed. Rep.",Sub-Saharan Africa,Low income,2012,369.617204753489,,12461160.0
SOM,"Somalia, Fed. Rep.",Sub-Saharan Africa,Low income,2013,397.108796344814,,12869594.0
SOM,"Somalia, Fed. Rep.",Sub-Saharan Africa,Low income,2014,417.516796906402,,13339491.0
SOM,"Somalia, Fed. Rep.",Sub-Saharan Africa,Low income,2015,445.583080073396,,13806963.0
SOM,"Somalia, Fed. Rep.",Sub-Saharan Africa,Low income,2016,458.92147682461,,14348740.0
SOM,"Somalia, Fed. Rep.",Sub-Saharan Africa,Low income,2017,506.501098879426,,14916629.0
SOM,"Somalia, Fed. Rep.",Sub-Saharan Africa,Low income,2018,498.981065013918,,15452487.0
SOM,"Somalia, Fed. Rep.",Sub-Saharan Africa,Low income,2019,494.444039712384,,16030971.0
SOM,"Somalia, Fed. Rep.",Sub-Saharan Africa,Low income,2020,462.867053737278,,16651191.0
SOM,"Somalia, Fed. Rep.",Sub-Saharan Africa,Low income,2021,461.627830726021,,17271431.0
SOM,"Somalia, Fed. Rep.",Sub-Saharan Africa,Low income,2022,460.046226685238,,17801897.0
SOM,"Somalia, Fed. Rep.",Sub-Saharan Africa,Low income,2023,464.72106952561,,18358615.0
SOM,"Somalia, Fed. Rep.",Sub-Saharan Africa,Low income,2024,467.269910194458,,19009151.0
SRB,Serbia,Europe & Central Asia,Upper middle income,1980,,,7709544.0
SRB,Serbia,Europe & Central Asia,Upper middle income,1981,,,7736787.0
SRB,Serbia,Europe & Central Asia,Upper middle income,1982,,,7763335.0
SRB,Serbia,Europe & Central Asia,Upper middle income,1983,,,7788100.0
SRB,Serbia,Europe & Central Asia,Upper middle income,1984,,,7813549.0
SRB,Serbia,Europe & Central Asia,Upper middle income,1985,,,7835902.0
SRB,Serbia,Europe & Central Asia,Upper middle income,1986,,,7853824.0
SRB,Serbia,Europe & Central Asia,Upper middle income,1987,,,7868027.0
SRB,Serbia,Europe & Central Asia,Upper middle income,1988,,,7884218.0
SRB,Serbia,Europe & Central Asia,Upper middle income,1989,,,7893787.0
SRB,Serbia,Europe & Central Asia,Upper middle income,1990,,,7897937.0
SRB,Serbia,Europe & Central Asia,Upper middle income,1991,,,7595636.0
SRB,Serbia,Europe & Central Asia,Upper middle income,1992,,,7604063.0
SRB,Serbia,Europe & Central Asia,Upper middle income,1993,,,7614328.0
SRB,Serbia,Europe & Central Asia,Upper middle income,1994,,,7622711.0
SRB,Serbia,Europe & Central Asia,Upper middle income,1995,3012.49816736822,,7628264.0
SRB,Serbia,Europe & Central Asia,Upper middle income,1996,3200.76825835814,,7622185.0
SRB,Serbia,Europe & Central Asia,Upper middle income,1997,3497.55048957119,,7598538.0
SRB,Serbia,Europe & Central Asia,Upper middle income,1998,3699.40380796484,,7567745.0
SRB,Serbia,Europe & Central Asia,Upper middle income,1999,3329.4517344386,,7540401.0
SRB,Serbia,Europe & Central Asia,Upper middle income,2000,3542.35365914848,,7516346.0
SRB,Serbia,Europe & Central Asia,Upper middle income,2001,3788.98233947399,,7503433.0
SRB,Serbia,Europe & Central Asia,Upper middle income,2002,4038.65251197442,312000.0,7500031.0
SRB,Serbia,Europe & Central Asia,Upper middle income,2003,4233.77644906089,339000.0,7480591.0
SRB,Serbia,Europe & Central Asia,Upper middle income,2004,4527.43498659451,392000.0,7463157.0
SRB,Serbia,Europe & Central Asia,Upper middle income,2005,4809.1384076488,453000.0,7440769.0
SRB,Serbia,Europe & Central Asia,Upper middle income,2006,5016.41289322251,469000.0,7411569.0
SRB,Serbia,Europe & Central Asia,Upper middle income,2007,5431.27887426624,696000.0,7381579.0
SRB,Serbia,Europe & Central Asia,Upper middle income,2008,5735.94772695749,646000.0,7350222.0
SRB,Serbia,Europe & Central Asia,Upper middle income,2009,5578.0119741931,645000.0,7320807.0
SRB,Serbia,Europe & Central Asia,Upper middle income,2010,5690.70327182682,683000.0,7291436.0
SRB,Serbia,Europe & Central Asia,Upper middle income,2011,5737.00120175811,764000.0,7236519.0
SRB,Serbia,Europe & Central Asia,Upper middle income,2012,5739.3075023532,810000.0,7201497.0
SRB,Serbia,Europe & Central Asia,Upper middle income,2013,5793.33614525565,922000.0,7166553.0
SRB,Serbia,Europe & Central Asia,Upper middle income,2014,5716.54047153506,1029000.0,7131787.0
SRB,Serbia,Europe & Central Asia,Upper middle income,2015,5820.3215576888,1132000.0,7095383.0
SRB,Serbia,Europe & Central Asia,Upper middle income,2016,6024.95754653784,1281000.0,7058322.0
SRB,Serbia,Europe & Central Asia,Upper middle income,2017,6200.26118592152,1497000.0,7020858.0
SRB,Serbia,Europe & Central Asia,Upper middle income,2018,6524.08029755191,1711000.0,6982604.0
SRB,Serbia,Europe & Central Asia,Upper middle income,2019,6870.75810896296,1847000.0,6945235.0
SRB,Serbia,Europe & Central Asia,Upper middle income,2020,6850.96742168834,446000.0,6899126.0
SRB,Serbia,Europe & Central Asia,Upper middle income,2021,7465.67601077148,,6834326.0
SRB,Serbia,Europe & Central Asia,Upper middle income,2022,7862.95387364846,,6664449.0
SRB,Serbia,Europe & Central Asia,Upper middle income,2023,8208.4786891507,,6623183.0
SRB,Serbia,Europe & Central Asia,Upper middle income,2024,8580.26105823259,,6586476.0
SSD,South Sudan,Sub-Saharan Africa,Low income,1980,,,4339030.0
SSD,South Sudan,Sub-Saharan Africa,Low income,1981,,,4447272.0
SSD,South Sudan,Sub-Saharan Africa,Low income,1982,,,4557686.0
SSD,South Sudan,Sub-Saharan Africa,Low income,1983,,,4661574.0
SSD,South Sudan,Sub-Saharan Africa,Low income,1984,,,4750627.0
SSD,South Sudan,Sub-Saharan Africa,Low income,1985,,,4834296.0
SSD,South Sudan,Sub-Saharan Africa,Low income,1986,,,4921240.0
SSD,South Sudan,Sub-Saharan Africa,Low income,1987,,,4962395.0
SSD,South Sudan,Sub-Saharan Africa,Low income,1988,,,4848029.0
SSD,South Sudan,Sub-Saharan Africa,Low income,1989,,,4713229.0
SSD,South Sudan,Sub-Saharan Africa,Low income,1990,,,4737633.0
SSD,South Sudan,Sub-Saharan Africa,Low income,1991,,,4836677.0
SSD,South Sudan,Sub-Saharan Africa,Low income,1992,,,4909749.0
SSD,South Sudan,Sub-Saharan Africa,Low income,1993,,,4956002.0
SSD,South Sudan,Sub-Saharan Africa,Low income,1994,,,5071184.0
SSD,South Sudan,Sub-Saharan Africa,Low income,1995,,,5225836.0
SSD,South Sudan,Sub-Saharan Africa,Low income,1996,,,5356925.0
SSD,South Sudan,Sub-Saharan Africa,Low income,1997,,,5509136.0
SSD,South Sudan,Sub-Saharan Africa,Low income,1998,,,5620068.0
SSD,South Sudan,Sub-Saharan Africa,Low income,1999,,,5771628.0
SSD,South Sudan,Sub-Saharan Africa,Low income,2000,,,6032267.0
SSD,South Sudan,Sub-Saharan Africa,Low income,2001,,,6308391.0
SSD,South Sudan,Sub-Saharan Africa,Low income,2002,,,6596806.0
SSD,South Sudan,Sub-Saharan Africa,Low income,2003,,,6903127.0
SSD,South Sudan,Sub-Saharan Africa,Low income,2004,,,7233041.0
SSD,South Sudan,Sub-Saharan Africa,Low income,2005,,,7590143.0
SSD,South Sudan,Sub-Saharan Africa,Low income,2006,,,7976526.0
SSD,South Sudan,Sub-Saharan Africa,Low income,2007,,,8388788.0
SSD,South Sudan,Sub-Saharan Africa,Low income,2008,2289.18415375563,,8817647.0
SSD,South Sudan,Sub-Saharan Africa,Low income,2009,2293.80166888543,,9243556.0
SSD,South Sudan,Sub-Saharan Africa,Low income,2010,2295.07026096006,,9745953.0
SSD,South Sudan,Sub-Saharan Africa,Low income,2011,2073.23981819145,,10288109.0
SSD,South Sudan,Sub-Saharan Africa,Low income,2012,1069.19619080938,,10756240.0
SSD,South Sudan,Sub-Saharan Africa,Low income,2013,1165.16202707495,,11166275.0
SSD,South Sudan,Sub-Saharan Africa,Low income,2014,1197.09491969479,,11235073.0
SSD,South Sudan,Sub-Saharan Africa,Low income,2015,1080.14718624765,,11107561.0
SSD,South Sudan,Sub-Saharan Africa,Low income,2016,,,10830102.0
SSD,South Sudan,Sub-Saharan Africa,Low income,2017,,,10259154.0
SSD,South Sudan,Sub-Saharan Africa,Low income,2018,,,10122977.0
SSD,South Sudan,Sub-Saharan Africa,Low income,2019,,,10423384.0
SSD,South Sudan,Sub-Saharan Africa,Low income,2020,,,10698467.0
SSD,South Sudan,Sub-Saharan Africa,Low income,2021,,,10865780.0
SSD,South Sudan,Sub-Saharan Africa,Low income,2022,,,11021177.0
SSD,South Sudan,Sub-Saharan Africa,Low income,2023,,,11483374.0
SSD,South Sudan,Sub-Saharan Africa,Low income,2024,,,11943408.0
STP,Sao Tome and Principe,Sub-Saharan Africa,Lower middle income,1980,1405.76061531863,,98544.0
STP,Sao Tome and Principe,Sub-Saharan Africa,Lower middle income,1981,1234.82085380117,,100615.0
STP,Sao Tome and Principe,Sub-Saharan Africa,Lower middle income,1982,1249.50268222753,,102508.0
STP,Sao Tome and Principe,Sub-Saharan Africa,Lower middle income,1983,1179.55626040759,,104380.0
STP,Sao Tome and Principe,Sub-Saharan Africa,Lower middle income,1984,1087.44153359985,,106394.0
STP,Sao Tome and Principe,Sub-Saharan Africa,Lower middle income,1985,1163.80724250137,,108658.0
STP,Sao Tome and Principe,Sub-Saharan Africa,Lower middle income,1986,1071.36164381493,,111150.0
STP,Sao Tome and Principe,Sub-Saharan Africa,Lower middle income,1987,1014.69125831664,,113919.0
STP,Sao Tome and Principe,Sub-Saharan Africa,Lower middle income,1988,1008.24359402711,,116939.0
STP,Sao Tome and Principe,Sub-Saharan Africa,Lower middle income,1989,1013.50760361265,,119979.0
STP,Sao Tome and Principe,Sub-Saharan Africa,Lower middle income,1990,967.490807502814,,122980.0
STP,Sao Tome and Principe,Sub-Saharan Africa,Lower middle income,1991,957.946483063679,,125697.0
STP,Sao Tome and Principe,Sub-Saharan Africa,Lower middle income,1992,946.482495103288,,128110.0
STP,Sao Tome and Principe,Sub-Saharan Africa,Lower middle income,1993,939.606669438019,,130467.0
STP,Sao Tome and Principe,Sub-Saharan Africa,Lower middle income,1994,943.891404294867,,132732.0
STP,Sao Tome and Principe,Sub-Saharan Africa,Lower middle income,1995,947.331538535199,6199.99980926514,134895.0
STP,Sao Tome and Principe,Sub-Saharan Africa,Lower middle income,1996,947.030151309961,6400.00009536743,136962.0
STP,Sao Tome and Principe,Sub-Saharan Africa,Lower middle income,1997,942.971185295678,4800.00019073486,138922.0
STP,Sao Tome and Principe,Sub-Saharan Africa,Lower middle income,1998,953.9855008639,5599.99990463257,140751.0
STP,Sao Tome and Principe,Sub-Saharan Africa,Lower middle income,1999,966.2268289095,5800.00019073486,142442.0
STP,Sao Tome and Principe,Sub-Saharan Africa,Lower middle income,2000,959.938180991352,7099.99990463257,144018.0
STP,Sao Tome and Principe,Sub-Saharan Africa,Lower middle income,2001,973.424252100436,7500.0,146375.0
STP,Sao Tome and Principe,Sub-Saharan Africa,Lower middle income,2002,982.32906557627,9199.99980926514,149922.0
STP,Sao Tome and Principe,Sub-Saharan Africa,Lower middle income,2003,1036.86196260207,10000.0,153814.0
STP,Sao Tome and Principe,Sub-Saharan Africa,Lower middle income,2004,1047.05796134884,10600.0003814697,157705.0
STP,Sao Tome and Principe,Sub-Saharan Africa,Lower middle income,2005,1089.14778798762,15800.0001907349,161639.0
STP,Sao Tome and Principe,Sub-Saharan Africa,Lower middle income,2006,1157.0861446542,12300.0001907349,165638.0
STP,Sao Tome and Principe,Sub-Saharan Africa,Lower middle income,2007,1170.51612474435,11800.0001907349,169700.0
STP,Sao Tome and Principe,Sub-Saharan Africa,Lower middle income,2008,1214.14114724792,14500.0,173793.0
STP,Sao Tome and Principe,Sub-Saharan Africa,Lower middle income,2009,1225.60541902997,15199.9998092651,177853.0
STP,Sao Tome and Principe,Sub-Saharan Africa,Lower middle income,2010,1216.3502521663,8000.0,181802.0
STP,Sao Tome and Principe,Sub-Saharan Africa,Lower middle income,2011,1214.96130276731,12199.9998092651,185649.0
STP,Sao Tome and Principe,Sub-Saharan Africa,Lower middle income,2012,1225.6945255615,,189439.0
STP,Sao Tome and Principe,Sub-Saharan Africa,Lower middle income,2013,1263.70423995281,,193148.0
STP,Sao Tome and Principe,Sub-Saharan Africa,Lower middle income,2014,1301.32146445028,,196767.0
STP,Sao Tome and Principe,Sub-Saharan Africa,Lower middle income,2015,1298.10946596396,25600.0003814697,200291.0
STP,Sao Tome and Principe,Sub-Saharan Africa,Lower middle income,2016,1342.533807689,28899.9996185303,203689.0
STP,Sao Tome and Principe,Sub-Saharan Africa,Lower middle income,2017,1375.59403284199,28899.9996185303,206970.0
STP,Sao Tome and Principe,Sub-Saharan Africa,Lower middle income,2018,1413.84348618541,33400.0015258789,210187.0
STP,Sao Tome and Principe,Sub-Saharan Africa,Lower middle income,2019,1420.66008316091,,213392.0
STP,Sao Tome and Principe,Sub-Saharan Africa,Lower middle income,2020,1430.84119299096,,217435.0
STP,Sao Tome and Principe,Sub-Saharan Africa,Lower middle income,2021,1428.28676097975,,221961.0
STP,Sao Tome and Principe,Sub-Saharan Africa,Lower middle income,2022,1403.23356704678,,226305.0
STP,Sao Tome and Principe,Sub-Saharan Africa,Lower middle income,2023,1380.60169416257,,230871.0
STP,Sao Tome and Principe,Sub-Saharan Africa,Lower middle income,2024,1373.27082138436,,235536.0
SUR,Suriname,Latin America & Caribbean,Upper middle income,1980,7110.25141539986,,375377.0
SUR,Suriname,Latin America & Caribbean,Upper middle income,1981,7613.41613760027,,375459.0
SUR,Suriname,Latin America & Caribbean,Upper middle income,1982,7272.42377342797,,376555.0
SUR,Suriname,Latin America & Caribbean,Upper middle income,1983,6948.36988386005,,378746.0
SUR,Suriname,Latin America & Caribbean,Upper middle income,1984,6754.87416435162,,382193.0
SUR,Suriname,Latin America & Caribbean,Upper middle income,1985,6804.88235329589,,386972.0
SUR,Suriname,Latin America & Caribbean,Upper middle income,1986,6765.64454752431,,392330.0
SUR,Suriname,Latin America & Caribbean,Upper middle income,1987,6272.92938552246,,396911.0
SUR,Suriname,Latin America & Caribbean,Upper middle income,1988,6672.84558173621,,402227.0
SUR,Suriname,Latin America & Caribbean,Upper middle income,1989,6847.85742586796,,408409.0
SUR,Suriname,Latin America & Caribbean,Upper middle income,1990,6474.95571162121,,412493.0
SUR,Suriname,Latin America & Caribbean,Upper middle income,1991,6609.4013410012,,415013.0
SUR,Suriname,Latin America & Caribbean,Upper middle income,1992,6594.9041494915,,417589.0
SUR,Suriname,Latin America & Caribbean,Upper middle income,1993,6127.17764098658,,419352.0
SUR,Suriname,Latin America & Caribbean,Upper middle income,1994,6290.15749631679,,422375.0
SUR,Suriname,Latin America & Caribbean,Upper middle income,1995,6184.2834422862,69000.0,429606.0
SUR,Suriname,Latin America & Caribbean,Upper middle income,1996,6114.83571706509,74000.0,438830.0
SUR,Suriname,Latin America & Caribbean,Upper middle income,1997,6330.13718248353,78000.0,448067.0
SUR,Suriname,Latin America & Caribbean,Upper middle income,1998,6343.51344766536,70000.0,457406.0
SUR,Suriname,Latin America & Caribbean,Upper middle income,1999,6127.31035739875,72000.0,466916.0
SUR,Suriname,Latin America & Caribbean,Upper middle income,2000,6128.31602380553,72000.0,476643.0
SUR,Suriname,Latin America & Caribbean,Upper middle income,2001,6255.55274185687,68000.0,486560.0
SUR,Suriname,Latin America & Caribbean,Upper middle income,2002,6301.31731043167,,496551.0
SUR,Suriname,Latin America & Caribbean,Upper middle income,2003,6567.84309876847,100000.0,506414.0
SUR,Suriname,Latin America & Caribbean,Upper middle income,2004,7021.98919924338,,513923.0
SUR,Suriname,Latin America & Caribbean,Upper middle income,2005,7261.8171350196,,519313.0
SUR,Suriname,Latin America & Caribbean,Upper middle income,2006,7599.35696921481,154000.0,524997.0
SUR,Suriname,Latin America & Caribbean,Upper middle income,2007,7897.25648915828,167000.0,531016.0
SUR,Suriname,Latin America & Caribbean,Upper middle income,2008,8129.11464659446,151000.0,537245.0
SUR,Suriname,Latin America & Caribbean,Upper middle income,2009,8276.69079768793,151000.0,543568.0
SUR,Suriname,Latin America & Caribbean,Upper middle income,2010,8603.90786745855,206000.0,549923.0
SUR,Suriname,Latin America & Caribbean,Upper middle income,2011,9003.28597674886,221000.0,556269.0
SUR,Suriname,Latin America & Caribbean,Upper middle income,2012,9140.92898611536,240000.0,562633.0
SUR,Suriname,Latin America & Caribbean,Upper middle income,2013,9303.46008775809,250000.0,569020.0
SUR,Suriname,Latin America & Caribbean,Upper middle income,2014,9224.24378410547,253000.0,575373.0
SUR,Suriname,Latin America & Caribbean,Upper middle income,2015,8813.61705392067,229000.0,581627.0
SUR,Suriname,Latin America & Caribbean,Upper middle income,2016,8293.31553031406,257000.0,587757.0
SUR,Suriname,Latin America & Caribbean,Upper middle income,2017,8338.69235401862,279000.0,593713.0
SUR,Suriname,Latin America & Caribbean,Upper middle income,2018,8666.64870697797,,599513.0
SUR,Suriname,Latin America & Caribbean,Upper middle income,2019,8677.30522021731,,605768.0
SUR,Suriname,Latin America & Caribbean,Upper middle income,2020,7213.10766669943,,612317.0
SUR,Suriname,Latin America & Caribbean,Upper middle income,2021,6973.89941868115,,617896.0
SUR,Suriname,Latin America & Caribbean,Upper middle income,2022,7081.33357325783,,623164.0
SUR,Suriname,Latin America & Caribbean,Upper middle income,2023,7186.47308144145,,628886.0
SUR,Suriname,Latin America & Caribbean,Upper middle income,2024,7246.25768221495,,634431.0
SVK,Slovak Republic,Europe & Central Asia,High income,1980,,,4979815.0
SVK,Slovak Republic,Europe & Central Asia,High income,1981,,,5016105.0
SVK,Slovak Republic,Europe & Central Asia,High income,1982,,,5055099.0
SVK,Slovak Republic,Europe & Central Asia,High income,1983,,,5091971.0
SVK,Slovak Republic,Europe & Central Asia,High income,1984,,,5127097.0
SVK,Slovak Republic,Europe & Central Asia,High income,1985,,,5161768.0
SVK,Slovak Republic,Europe & Central Asia,High income,1986,,,5193838.0
SVK,Slovak Republic,Europe & Central Asia,High income,1987,,,5222840.0
SVK,Slovak Republic,Europe & Central Asia,High income,1988,,,5250596.0
SVK,Slovak Republic,Europe & Central Asia,High income,1989,,,5275942.0
SVK,Slovak Republic,Europe & Central Asia,High income,1990,8597.46391527645,,5299187.0
SVK,Slovak Republic,Europe & Central Asia,High income,1991,7338.79874023232,,5303294.0
SVK,Slovak Republic,Europe & Central Asia,High income,1992,6843.30017436782,,5305016.0
SVK,Slovak Republic,Europe & Central Asia,High income,1993,6946.84564117976,,5325305.0
SVK,Slovak Republic,Europe & Central Asia,High income,1994,7348.918397432,,5346331.0
SVK,Slovak Republic,Europe & Central Asia,High income,1995,7755.6233338553,,5361999.0
SVK,Slovak Republic,Europe & Central Asia,High income,1996,8212.83193942756,,5373361.0
SVK,Slovak Republic,Europe & Central Asia,High income,1997,8647.39434311517,,5383291.0
SVK,Slovak Republic,Europe & Central Asia,High income,1998,8966.21926231252,,5390516.0
SVK,Slovak Republic,Europe & Central Asia,High income,1999,8914.68326467255,,5396020.0
SVK,Slovak Republic,Europe & Central Asia,High income,2000,8997.21199594319,,5388720.0
SVK,Slovak Republic,Europe & Central Asia,High income,2001,9277.35808851002,,5378867.0
SVK,Slovak Republic,Europe & Central Asia,High income,2002,9690.68468262889,,5376912.0
SVK,Slovak Republic,Europe & Central Asia,High income,2003,10168.02256533,,5373374.0
SVK,Slovak Republic,Europe & Central Asia,High income,2004,10718.2101858841,,5372280.0
SVK,Slovak Republic,Europe & Central Asia,High income,2005,11412.1593630008,,5372807.0
SVK,Slovak Republic,Europe & Central Asia,High income,2006,12430.2015488557,,5373054.0
SVK,Slovak Republic,Europe & Central Asia,High income,2007,13770.9602691527,,5374622.0
SVK,Slovak Republic,Europe & Central Asia,High income,2008,14497.1114407172,,5379233.0
SVK,Slovak Republic,Europe & Central Asia,High income,2009,13680.7537106597,,5386406.0
SVK,Slovak Republic,Europe & Central Asia,High income,2010,14596.1477776887,,5391428.0
SVK,Slovak Republic,Europe & Central Asia,High income,2011,14950.8735178599,,5398384.0
SVK,Slovak Republic,Europe & Central Asia,High income,2012,15159.6570420004,,5407579.0
SVK,Slovak Republic,Europe & Central Asia,High income,2013,15249.8824513785,12583000.0,5413393.0
SVK,Slovak Republic,Europe & Central Asia,High income,2014,15647.6491763517,11556000.0,5418649.0
SVK,Slovak Republic,Europe & Central Asia,High income,2015,16442.0760860018,14936000.0,5423801.0
SVK,Slovak Republic,Europe & Central Asia,High income,2016,16740.7413996428,17376000.0,5430798.0
SVK,Slovak Republic,Europe & Central Asia,High income,2017,17195.2888721963,15406000.0,5439232.0
SVK,Slovak Republic,Europe & Central Asia,High income,2018,17869.0149173679,15299000.0,5446771.0
SVK,Slovak Republic,Europe & Central Asia,High income,2019,18250.9802475637,,5454147.0
SVK,Slovak Republic,Europe & Central Asia,High income,2020,17763.8563847352,,5458827.0
SVK,Slovak Republic,Europe & Central Asia,High income,2021,18808.4540496595,,5447247.0
SVK,Slovak Republic,Europe & Central Asia,High income,2022,18964.8298400624,,5431752.0
SVK,Slovak Republic,Europe & Central Asia,High income,2023,19383.3732009401,,5426740.0
SVK,Slovak Republic,Europe & Central Asia,High income,2024,19776.1758069498,,5422069.0
SVN,Slovenia,Europe & Central Asia,High income,1980,,,1901315.0
SVN,Slovenia,Europe & Central Asia,High income,1981,,,1906531.0
SVN,Slovenia,Europe & Central Asia,High income,1982,,,1910334.0
SVN,Slovenia,Europe & Central Asia,High income,1983,,,1922321.0
SVN,Slovenia,Europe & Central Asia,High income,1984,,,1932154.0
SVN,Slovenia,Europe & Central Asia,High income,1985,,,1941641.0
SVN,Slovenia,Europe & Central Asia,High income,1986,,,1965964.0
SVN,Slovenia,Europe & Central Asia,High income,1987,,,1989776.0
SVN,Slovenia,Europe & Central Asia,High income,1988,,,1995196.0
SVN,Slovenia,Europe & Central Asia,High income,1989,,,1996351.0
SVN,Slovenia,Europe & Central Asia,High income,1990,13615.5853511552,,1998161.0
SVN,Slovenia,Europe & Central Asia,High income,1991,12395.9173883243,,1999429.0
SVN,Slovenia,Europe & Central Asia,High income,1992,11735.8458123902,,1996498.0
SVN,Slovenia,Europe & Central Asia,High income,1993,12098.3412867237,,1991746.0
SVN,Slovenia,Europe & Central Asia,High income,1994,12757.6301288509,,1989443.0
SVN,Slovenia,Europe & Central Asia,High income,1995,13278.7428559643,732000.0,1989872.0
SVN,Slovenia,Europe & Central Asia,High income,1996,13674.183297426,832000.0,1988628.0
SVN,Slovenia,Europe & Central Asia,High income,1997,14400.670888341,974000.0,1985956.0
SVN,Slovenia,Europe & Central Asia,High income,1998,14874.2904782546,977000.0,1981629.0
SVN,Slovenia,Europe & Central Asia,High income,1999,15646.6885879812,884000.0,1983045.0
SVN,Slovenia,Europe & Central Asia,High income,2000,16146.1216848394,1090000.0,1988925.0
SVN,Slovenia,Europe & Central Asia,High income,2001,16576.7158840406,1219000.0,1992060.0
SVN,Slovenia,Europe & Central Asia,High income,2002,17099.658209132,1302000.0,1994530.0
SVN,Slovenia,Europe & Central Asia,High income,2003,17635.3608581831,1373000.0,1995733.0
SVN,Slovenia,Europe & Central Asia,High income,2004,18425.2601213581,1499000.0,1997012.0
SVN,Slovenia,Europe & Central Asia,High income,2005,19102.2776603905,1555000.0,2000474.0
SVN,Slovenia,Europe & Central Asia,High income,2006,20166.5323431214,1617000.0,2006868.0
SVN,Slovenia,Europe & Central Asia,High income,2007,21485.780992381,1751000.0,2018122.0
SVN,Slovenia,Europe & Central Asia,High income,2008,22175.2369557321,1958000.0,2021316.0
SVN,Slovenia,Europe & Central Asia,High income,2009,20307.6188322273,1824000.0,2039669.0
SVN,Slovenia,Europe & Central Asia,High income,2010,20444.1201295876,2049000.0,2048583.0
SVN,Slovenia,Europe & Central Asia,High income,2011,20535.4155754108,2236000.0,2052843.0
SVN,Slovenia,Europe & Central Asia,High income,2012,19894.8697964548,2377000.0,2057159.0
SVN,Slovenia,Europe & Central Asia,High income,2013,19704.2186005128,2502000.0,2059953.0
SVN,Slovenia,Europe & Central Asia,High income,2014,20228.7081986391,2675000.0,2061980.0
SVN,Slovenia,Europe & Central Asia,High income,2015,20697.2748530619,3022000.0,2063531.0
SVN,Slovenia,Europe & Central Asia,High income,2016,21309.7122138949,3397000.0,2065042.0
SVN,Slovenia,Europe & Central Asia,High income,2017,22397.7634988337,3991000.0,2066388.0
SVN,Slovenia,Europe & Central Asia,High income,2018,23293.966665323,4425000.0,2073894.0
SVN,Slovenia,Europe & Central Asia,High income,2019,23943.1800949889,4702000.0,2088385.0
SVN,Slovenia,Europe & Central Asia,High income,2020,22811.8050540778,1216000.0,2102419.0
SVN,Slovenia,Europe & Central Asia,High income,2021,24665.4410464026,,2108079.0
SVN,Slovenia,Europe & Central Asia,High income,2022,25275.715967757,,2112076.0
SVN,Slovenia,Europe & Central Asia,High income,2023,25773.9015835069,,2120461.0
SVN,Slovenia,Europe & Central Asia,High income,2024,26134.627203987,,2127400.0
SWE,Sweden,Europe & Central Asia,High income,1980,28931.0264163728,,8310531.0
SWE,Sweden,Europe & Central Asia,High income,1981,29027.7824143923,,8320503.0
SWE,Sweden,Europe & Central Asia,High income,1982,29373.4380991971,,8325263.0
SWE,Sweden,Europe & Central Asia,High income,1983,29918.1729235917,,8329033.0
SWE,Sweden,Europe & Central Asia,High income,1984,31155.2490743847,,8336605.0
SWE,Sweden,Europe & Central Asia,High income,1985,31775.7912577093,,8350386.0
SWE,Sweden,Europe & Central Asia,High income,1986,32555.1791684435,,8369829.0
SWE,Sweden,Europe & Central Asia,High income,1987,33534.9428309982,,8397804.0
SWE,Sweden,Europe & Central Asia,High income,1988,34235.4074821733,,8436489.0
SWE,Sweden,Europe & Central Asia,High income,1989,34910.5951930064,,8492964.0
SWE,Sweden,Europe & Central Asia,High income,1990,34903.3480401006,,8558835.0
SWE,Sweden,Europe & Central Asia,High income,1991,34268.9743998346,,8617375.0
SWE,Sweden,Europe & Central Asia,High income,1992,33673.8489875564,,8668067.0
SWE,Sweden,Europe & Central Asia,High income,1993,32787.2810455518,,8718561.0
SWE,Sweden,Europe & Central Asia,High income,1994,33862.4221711967,,8780745.0
SWE,Sweden,Europe & Central Asia,High income,1995,35064.4138802129,2310000.0,8826939.0
SWE,Sweden,Europe & Central Asia,High income,1996,35605.4537507466,2376000.0,8840998.0
SWE,Sweden,Europe & Central Asia,High income,1997,36675.7506543343,2388000.0,8846062.0
SWE,Sweden,Europe & Central Asia,High income,1998,38211.7233090832,2573000.0,8850974.0
SWE,Sweden,Europe & Central Asia,High income,1999,39786.0271902555,2595000.0,8857874.0
SWE,Sweden,Europe & Central Asia,High income,2000,41561.7747635857,3828000.0,8872109.0
SWE,Sweden,Europe & Central Asia,High income,2001,42014.4022302506,4108000.0,8895960.0
SWE,Sweden,Europe & Central Asia,High income,2002,42831.7584103774,4276000.0,8924958.0
SWE,Sweden,Europe & Central Asia,High income,2003,43475.3655433221,4268000.0,8958229.0
SWE,Sweden,Europe & Central Asia,High income,2004,45114.6701230708,4676000.0,8993531.0
SWE,Sweden,Europe & Central Asia,High income,2005,46189.6828420555,4883000.0,9029572.0
SWE,Sweden,Europe & Central Asia,High income,2006,48078.3520110084,4729000.0,9080505.0
SWE,Sweden,Europe & Central Asia,High income,2007,49262.152916545,5224000.0,9148092.0
SWE,Sweden,Europe & Central Asia,High income,2008,48428.6587081751,4555000.0,9219637.0
SWE,Sweden,Europe & Central Asia,High income,2009,45974.3911151254,4899000.0,9298515.0
SWE,Sweden,Europe & Central Asia,High income,2010,48205.5492512742,5183000.0,9378126.0
SWE,Sweden,Europe & Central Asia,High income,2011,49356.5905257047,11567000.0,9449213.0
SWE,Sweden,Europe & Central Asia,High income,2012,48789.7906883637,12372000.0,9519374.0
SWE,Sweden,Europe & Central Asia,High income,2013,48928.4994141291,10980000.0,9600379.0
SWE,Sweden,Europe & Central Asia,High income,2014,49557.6183647959,10522000.0,9696110.0
SWE,Sweden,Europe & Central Asia,High income,2015,51188.1652120493,6482000.0,9799186.0
SWE,Sweden,Europe & Central Asia,High income,2016,51626.3235312369,6782000.0,9923085.0
SWE,Sweden,Europe & Central Asia,High income,2017,51894.3748177808,7054000.0,10057698.0
SWE,Sweden,Europe & Central Asia,High income,2018,52203.0872589761,7440000.0,10175214.0
SWE,Sweden,Europe & Central Asia,High income,2019,53024.4099494317,7616000.0,10278887.0
SWE,Sweden,Europe & Central Asia,High income,2020,51624.5811789573,1957000.0,10353442.0
SWE,Sweden,Europe & Central Asia,High income,2021,53997.1337068799,,10415811.0
SWE,Sweden,Europe & Central Asia,High income,2022,54304.1877501033,,10486941.0
SWE,Sweden,Europe & Central Asia,High income,2023,53937.7967122429,,10536632.0
SWE,Sweden,Europe & Central Asia,High income,2024,54316.2619329718,,10569709.0
SWZ,Eswatini,Sub-Saharan Africa,Lower middle income,1980,1223.7010122456,,596644.0
SWZ,Eswatini,Sub-Saharan Africa,Lower middle income,1981,1357.00746151632,,616808.0
SWZ,Eswatini,Sub-Saharan Africa,Lower middle income,1982,1328.04038032375,,637652.0
SWZ,Eswatini,Sub-Saharan Africa,Lower middle income,1983,1300.5544789406,,658957.0
SWZ,Eswatini,Sub-Saharan Africa,Lower middle income,1984,1336.42629570893,,680783.0
SWZ,Eswatini,Sub-Saharan Africa,Lower middle income,1985,1337.19295932987,,706196.0
SWZ,Eswatini,Sub-Saharan Africa,Lower middle income,1986,1442.88839640842,,734732.0
SWZ,Eswatini,Sub-Saharan Africa,Lower middle income,1987,1590.689371117,,763811.0
SWZ,Eswatini,Sub-Saharan Africa,Lower middle income,1988,1618.91934480167,,799798.0
SWZ,Eswatini,Sub-Saharan Africa,Lower middle income,1989,1745.0256877423,,837800.0
SWZ,Eswatini,Sub-Saharan Africa,Lower middle income,1990,2027.97481893357,,872428.0
SWZ,Eswatini,Sub-Saharan Africa,Lower middle income,1991,1982.41521742784,,908189.0
SWZ,Eswatini,Sub-Saharan Africa,Lower middle income,1992,1969.96082517613,,943416.0
SWZ,Eswatini,Sub-Saharan Africa,Lower middle income,1993,1972.8034062953,,971318.0
SWZ,Eswatini,Sub-Saharan Africa,Lower middle income,1994,2020.38481816452,,971212.0
SWZ,Eswatini,Sub-Saharan Africa,Lower middle income,1995,2119.58163612274,,970433.0
SWZ,Eswatini,Sub-Saharan Africa,Lower middle income,1996,2157.86134438392,1337000.0,989841.0
SWZ,Eswatini,Sub-Saharan Africa,Lower middle income,1997,2187.69829843414,1635000.0,1006635.0
SWZ,Eswatini,Sub-Saharan Africa,Lower middle income,1998,2216.00896777397,986000.0,1019653.0
SWZ,Eswatini,Sub-Saharan Africa,Lower middle income,1999,2256.76912984402,1253000.0,1030782.0
SWZ,Eswatini,Sub-Saharan Africa,Lower middle income,2000,2273.04683761056,1151000.0,1041414.0
SWZ,Eswatini,Sub-Saharan Africa,Lower middle income,2001,2283.98316815361,1312000.0,1051064.0
SWZ,Eswatini,Sub-Saharan Africa,Lower middle income,2002,2358.56935643468,1371000.0,1059441.0
SWZ,Eswatini,Sub-Saharan Africa,Lower middle income,2003,2448.83792077995,1543000.0,1066700.0
SWZ,Eswatini,Sub-Saharan Africa,Lower middle income,2004,2522.14342097167,,1073159.0
SWZ,Eswatini,Sub-Saharan Africa,Lower middle income,2005,2658.75180508187,1182000.0,1079022.0
SWZ,Eswatini,Sub-Saharan Africa,Lower middle income,2006,2823.48728215402,1200000.0,1084436.0
SWZ,Eswatini,Sub-Saharan Africa,Lower middle income,2007,2928.46845823015,1230000.0,1090705.0
SWZ,Eswatini,Sub-Saharan Africa,Lower middle income,2008,2950.67334362132,1186000.0,1098091.0
SWZ,Eswatini,Sub-Saharan Africa,Lower middle income,2009,2973.83456912379,1344000.0,1105153.0
SWZ,Eswatini,Sub-Saharan Africa,Lower middle income,2010,3069.52175725884,1343000.0,1111650.0
SWZ,Eswatini,Sub-Saharan Africa,Lower middle income,2011,3108.70225253092,1328000.0,1117833.0
SWZ,Eswatini,Sub-Saharan Africa,Lower middle income,2012,3218.50138205493,1278000.0,1123863.0
SWZ,Eswatini,Sub-Saharan Africa,Lower middle income,2013,3332.11983927912,1299000.0,1129990.0
SWZ,Eswatini,Sub-Saharan Africa,Lower middle income,2014,3381.79292071291,1325000.0,1136299.0
SWZ,Eswatini,Sub-Saharan Africa,Lower middle income,2015,3419.82276559528,1256000.0,1142813.0
SWZ,Eswatini,Sub-Saharan Africa,Lower middle income,2016,3500.17688847942,1279000.0,1149507.0
SWZ,Eswatini,Sub-Saharan Africa,Lower middle income,2017,3596.23605400492,1343000.0,1158195.0
SWZ,Eswatini,Sub-Saharan Africa,Lower middle income,2018,3565.54285067501,1277000.0,1168929.0
SWZ,Eswatini,Sub-Saharan Africa,Lower middle income,2019,3759.67106964666,1226000.0,1179874.0
SWZ,Eswatini,Sub-Saharan Africa,Lower middle income,2020,3609.3669136859,345299.987792969,1192729.0
SWZ,Eswatini,Sub-Saharan Africa,Lower middle income,2021,3719.03838239806,,1206593.0
SWZ,Eswatini,Sub-Saharan Africa,Lower middle income,2022,3695.64957179548,,1218917.0
SWZ,Eswatini,Sub-Saharan Africa,Lower middle income,2023,3790.16576788091,,1230506.0
SWZ,Eswatini,Sub-Saharan Africa,Lower middle income,2024,3866.37127926695,,1242822.0
SXM,Sint Maarten (Dutch part),Latin America & Caribbean,High income,1980,,,12410.0
SXM,Sint Maarten (Dutch part),Latin America & Caribbean,High income,1981,,,13302.0
SXM,Sint Maarten (Dutch part),Latin America & Caribbean,High income,1982,,,14607.0
SXM,Sint Maarten (Dutch part),Latin America & Caribbean,High income,1983,,,16133.0
SXM,Sint Maarten (Dutch part),Latin America & Caribbean,High income,1984,,,17694.0
SXM,Sint Maarten (Dutch part),Latin America & Caribbean,High income,1985,,,19291.0
SXM,Sint Maarten (Dutch part),Latin America & Caribbean,High income,1986,,,20930.0
SXM,Sint Maarten (Dutch part),Latin America & Caribbean,High income,1987,,,22617.0
SXM,Sint Maarten (Dutch part),Latin America & Caribbean,High income,1988,,,24357.0
SXM,Sint Maarten (Dutch part),Latin America & Caribbean,High income,1989,,,26169.0
SXM,Sint Maarten (Dutch part),Latin America & Caribbean,High income,1990,,,28061.0
SXM,Sint Maarten (Dutch part),Latin America & Caribbean,High income,1991,,,30046.0
SXM,Sint Maarten (Dutch part),Latin America & Caribbean,High income,1992,,,31567.0
SXM,Sint Maarten (Dutch part),Latin America & Caribbean,High income,1993,,,32026.0
SXM,Sint Maarten (Dutch part),Latin America & Caribbean,High income,1994,,,31917.0
SXM,Sint Maarten (Dutch part),Latin America & Caribbean,High income,1995,,1024000.0,31772.0
SXM,Sint Maarten (Dutch part),Latin America & Caribbean,High income,1996,,1022000.0,31598.0
SXM,Sint Maarten (Dutch part),Latin America & Caribbean,High income,1997,,1325000.0,31404.0
SXM,Sint Maarten (Dutch part),Latin America & Caribbean,High income,1998,,1339000.0,31193.0
SXM,Sint Maarten (Dutch part),Latin America & Caribbean,High income,1999,,1061000.0,30977.0
SXM,Sint Maarten (Dutch part),Latin America & Caribbean,High income,2000,,1300000.0,30773.0
SXM,Sint Maarten (Dutch part),Latin America & Caribbean,High income,2001,,1271000.0,30726.0
SXM,Sint Maarten (Dutch part),Latin America & Caribbean,High income,2002,,1436000.0,30960.0
SXM,Sint Maarten (Dutch part),Latin America & Caribbean,High income,2003,,1600000.0,31327.0
SXM,Sint Maarten (Dutch part),Latin America & Caribbean,High income,2004,,1823000.0,31690.0
SXM,Sint Maarten (Dutch part),Latin America & Caribbean,High income,2005,,1956000.0,32057.0
SXM,Sint Maarten (Dutch part),Latin America & Caribbean,High income,2006,,1890000.0,32428.0
SXM,Sint Maarten (Dutch part),Latin America & Caribbean,High income,2007,,1891000.0,32791.0
SXM,Sint Maarten (Dutch part),Latin America & Caribbean,High income,2008,,1821000.0,33145.0
SXM,Sint Maarten (Dutch part),Latin America & Caribbean,High income,2009,37548.9474627441,1655000.0,33491.0
SXM,Sint Maarten (Dutch part),Latin America & Caribbean,High income,2010,38403.0705201664,1956000.0,33794.0
SXM,Sint Maarten (Dutch part),Latin America & Caribbean,High income,2011,39615.1371367338,2080000.0,34267.0
SXM,Sint Maarten (Dutch part),Latin America & Caribbean,High income,2012,39298.9873567827,2210000.0,35023.0
SXM,Sint Maarten (Dutch part),Latin America & Caribbean,High income,2013,38889.7715088035,2253000.0,35854.0
SXM,Sint Maarten (Dutch part),Latin America & Caribbean,High income,2014,38623.1999405819,2502000.0,36672.0
SXM,Sint Maarten (Dutch part),Latin America & Caribbean,High income,2015,37839.6283815163,2407000.0,37471.0
SXM,Sint Maarten (Dutch part),Latin America & Caribbean,High income,2016,37428.7027557069,2197000.0,38249.0
SXM,Sint Maarten (Dutch part),Latin America & Caribbean,High income,2017,33945.4185182499,1640000.0,38996.0
SXM,Sint Maarten (Dutch part),Latin America & Caribbean,High income,2018,31047.7241050626,1775000.0,39712.0
SXM,Sint Maarten (Dutch part),Latin America & Caribbean,High income,2019,33877.976645467,1952000.0,40385.0
SXM,Sint Maarten (Dutch part),Latin America & Caribbean,High income,2020,28920.3773007159,,41008.0
SXM,Sint Maarten (Dutch part),Latin America & Caribbean,High income,2021,29834.6350068383,,41571.0
SXM,Sint Maarten (Dutch part),Latin America & Caribbean,High income,2022,33523.6042042737,,42139.0
SXM,Sint Maarten (Dutch part),Latin America & Caribbean,High income,2023,34300.9630414348,,42749.0
SXM,Sint Maarten (Dutch part),Latin America & Caribbean,High income,2024,34840.1808133458,,43350.0
SYC,Seychelles,Sub-Saharan Africa,High income,1980,6795.44213443153,,63261.0
SYC,Seychelles,Sub-Saharan Africa,High income,1981,6453.04441345632,,64035.0
SYC,Seychelles,Sub-Saharan Africa,High income,1982,6282.31243363473,,64413.0
SYC,Seychelles,Sub-Saharan Africa,High income,1983,6251.16837292603,,64335.0
SYC,Seychelles,Sub-Saharan Africa,High income,1984,6481.83312252185,,64717.0
SYC,Seychelles,Sub-Saharan Africa,High income,1985,7091.31069778707,,65244.0
SYC,Seychelles,Sub-Saharan Africa,High income,1986,7100.93735358387,,65652.0
SYC,Seychelles,Sub-Saharan Africa,High income,1987,7137.55603586632,,68499.0
SYC,Seychelles,Sub-Saharan Africa,High income,1988,7489.74029923645,,68755.0
SYC,Seychelles,Sub-Saharan Africa,High income,1989,8210.90696953337,,69167.0
SYC,Seychelles,Sub-Saharan Africa,High income,1990,8779.85231337378,,69507.0
SYC,Seychelles,Sub-Saharan Africa,High income,1991,8902.83798776266,,70439.0
SYC,Seychelles,Sub-Saharan Africa,High income,1992,9497.7554107084,,70763.0
SYC,Seychelles,Sub-Saharan Africa,High income,1993,9981.2446035158,,72253.0
SYC,Seychelles,Sub-Saharan Africa,High income,1994,9481.8805265777,,74205.0
SYC,Seychelles,Sub-Saharan Africa,High income,1995,9388.81967720743,127000.0,75304.0
SYC,Seychelles,Sub-Saharan Africa,High income,1996,10177.0904671696,142000.0,76417.0
SYC,Seychelles,Sub-Saharan Africa,High income,1997,11284.8459766598,136000.0,77319.0
SYC,Seychelles,Sub-Saharan Africa,High income,1998,11339.3481297046,134000.0,78846.0
SYC,Seychelles,Sub-Saharan Africa,High income,1999,11326.9386083063,130000.0,80410.0
SYC,Seychelles,Sub-Saharan Africa,High income,2000,11703.7535246117,140000.0,81131.0
SYC,Seychelles,Sub-Saharan Africa,High income,2001,11427.9413083015,138000.0,81202.0
SYC,Seychelles,Sub-Saharan Africa,High income,2002,11218.2606464315,135000.0,83723.0
SYC,Seychelles,Sub-Saharan Africa,High income,2003,10677.9692081272,127000.0,82781.0
SYC,Seychelles,Sub-Saharan Africa,High income,2004,10412.0868936027,126000.0,82475.0
SYC,Seychelles,Sub-Saharan Africa,High income,2005,11297.3118190493,135000.0,82858.0
SYC,Seychelles,Sub-Saharan Africa,High income,2006,12105.4475265558,151000.0,84600.0
SYC,Seychelles,Sub-Saharan Africa,High income,2007,13112.8210098816,171000.0,85033.0
SYC,Seychelles,Sub-Saharan Africa,High income,2008,12473.2921769121,173000.0,86956.0
SYC,Seychelles,Sub-Saharan Africa,High income,2009,12116.3783687977,178000.0,87298.0
SYC,Seychelles,Sub-Saharan Africa,High income,2010,12313.5566919249,191000.0,89770.0
SYC,Seychelles,Sub-Saharan Africa,High income,2011,13843.7116081878,210000.0,87441.0
SYC,Seychelles,Sub-Saharan Africa,High income,2012,14135.0010570653,216000.0,88303.0
SYC,Seychelles,Sub-Saharan Africa,High income,2013,14050.3135581314,237000.0,89949.0
SYC,Seychelles,Sub-Saharan Africa,High income,2014,14395.6158118771,239000.0,91359.0
SYC,Seychelles,Sub-Saharan Africa,High income,2015,15333.1051727105,296000.0,93419.0
SYC,Seychelles,Sub-Saharan Africa,High income,2016,16962.6753972731,333000.0,94677.0
SYC,Seychelles,Sub-Saharan Africa,High income,2017,17921.5731976918,382000.0,95843.0
SYC,Seychelles,Sub-Saharan Africa,High income,2018,18628.1862276696,405000.0,96762.0
SYC,Seychelles,Sub-Saharan Africa,High income,2019,19481.6461053742,428000.0,97625.0
SYC,Seychelles,Sub-Saharan Africa,High income,2020,17048.361729788,124500.0,98462.0
SYC,Seychelles,Sub-Saharan Africa,High income,2021,17005.0422063679,,99258.0
SYC,Seychelles,Sub-Saharan Africa,High income,2022,15471.2109575418,,119878.0
SYC,Seychelles,Sub-Saharan Africa,High income,2023,16286.8557867673,,119773.0
SYC,Seychelles,Sub-Saharan Africa,High income,2024,16612.6374865452,,121354.0
SYR,Syrian Arab Republic,"Middle East, North Africa, Afghanistan & Pakistan",Low income,1980,1155.12764624005,,8957663.0
SYR,Syrian Arab Republic,"Middle East, North Africa, Afghanistan & Pakistan",Low income,1981,1204.04762186175,,9260189.0
SYR,Syrian Arab Republic,"Middle East, North Africa, Afghanistan & Pakistan",Low income,1982,1197.24945479248,,9572511.0
SYR,Syrian Arab Republic,"Middle East, North Africa, Afghanistan & Pakistan",Low income,1983,1183.930996936,,9904809.0
SYR,Syrian Arab Republic,"Middle East, North Africa, Afghanistan & Pakistan",Low income,1984,1056.12410830319,,10258398.0
SYR,Syrian Arab Republic,"Middle East, North Africa, Afghanistan & Pakistan",Low income,1985,1114.96205910663,,10625672.0
SYR,Syrian Arab Republic,"Middle East, North Africa, Afghanistan & Pakistan",Low income,1986,991.109212549915,,11002844.0
SYR,Syrian Arab Republic,"Middle East, North Africa, Afghanistan & Pakistan",Low income,1987,973.61912796931,,11388923.0
SYR,Syrian Arab Republic,"Middle East, North Africa, Afghanistan & Pakistan",Low income,1988,1110.6213319583,,11782264.0
SYR,Syrian Arab Republic,"Middle East, North Africa, Afghanistan & Pakistan",Low income,1989,927.805625100958,,12179060.0
SYR,Syrian Arab Republic,"Middle East, North Africa, Afghanistan & Pakistan",Low income,1990,931.884004809498,,12579208.0
SYR,Syrian Arab Republic,"Middle East, North Africa, Afghanistan & Pakistan",Low income,1991,972.284722031189,,12980821.0
SYR,Syrian Arab Republic,"Middle East, North Africa, Afghanistan & Pakistan",Low income,1992,1065.20347690082,,13385571.0
SYR,Syrian Arab Republic,"Middle East, North Africa, Afghanistan & Pakistan",Low income,1993,1097.10915461797,,13795686.0
SYR,Syrian Arab Republic,"Middle East, North Africa, Afghanistan & Pakistan",Low income,1994,1142.06267499391,,14208583.0
SYR,Syrian Arab Republic,"Middle East, North Africa, Afghanistan & Pakistan",Low income,1995,1188.1740389135,2253000.0,14616801.0
SYR,Syrian Arab Republic,"Middle East, North Africa, Afghanistan & Pakistan",Low income,1996,1270.04979705395,2435000.0,15018104.0
SYR,Syrian Arab Republic,"Middle East, North Africa, Afghanistan & Pakistan",Low income,1997,1299.29708277572,2332000.0,15417542.0
SYR,Syrian Arab Republic,"Middle East, North Africa, Afghanistan & Pakistan",Low income,1998,1352.12635287652,2464000.0,15820413.0
SYR,Syrian Arab Republic,"Middle East, North Africa, Afghanistan & Pakistan",Low income,1999,1271.32082241485,2682000.0,16228061.0
SYR,Syrian Arab Republic,"Middle East, North Africa, Afghanistan & Pakistan",Low income,2000,1248.38345857564,3412000.0,16637888.0
SYR,Syrian Arab Republic,"Middle East, North Africa, Afghanistan & Pakistan",Low income,2001,1264.321407912,3671000.0,17051338.0
SYR,Syrian Arab Republic,"Middle East, North Africa, Afghanistan & Pakistan",Low income,2002,1331.12579353123,4678000.0,17468332.0
SYR,Syrian Arab Republic,"Middle East, North Africa, Afghanistan & Pakistan",Low income,2003,1307.48124980131,4837000.0,17889296.0
SYR,Syrian Arab Republic,"Middle East, North Africa, Afghanistan & Pakistan",Low income,2004,1363.6138135409,6334000.0,18336875.0
SYR,Syrian Arab Republic,"Middle East, North Africa, Afghanistan & Pakistan",Low income,2005,1411.6316668592,5859000.0,18814091.0
SYR,Syrian Arab Republic,"Middle East, North Africa, Afghanistan & Pakistan",Low income,2006,1420.72014052107,5682000.0,19637022.0
SYR,Syrian Arab Republic,"Middle East, North Africa, Afghanistan & Pakistan",Low income,2007,1411.68909698729,5434000.0,20884125.0
SYR,Syrian Arab Republic,"Middle East, North Africa, Afghanistan & Pakistan",Low income,2008,1423.59407304833,6951000.0,21636564.0
SYR,Syrian Arab Republic,"Middle East, North Africa, Afghanistan & Pakistan",Low income,2009,1484.40718049155,7721000.0,21976969.0
SYR,Syrian Arab Republic,"Middle East, North Africa, Afghanistan & Pakistan",Low income,2010,1526.36518590261,10970000.0,22482421.0
SYR,Syrian Arab Republic,"Middle East, North Africa, Afghanistan & Pakistan",Low income,2011,1542.71903961106,6476000.0,22878098.0
SYR,Syrian Arab Republic,"Middle East, North Africa, Afghanistan & Pakistan",Low income,2012,1142.29215064994,,22759763.0
SYR,Syrian Arab Republic,"Middle East, North Africa, Afghanistan & Pakistan",Low income,2013,884.328816905262,,21666917.0
SYR,Syrian Arab Republic,"Middle East, North Africa, Afghanistan & Pakistan",Low income,2014,847.658909813856,,20273659.0
SYR,Syrian Arab Republic,"Middle East, North Africa, Afghanistan & Pakistan",Low income,2015,847.731545352582,,19424618.0
SYR,Syrian Arab Republic,"Middle East, North Africa, Afghanistan & Pakistan",Low income,2016,802.968607901263,1043000.0,19193834.0
SYR,Syrian Arab Republic,"Middle East, North Africa, Afghanistan & Pakistan",Low income,2017,795.881817153216,1291000.0,19224668.0
SYR,Syrian Arab Republic,"Middle East, North Africa, Afghanistan & Pakistan",Low income,2018,792.412864720441,1802000.0,19577845.0
SYR,Syrian Arab Republic,"Middle East, North Africa, Afghanistan & Pakistan",Low income,2019,771.517948289192,2424000.0,20353534.0
SYR,Syrian Arab Republic,"Middle East, North Africa, Afghanistan & Pakistan",Low income,2020,753.135305709477,,21049429.0
SYR,Syrian Arab Republic,"Middle East, North Africa, Afghanistan & Pakistan",Low income,2021,746.077458768389,,21628839.0
SYR,Syrian Arab Republic,"Middle East, North Africa, Afghanistan & Pakistan",Low income,2022,716.943843933856,,22462173.0
SYR,Syrian Arab Republic,"Middle East, North Africa, Afghanistan & Pakistan",Low income,2023,,,23594623.0
SYR,Syrian Arab Republic,"Middle East, North Africa, Afghanistan & Pakistan",Low income,2024,,,24672760.0
TCA,Turks and Caicos Islands,Latin America & Caribbean,High income,1980,,,7564.0
TCA,Turks and Caicos Islands,Latin America & Caribbean,High income,1981,,,7908.0
TCA,Turks and Caicos Islands,Latin America & Caribbean,High income,1982,,,8297.0
TCA,Turks and Caicos Islands,Latin America & Caribbean,High income,1983,,,8697.0
TCA,Turks and Caicos Islands,Latin America & Caribbean,High income,1984,,,9107.0
TCA,Turks and Caicos Islands,Latin America & Caribbean,High income,1985,,,9521.0
TCA,Turks and Caicos Islands,Latin America & Caribbean,High income,1986,,,9941.0
TCA,Turks and Caicos Islands,Latin America & Caribbean,High income,1987,,,10361.0
TCA,Turks and Caicos Islands,Latin America & Caribbean,High income,1988,,,10775.0
TCA,Turks and Caicos Islands,Latin America & Caribbean,High income,1989,,,11193.0
TCA,Turks and Caicos Islands,Latin America & Caribbean,High income,1990,,,11688.0
TCA,Turks and Caicos Islands,Latin America & Caribbean,High income,1991,,,12305.0
TCA,Turks and Caicos Islands,Latin America & Caribbean,High income,1992,,,12970.0
TCA,Turks and Caicos Islands,Latin America & Caribbean,High income,1993,,,13648.0
TCA,Turks and Caicos Islands,Latin America & Caribbean,High income,1994,,,14344.0
TCA,Turks and Caicos Islands,Latin America & Caribbean,High income,1995,,,15052.0
TCA,Turks and Caicos Islands,Latin America & Caribbean,High income,1996,,,15765.0
TCA,Turks and Caicos Islands,Latin America & Caribbean,High income,1997,,,16482.0
TCA,Turks and Caicos Islands,Latin America & Caribbean,High income,1998,,,17212.0
TCA,Turks and Caicos Islands,Latin America & Caribbean,High income,1999,,,17959.0
TCA,Turks and Caicos Islands,Latin America & Caribbean,High income,2000,,,18730.0
TCA,Turks and Caicos Islands,Latin America & Caribbean,High income,2001,,,19576.0
TCA,Turks and Caicos Islands,Latin America & Caribbean,High income,2002,,,20597.0
TCA,Turks and Caicos Islands,Latin America & Caribbean,High income,2003,,,21727.0
TCA,Turks and Caicos Islands,Latin America & Caribbean,High income,2004,,,22856.0
TCA,Turks and Caicos Islands,Latin America & Caribbean,High income,2005,,,23988.0
TCA,Turks and Caicos Islands,Latin America & Caribbean,High income,2006,,,25123.0
TCA,Turks and Caicos Islands,Latin America & Caribbean,High income,2007,37466.1822614725,,26270.0
TCA,Turks and Caicos Islands,Latin America & Caribbean,High income,2008,38854.1075698814,757000.0,27427.0
TCA,Turks and Caicos Islands,Latin America & Caribbean,High income,2009,29988.5997375172,865000.0,28588.0
TCA,Turks and Caicos Islands,Latin America & Caribbean,High income,2010,29111.8729223189,899000.0,29739.0
TCA,Turks and Caicos Islands,Latin America & Caribbean,High income,2011,29363.9475927366,1010000.0,30846.0
TCA,Turks and Caicos Islands,Latin America & Caribbean,High income,2012,27441.3335987017,968000.0,32127.0
TCA,Turks and Caicos Islands,Latin America & Caribbean,High income,2013,26477.5410719582,1069000.0,33653.0
TCA,Turks and Caicos Islands,Latin America & Caribbean,High income,2014,27636.8210228067,1330000.0,35050.0
TCA,Turks and Caicos Islands,Latin America & Caribbean,High income,2015,29457.0140691162,1316000.0,36605.0
TCA,Turks and Caicos Islands,Latin America & Caribbean,High income,2016,30183.0002949881,1296000.0,38315.0
TCA,Turks and Caicos Islands,Latin America & Caribbean,High income,2017,50586.1032335151,1243000.0,39913.0
TCA,Turks and Caicos Islands,Latin America & Caribbean,High income,2018,51863.1830309332,1463000.0,41559.0
TCA,Turks and Caicos Islands,Latin America & Caribbean,High income,2019,52419.8862128617,1599000.0,43166.0
TCA,Turks and Caicos Islands,Latin America & Caribbean,High income,2020,33739.4253991739,370399.993896484,44386.0
TCA,Turks and Caicos Islands,Latin America & Caribbean,High income,2021,42907.7492465912,,45243.0
TCA,Turks and Caicos Islands,Latin America & Caribbean,High income,2022,48307.3079245499,,45847.0
TCA,Turks and Caicos Islands,Latin America & Caribbean,High income,2023,54523.0330927151,,46198.0
TCA,Turks and Caicos Islands,Latin America & Caribbean,High income,2024,57179.29601876,,46535.0
TCD,Chad,Sub-Saharan Africa,Low income,1980,480.157386509886,,4515453.0
TCD,Chad,Sub-Saharan Africa,Low income,1981,484.574160471131,,4520959.0
TCD,Chad,Sub-Saharan Africa,Low income,1982,487.048325220219,,4738483.0
TCD,Chad,Sub-Saharan Africa,Low income,1983,536.180952503714,,4979130.0
TCD,Chad,Sub-Saharan Africa,Low income,1984,540.007159507647,,5045145.0
TCD,Chad,Sub-Saharan Africa,Low income,1985,651.091982291067,,5096269.0
TCD,Chad,Sub-Saharan Africa,Low income,1986,606.106003865961,,5251069.0
TCD,Chad,Sub-Saharan Africa,Low income,1987,571.257670964466,,5438309.0
TCD,Chad,Sub-Saharan Africa,Low income,1988,637.738401241228,,5625602.0
TCD,Chad,Sub-Saharan Africa,Low income,1989,646.594144558976,,5819586.0
TCD,Chad,Sub-Saharan Africa,Low income,1990,602.670685765046,,5982833.0
TCD,Chad,Sub-Saharan Africa,Low income,1991,630.620682697131,,6205676.0
TCD,Chad,Sub-Saharan Africa,Low income,1992,652.785002167398,,6474656.0
TCD,Chad,Sub-Saharan Africa,Low income,1993,537.410535926223,,6629146.0
TCD,Chad,Sub-Saharan Africa,Low income,1994,578.423503785715,,6783450.0
TCD,Chad,Sub-Saharan Africa,Low income,1995,560.331446829175,19000.0,7089064.0
TCD,Chad,Sub-Saharan Africa,Low income,1996,547.925799475536,20000.0,7410108.0
TCD,Chad,Sub-Saharan Africa,Low income,1997,559.25985583523,27000.0,7670366.0
TCD,Chad,Sub-Saharan Africa,Low income,1998,577.909573477303,41000.0,7938840.0
TCD,Chad,Sub-Saharan Africa,Low income,1999,554.148900751381,46000.0,8222705.0
TCD,Chad,Sub-Saharan Africa,Low income,2000,530.600331266396,43000.0,8512093.0
TCD,Chad,Sub-Saharan Africa,Low income,2001,572.806706826392,57000.0,8804124.0
TCD,Chad,Sub-Saharan Africa,Low income,2002,600.171451974963,32000.0,9116192.0
TCD,Chad,Sub-Saharan Africa,Low income,2003,661.55691667897,21000.0,9487833.0
TCD,Chad,Sub-Saharan Africa,Low income,2004,845.518131165737,26000.0,9920036.0
TCD,Chad,Sub-Saharan Africa,Low income,2005,952.871910087319,29000.0,10328092.0
TCD,Chad,Sub-Saharan Africa,Low income,2006,914.21066458867,46000.0,10706424.0
TCD,Chad,Sub-Saharan Africa,Low income,2007,920.35281567764,77000.0,11081660.0
TCD,Chad,Sub-Saharan Africa,Low income,2008,916.08727463451,61000.0,11476296.0
TCD,Chad,Sub-Saharan Africa,Low income,2009,871.485311278207,70000.0,11893754.0
TCD,Chad,Sub-Saharan Africa,Low income,2010,956.953018707396,71000.0,12312575.0
TCD,Chad,Sub-Saharan Africa,Low income,2011,965.286963559567,77000.0,12754997.0
TCD,Chad,Sub-Saharan Africa,Low income,2012,1016.42152061942,86000.0,13210998.0
TCD,Chad,Sub-Saharan Africa,Low income,2013,1008.61711428961,97000.0,13691079.0
TCD,Chad,Sub-Saharan Africa,Low income,2014,993.321157706456,119000.0,14188678.0
TCD,Chad,Sub-Saharan Africa,Low income,2015,993.990730610869,120000.0,14647621.0
TCD,Chad,Sub-Saharan Africa,Low income,2016,923.565872051196,98000.0,15114655.0
TCD,Chad,Sub-Saharan Africa,Low income,2017,879.075895464417,87000.0,15622759.0
TCD,Chad,Sub-Saharan Africa,Low income,2018,898.834794005046,63000.0,16156531.0
TCD,Chad,Sub-Saharan Africa,Low income,2019,917.203710060136,81000.0,16685223.0
TCD,Chad,Sub-Saharan Africa,Low income,2020,884.980541934939,10399.9996185303,17224679.0
TCD,Chad,Sub-Saharan Africa,Low income,2021,857.52763057976,,17828273.0
TCD,Chad,Sub-Saharan Africa,Low income,2022,862.602128172536,,18455316.0
TCD,Chad,Sub-Saharan Africa,Low income,2023,856.985507283698,,19319064.0
TCD,Chad,Sub-Saharan Africa,Low income,2024,855.999353179333,,20299123.0
TGO,Togo,Sub-Saharan Africa,Lower middle income,1980,907.69294556498,,2791408.0
TGO,Togo,Sub-Saharan Africa,Lower middle income,1981,850.770673923962,,2879440.0
TGO,Togo,Sub-Saharan Africa,Lower middle income,1982,797.522278038586,,2961652.0
TGO,Togo,Sub-Saharan Africa,Lower middle income,1983,736.580535856035,,3033077.0
TGO,Togo,Sub-Saharan Africa,Lower middle income,1984,759.310233229592,,3105743.0
TGO,Togo,Sub-Saharan Africa,Lower middle income,1985,779.215630036591,,3194539.0
TGO,Togo,Sub-Saharan Africa,Lower middle income,1986,767.131587089305,,3296340.0
TGO,Togo,Sub-Saharan Africa,Lower middle income,1987,748.062358533017,,3397614.0
TGO,Togo,Sub-Saharan Africa,Lower middle income,1988,774.0729921202,,3501545.0
TGO,Togo,Sub-Saharan Africa,Lower middle income,1989,781.968520041802,,3606918.0
TGO,Togo,Sub-Saharan Africa,Lower middle income,1990,757.568150002531,,3714021.0
TGO,Togo,Sub-Saharan Africa,Lower middle income,1991,730.890821015159,,3822636.0
TGO,Togo,Sub-Saharan Africa,Lower middle income,1992,682.175898912642,,3932581.0
TGO,Togo,Sub-Saharan Africa,Lower middle income,1993,585.840956389145,,3887974.0
TGO,Togo,Sub-Saharan Africa,Lower middle income,1994,670.817431721652,,3904183.0
TGO,Togo,Sub-Saharan Africa,Lower middle income,1995,687.145176769208,53000.0,4110450.0
TGO,Togo,Sub-Saharan Africa,Lower middle income,1996,716.372671266443,58000.0,4291136.0
TGO,Togo,Sub-Saharan Africa,Lower middle income,1997,792.111709235126,92000.0,4438794.0
TGO,Togo,Sub-Saharan Africa,Lower middle income,1998,754.708267677364,69000.0,4551635.0
TGO,Togo,Sub-Saharan Africa,Lower middle income,1999,754.520837025414,70000.0,4665754.0
TGO,Togo,Sub-Saharan Africa,Lower middle income,2000,730.148392769906,60000.0,4783722.0
TGO,Togo,Sub-Saharan Africa,Lower middle income,2001,718.084179469825,57000.0,4904144.0
TGO,Togo,Sub-Saharan Africa,Lower middle income,2002,727.322768684689,58000.0,5027130.0
TGO,Togo,Sub-Saharan Africa,Lower middle income,2003,757.076842057466,61000.0,5154112.0
TGO,Togo,Sub-Saharan Africa,Lower middle income,2004,731.610797958447,83000.0,5281320.0
TGO,Togo,Sub-Saharan Africa,Lower middle income,2005,680.485159475257,81000.0,5413154.0
TGO,Togo,Sub-Saharan Africa,Lower middle income,2006,678.890227390526,94000.0,5569664.0
TGO,Togo,Sub-Saharan Africa,Lower middle income,2007,650.046681355874,86000.0,5748443.0
TGO,Togo,Sub-Saharan Africa,Lower middle income,2008,654.896723036341,74000.0,5936138.0
TGO,Togo,Sub-Saharan Africa,Lower middle income,2009,668.669623161752,150000.0,6130946.0
TGO,Togo,Sub-Saharan Africa,Lower middle income,2010,686.014185396121,202000.0,6325788.0
TGO,Togo,Sub-Saharan Africa,Lower middle income,2011,706.442158827353,300000.0,6500582.0
TGO,Togo,Sub-Saharan Africa,Lower middle income,2012,733.683602929868,235000.0,6653718.0
TGO,Togo,Sub-Saharan Africa,Lower middle income,2013,759.841612443554,327000.0,6798848.0
TGO,Togo,Sub-Saharan Africa,Lower middle income,2014,786.587399651446,282000.0,6937644.0
TGO,Togo,Sub-Saharan Africa,Lower middle income,2015,813.894676975085,273000.0,7071502.0
TGO,Togo,Sub-Saharan Africa,Lower middle income,2016,832.959515987733,338000.0,7200884.0
TGO,Togo,Sub-Saharan Africa,Lower middle income,2017,851.735728621337,514000.0,7324386.0
TGO,Togo,Sub-Saharan Africa,Lower middle income,2018,876.562800915869,573000.0,7458206.0
TGO,Togo,Sub-Saharan Africa,Lower middle income,2019,900.166602437871,876000.0,7619925.0
TGO,Togo,Sub-Saharan Africa,Lower middle income,2020,899.748802355348,482000.0,7788054.0
TGO,Togo,Sub-Saharan Africa,Lower middle income,2021,928.301087692897,,7936176.0
TGO,Togo,Sub-Saharan Africa,Lower middle income,2022,970.535975822983,,8068616.0
TGO,Togo,Sub-Saharan Africa,Lower middle income,2023,1011.2308927823,,8223850.0
TGO,Togo,Sub-Saharan Africa,Lower middle income,2024,1053.81653764697,,8406558.0
THA,Thailand,East Asia & Pacific,Upper middle income,1980,1482.08742004737,,45650022.0
THA,Thailand,East Asia & Pacific,Upper middle income,1981,1538.43127414973,,46575855.0
THA,Thailand,East Asia & Pacific,Upper middle income,1982,1589.42168596819,,47494577.0
THA,Thailand,East Asia & Pacific,Upper middle income,1983,1645.99169094684,,48423309.0
THA,Thailand,East Asia & Pacific,Upper middle income,1984,1707.9308019841,,49351708.0
THA,Thailand,East Asia & Pacific,Upper middle income,1985,1754.62716249659,,50270753.0
THA,Thailand,East Asia & Pacific,Upper middle income,1986,1818.90504659625,,51177834.0
THA,Thailand,East Asia & Pacific,Upper middle income,1987,1957.75963674452,,52074105.0
THA,Thailand,East Asia & Pacific,Upper middle income,1988,2180.41358654182,,52969595.0
THA,Thailand,East Asia & Pacific,Upper middle income,1989,2406.26996824545,,53848956.0
THA,Thailand,East Asia & Pacific,Upper middle income,1990,2631.51971095863,,54738329.0
THA,Thailand,East Asia & Pacific,Upper middle income,1991,2810.56702001316,,55637434.0
THA,Thailand,East Asia & Pacific,Upper middle income,1992,2989.85385369019,,56528834.0
THA,Thailand,East Asia & Pacific,Upper middle income,1993,3186.99707103229,,57408198.0
THA,Thailand,East Asia & Pacific,Upper middle income,1994,3391.48986604062,,58260854.0
THA,Thailand,East Asia & Pacific,Upper middle income,1995,3614.93244016732,6952000.0,59098232.0
THA,Thailand,East Asia & Pacific,Upper middle income,1996,3766.86364433088,7244000.0,59920064.0
THA,Thailand,East Asia & Pacific,Upper middle income,1997,3614.60848543994,7294000.0,60724584.0
THA,Thailand,East Asia & Pacific,Upper middle income,1998,3295.36018381294,7843000.0,61522630.0
THA,Thailand,East Asia & Pacific,Upper middle income,1999,3403.08737356896,8651000.0,62299043.0
THA,Thailand,East Asia & Pacific,Upper middle income,2000,3514.71662970608,9579000.0,63007815.0
THA,Thailand,East Asia & Pacific,Upper middle income,2001,3599.02524877358,10133000.0,63651141.0
THA,Thailand,East Asia & Pacific,Upper middle income,2002,3783.75422073266,10873000.0,64266437.0
THA,Thailand,East Asia & Pacific,Upper middle income,2003,4018.15538187068,10082000.0,64868166.0
THA,Thailand,East Asia & Pacific,Upper middle income,2004,4232.77157261934,11737000.0,65452047.0
THA,Thailand,East Asia & Pacific,Upper middle income,2005,4372.25730206261,11567000.0,66017420.0
THA,Thailand,East Asia & Pacific,Upper middle income,2006,4551.5250018314,13822000.0,66567687.0
THA,Thailand,East Asia & Pacific,Upper middle income,2007,4760.66708464831,14464000.0,67102394.0
THA,Thailand,East Asia & Pacific,Upper middle income,2008,4805.76393990836,14584000.0,67619830.0
THA,Thailand,East Asia & Pacific,Upper middle income,2009,4737.45679763314,14150000.0,68121080.0
THA,Thailand,East Asia & Pacific,Upper middle income,2010,5059.35747831657,15936000.0,68579447.0
THA,Thailand,East Asia & Pacific,Upper middle income,2011,5070.23740191942,19230000.0,69007208.0
THA,Thailand,East Asia & Pacific,Upper middle income,2012,5403.87846036273,22354000.0,69436098.0
THA,Thailand,East Asia & Pacific,Upper middle income,2013,5516.61164164135,26547000.0,69845114.0
THA,Thailand,East Asia & Pacific,Upper middle income,2014,5541.46599361845,24810000.0,70216367.0
THA,Thailand,East Asia & Pacific,Upper middle income,2015,5688.85335397884,29923000.0,70540795.0
THA,Thailand,East Asia & Pacific,Upper middle income,2016,5857.78052935926,32530000.0,70859841.0
THA,Thailand,East Asia & Pacific,Upper middle income,2017,6076.74307700082,35592000.0,71160187.0
THA,Thailand,East Asia & Pacific,Upper middle income,2018,6314.19948412043,38178000.0,71376079.0
THA,Thailand,East Asia & Pacific,Upper middle income,2019,6434.53770518034,39916000.0,71522271.0
THA,Thailand,East Asia & Pacific,Upper middle income,2020,6032.42244606793,,71641484.0
THA,Thailand,East Asia & Pacific,Upper middle income,2021,6119.11018526099,,71727332.0
THA,Thailand,East Asia & Pacific,Upper middle income,2022,6279.82250415973,,71735329.0
THA,Thailand,East Asia & Pacific,Upper middle income,2023,6423.99101164149,,71702435.0
THA,Thailand,East Asia & Pacific,Upper middle income,2024,6616.58539335928,,71668011.0
TJK,Tajikistan,Europe & Central Asia,Lower middle income,1980,,,3995256.0
TJK,Tajikistan,Europe & Central Asia,Lower middle income,1981,,,4109022.0
TJK,Tajikistan,Europe & Central Asia,Lower middle income,1982,,,4227171.0
TJK,Tajikistan,Europe & Central Asia,Lower middle income,1983,,,4350874.0
TJK,Tajikistan,Europe & Central Asia,Lower middle income,1984,,,4480026.0
TJK,Tajikistan,Europe & Central Asia,Lower middle income,1985,1417.66822234171,,4619003.0
TJK,Tajikistan,Europe & Central Asia,Lower middle income,1986,1420.20197771086,,4772139.0
TJK,Tajikistan,Europe & Central Asia,Lower middle income,1987,1355.73849750343,,4939059.0
TJK,Tajikistan,Europe & Central Asia,Lower middle income,1988,1491.07389448452,,5114989.0
TJK,Tajikistan,Europe & Central Asia,Lower middle income,1989,1353.85336651245,,5267249.0
TJK,Tajikistan,Europe & Central Asia,Lower middle income,1990,1312.94701318034,,5398768.0
TJK,Tajikistan,Europe & Central Asia,Lower middle income,1991,1188.37461269952,,5541205.0
TJK,Tajikistan,Europe & Central Asia,Lower middle income,1992,827.586884623268,,5649400.0
TJK,Tajikistan,Europe & Central Asia,Lower middle income,1993,682.727259317268,,5724993.0
TJK,Tajikistan,Europe & Central Asia,Lower middle income,1994,528.04821736829,,5825368.0
TJK,Tajikistan,Europe & Central Asia,Lower middle income,1995,452.904385394465,,5948584.0
TJK,Tajikistan,Europe & Central Asia,Lower middle income,1996,369.934883507426,699.999988079071,6066523.0
TJK,Tajikistan,Europe & Central Asia,Lower middle income,1997,371.661243144454,2099.99990463257,6139829.0
TJK,Tajikistan,Europe & Central Asia,Lower middle income,1998,389.089746664022,3200.00004768372,6176397.0
TJK,Tajikistan,Europe & Central Asia,Lower middle income,1999,401.406381787908,4500.0,6208370.0
TJK,Tajikistan,Europe & Central Asia,Lower middle income,2000,429.537300984643,7699.99980926514,6284735.0
TJK,Tajikistan,Europe & Central Asia,Lower middle income,2001,461.681195760256,5199.99980926514,6407377.0
TJK,Tajikistan,Europe & Central Asia,Lower middle income,2002,501.80856647117,,6531669.0
TJK,Tajikistan,Europe & Central Asia,Lower middle income,2003,546.391479808684,,6658575.0
TJK,Tajikistan,Europe & Central Asia,Lower middle income,2004,590.957111385699,,6790547.0
TJK,Tajikistan,Europe & Central Asia,Lower middle income,2005,618.333702588577,,6924720.0
TJK,Tajikistan,Europe & Central Asia,Lower middle income,2006,649.163328755334,,7057566.0
TJK,Tajikistan,Europe & Central Asia,Lower middle income,2007,686.48090192413,,7194477.0
TJK,Tajikistan,Europe & Central Asia,Lower middle income,2008,726.185491338269,325000.0,7338403.0
TJK,Tajikistan,Europe & Central Asia,Lower middle income,2009,739.212878526331,207000.0,7490230.0
TJK,Tajikistan,Europe & Central Asia,Lower middle income,2010,770.604105393791,160000.0,7652141.0
TJK,Tajikistan,Europe & Central Asia,Lower middle income,2011,809.368229154093,183000.0,7824785.0
TJK,Tajikistan,Europe & Central Asia,Lower middle income,2012,849.519080831738,244000.0,8014084.0
TJK,Tajikistan,Europe & Central Asia,Lower middle income,2013,889.882383099979,208000.0,8216724.0
TJK,Tajikistan,Europe & Central Asia,Lower middle income,2014,925.970961482804,213000.0,8425552.0
TJK,Tajikistan,Europe & Central Asia,Lower middle income,2015,956.916310930656,414000.0,8643840.0
TJK,Tajikistan,Europe & Central Asia,Lower middle income,2016,997.352614556708,344000.0,8865631.0
TJK,Tajikistan,Europe & Central Asia,Lower middle income,2017,1042.26391757642,431000.0,9085946.0
TJK,Tajikistan,Europe & Central Asia,Lower middle income,2018,1094.8002018221,1035000.0,9307333.0
TJK,Tajikistan,Europe & Central Asia,Lower middle income,2019,1148.34676712493,,9529966.0
TJK,Tajikistan,Europe & Central Asia,Lower middle income,2020,1171.90127480359,,9749310.0
TJK,Tajikistan,Europe & Central Asia,Lower middle income,2021,1254.06999592306,,9966908.0
TJK,Tajikistan,Europe & Central Asia,Lower middle income,2022,1325.75545290849,,10182222.0
TJK,Tajikistan,Europe & Central Asia,Lower middle income,2023,1407.1075436221,,10389799.0
TJK,Tajikistan,Europe & Central Asia,Lower middle income,2024,1496.33813395037,,10590927.0
TKM,Turkmenistan,Europe & Central Asia,Upper middle income,1980,,,2832203.0
TKM,Turkmenistan,Europe & Central Asia,Upper middle income,1981,,,2907187.0
TKM,Turkmenistan,Europe & Central Asia,Upper middle income,1982,,,2985557.0
TKM,Turkmenistan,Europe & Central Asia,Upper middle income,1983,,,3067534.0
TKM,Turkmenistan,Europe & Central Asia,Upper middle income,1984,,,3154079.0
TKM,Turkmenistan,Europe & Central Asia,Upper middle income,1985,,,3247534.0
TKM,Turkmenistan,Europe & Central Asia,Upper middle income,1986,,,3347809.0
TKM,Turkmenistan,Europe & Central Asia,Upper middle income,1987,2647.26928780534,,3452731.0
TKM,Turkmenistan,Europe & Central Asia,Upper middle income,1988,2851.04436832654,,3559363.0
TKM,Turkmenistan,Europe & Central Asia,Upper middle income,1989,2652.88326493557,,3662459.0
TKM,Turkmenistan,Europe & Central Asia,Upper middle income,1990,3497.89920091387,,3760562.0
TKM,Turkmenistan,Europe & Central Asia,Upper middle income,1991,3254.31337476988,,3855894.0
TKM,Turkmenistan,Europe & Central Asia,Upper middle income,1992,2704.98191255663,,3944689.0
TKM,Turkmenistan,Europe & Central Asia,Upper middle income,1993,2685.83184101107,,4032407.0
TKM,Turkmenistan,Europe & Central Asia,Upper middle income,1994,2175.72604028722,,4116662.0
TKM,Turkmenistan,Europe & Central Asia,Upper middle income,1995,1983.16344483491,233000.0,4191203.0
TKM,Turkmenistan,Europe & Central Asia,Upper middle income,1996,2079.99758720175,282000.0,4263819.0
TKM,Turkmenistan,Europe & Central Asia,Upper middle income,1997,1811.89459160428,332000.0,4336730.0
TKM,Turkmenistan,Europe & Central Asia,Upper middle income,1998,1908.07863828898,380000.0,4410507.0
TKM,Turkmenistan,Europe & Central Asia,Upper middle income,1999,2182.50137303073,,4492170.0
TKM,Turkmenistan,Europe & Central Asia,Upper middle income,2000,2256.40240323977,,4582677.0
TKM,Turkmenistan,Europe & Central Asia,Upper middle income,2001,2307.71956018735,,4675409.0
TKM,Turkmenistan,Europe & Central Asia,Upper middle income,2002,2268.02824244615,,4769465.0
TKM,Turkmenistan,Europe & Central Asia,Upper middle income,2003,2296.70842307223,,4863865.0
TKM,Turkmenistan,Europe & Central Asia,Upper middle income,2004,2365.72190264503,,4958093.0
TKM,Turkmenistan,Europe & Central Asia,Upper middle income,2005,2624.2315668841,,5052257.0
TKM,Turkmenistan,Europe & Central Asia,Upper middle income,2006,2858.53224143565,,5147105.0
TKM,Turkmenistan,Europe & Central Asia,Upper middle income,2007,3115.9792751828,,5244046.0
TKM,Turkmenistan,Europe & Central Asia,Upper middle income,2008,3506.50453694834,,5345029.0
TKM,Turkmenistan,Europe & Central Asia,Upper middle income,2009,3647.67813083756,,5451592.0
TKM,Turkmenistan,Europe & Central Asia,Upper middle income,2010,3902.54200118683,,5564356.0
TKM,Turkmenistan,Europe & Central Asia,Upper middle income,2011,4383.14380872567,,5683417.0
TKM,Turkmenistan,Europe & Central Asia,Upper middle income,2012,4762.66047536389,,5808546.0
TKM,Turkmenistan,Europe & Central Asia,Upper middle income,2013,5131.14087328544,,5939341.0
TKM,Turkmenistan,Europe & Central Asia,Upper middle income,2014,5535.50161297771,,6075283.0
TKM,Turkmenistan,Europe & Central Asia,Upper middle income,2015,5759.497903834,,6215770.0
TKM,Turkmenistan,Europe & Central Asia,Upper middle income,2016,5979.47627661058,,6360041.0
TKM,Turkmenistan,Europe & Central Asia,Upper middle income,2017,6221.41962759021,,6507061.0
TKM,Turkmenistan,Europe & Central Asia,Upper middle income,2018,6460.13015920839,,6655524.0
TKM,Turkmenistan,Europe & Central Asia,Upper middle income,2019,6719.32320157703,,6803944.0
TKM,Turkmenistan,Europe & Central Asia,Upper middle income,2020,6964.38162887016,,6949912.0
TKM,Turkmenistan,Europe & Central Asia,Upper middle income,2021,7244.61385880341,,7092043.0
TKM,Turkmenistan,Europe & Central Asia,Upper middle income,2022,7549.25301930356,,7230193.0
TKM,Turkmenistan,Europe & Central Asia,Upper middle income,2023,7879.96559789716,,7364438.0
TKM,Turkmenistan,Europe & Central Asia,Upper middle income,2024,8229.67261114232,,7494498.0
TLS,Timor-Leste,East Asia & Pacific,Lower middle income,1980,,,649871.0
TLS,Timor-Leste,East Asia & Pacific,Lower middle income,1981,,,660493.0
TLS,Timor-Leste,East Asia & Pacific,Lower middle income,1982,,,669149.0
TLS,Timor-Leste,East Asia & Pacific,Lower middle income,1983,,,677707.0
TLS,Timor-Leste,East Asia & Pacific,Lower middle income,1984,,,686777.0
TLS,Timor-Leste,East Asia & Pacific,Lower middle income,1985,,,696665.0
TLS,Timor-Leste,East Asia & Pacific,Lower middle income,1986,,,707185.0
TLS,Timor-Leste,East Asia & Pacific,Lower middle income,1987,,,718476.0
TLS,Timor-Leste,East Asia & Pacific,Lower middle income,1988,,,730745.0
TLS,Timor-Leste,East Asia & Pacific,Lower middle income,1989,,,744856.0
TLS,Timor-Leste,East Asia & Pacific,Lower middle income,1990,633.18249048302,,760345.0
TLS,Timor-Leste,East Asia & Pacific,Lower middle income,1991,684.870530173927,,778278.0
TLS,Timor-Leste,East Asia & Pacific,Lower middle income,1992,736.591648101201,,799318.0
TLS,Timor-Leste,East Asia & Pacific,Lower middle income,1993,789.900697434911,,821437.0
TLS,Timor-Leste,East Asia & Pacific,Lower middle income,1994,823.062424783438,,844493.0
TLS,Timor-Leste,East Asia & Pacific,Lower middle income,1995,854.130472722832,,868146.0
TLS,Timor-Leste,East Asia & Pacific,Lower middle income,1996,897.360531368488,,892282.0
TLS,Timor-Leste,East Asia & Pacific,Lower middle income,1997,907.916565963385,,917184.0
TLS,Timor-Leste,East Asia & Pacific,Lower middle income,1998,865.831377976116,,942530.0
TLS,Timor-Leste,East Asia & Pacific,Lower middle income,1999,631.072912537914,,834697.0
TLS,Timor-Leste,East Asia & Pacific,Lower middle income,2000,1117.56429796112,,745088.0
TLS,Timor-Leste,East Asia & Pacific,Lower middle income,2001,1192.74796162196,,812249.0
TLS,Timor-Leste,East Asia & Pacific,Lower middle income,2002,1028.1319342253,,879159.0
TLS,Timor-Leste,East Asia & Pacific,Lower middle income,2003,964.32256461813,,916878.0
TLS,Timor-Leste,East Asia & Pacific,Lower middle income,2004,955.470548287377,,929074.0
TLS,Timor-Leste,East Asia & Pacific,Lower middle income,2005,964.026614173558,,948311.0
TLS,Timor-Leste,East Asia & Pacific,Lower middle income,2006,897.573763670928,14000.0,976597.0
TLS,Timor-Leste,East Asia & Pacific,Lower middle income,2007,961.848462090269,22000.0,1004889.0
TLS,Timor-Leste,East Asia & Pacific,Lower middle income,2008,1042.86835443002,36000.0,1032429.0
TLS,Timor-Leste,East Asia & Pacific,Lower middle income,2009,1120.09698448398,44000.0,1058782.0
TLS,Timor-Leste,East Asia & Pacific,Lower middle income,2010,1195.38067803197,40000.0,1084679.0
TLS,Timor-Leste,East Asia & Pacific,Lower middle income,2011,1237.48383284275,51000.0,1110207.0
TLS,Timor-Leste,East Asia & Pacific,Lower middle income,2012,1269.41629276068,58000.0,1134885.0
TLS,Timor-Leste,East Asia & Pacific,Lower middle income,2013,1281.92864092574,79000.0,1158695.0
TLS,Timor-Leste,East Asia & Pacific,Lower middle income,2014,1312.96494079465,60000.0,1181903.0
TLS,Timor-Leste,East Asia & Pacific,Lower middle income,2015,1319.59297370991,61599.9984741211,1205131.0
TLS,Timor-Leste,East Asia & Pacific,Lower middle income,2016,1333.6585468432,65599.9984741211,1228312.0
TLS,Timor-Leste,East Asia & Pacific,Lower middle income,2017,1267.08660142883,73900.0015258789,1251703.0
TLS,Timor-Leste,East Asia & Pacific,Lower middle income,2018,1237.20064730412,74599.9984741211,1275959.0
TLS,Timor-Leste,East Asia & Pacific,Lower middle income,2019,1507.24748294374,74800.0030517578,1300945.0
TLS,Timor-Leste,East Asia & Pacific,Lower middle income,2020,1947.83997138866,,1326053.0
TLS,Timor-Leste,East Asia & Pacific,Lower middle income,2021,2015.82039246197,,1350139.0
TLS,Timor-Leste,East Asia & Pacific,Lower middle income,2022,1579.71084680858,,1369295.0
TLS,Timor-Leste,East Asia & Pacific,Lower middle income,2023,1279.2112241611,,1384286.0
TLS,Timor-Leste,East Asia & Pacific,Lower middle income,2024,1149.21889002201,,1400638.0
TON,Tonga,East Asia & Pacific,Upper middle income,1980,,,97769.0
TON,Tonga,East Asia & Pacific,Upper middle income,1981,2589.00431043349,,97909.0
TON,Tonga,East Asia & Pacific,Upper middle income,1982,2709.79083604504,,97980.0
TON,Tonga,East Asia & Pacific,Upper middle income,1983,2763.00220930298,,97998.0
TON,Tonga,East Asia & Pacific,Upper middle income,1984,2811.26351483563,,97990.0
TON,Tonga,East Asia & Pacific,Upper middle income,1985,2995.82264405074,,97984.0
TON,Tonga,East Asia & Pacific,Upper middle income,1986,3058.48239938638,,98010.0
TON,Tonga,East Asia & Pacific,Upper middle income,1987,3138.07903391439,,98376.0
TON,Tonga,East Asia & Pacific,Upper middle income,1988,3060.57558256904,,98969.0
TON,Tonga,East Asia & Pacific,Upper middle income,1989,3059.09419981652,,99403.0
TON,Tonga,East Asia & Pacific,Upper middle income,1990,2987.63694151968,,99700.0
TON,Tonga,East Asia & Pacific,Upper middle income,1991,3173.08632726861,,99895.0
TON,Tonga,East Asia & Pacific,Upper middle income,1992,3177.04257553004,,100022.0
TON,Tonga,East Asia & Pacific,Upper middle income,1993,3293.13542006864,,100103.0
TON,Tonga,East Asia & Pacific,Upper middle income,1994,3454.05483581131,,100166.0
TON,Tonga,East Asia & Pacific,Upper middle income,1995,3667.018949682,33000.0,100225.0
TON,Tonga,East Asia & Pacific,Upper middle income,1996,3668.59609669275,31000.0,100275.0
TON,Tonga,East Asia & Pacific,Upper middle income,1997,3632.11240437129,29000.0,100674.0
TON,Tonga,East Asia & Pacific,Upper middle income,1998,3689.21670248881,35000.0,101388.0
TON,Tonga,East Asia & Pacific,Upper middle income,1999,3749.82348312358,44000.0,102046.0
TON,Tonga,East Asia & Pacific,Upper middle income,2000,3866.68591314331,43000.0,102677.0
TON,Tonga,East Asia & Pacific,Upper middle income,2001,3901.1807203994,38000.0,103288.0
TON,Tonga,East Asia & Pacific,Upper middle income,2002,4050.98962313421,45000.0,103874.0
TON,Tonga,East Asia & Pacific,Upper middle income,2003,4030.19690552619,51000.0,104464.0
TON,Tonga,East Asia & Pacific,Upper middle income,2004,3928.06030724493,51000.0,105071.0
TON,Tonga,East Asia & Pacific,Upper middle income,2005,3880.07054158497,60000.0,105671.0
TON,Tonga,East Asia & Pacific,Upper middle income,2006,3775.24848570829,54000.0,106253.0
TON,Tonga,East Asia & Pacific,Upper middle income,2007,3665.89549972281,65000.0,106726.0
TON,Tonga,East Asia & Pacific,Upper middle income,2008,3833.60169058266,65000.0,107020.0
TON,Tonga,East Asia & Pacific,Upper middle income,2009,3630.76096995072,74699.9969482422,107203.0
TON,Tonga,East Asia & Pacific,Upper middle income,2010,3653.97817265087,65000.0,107400.0
TON,Tonga,East Asia & Pacific,Upper middle income,2011,3892.76807750666,68400.0015258789,107570.0
TON,Tonga,East Asia & Pacific,Upper middle income,2012,3932.59367180675,57200.0007629395,107460.0
TON,Tonga,East Asia & Pacific,Upper middle income,2013,3962.16980948788,59700.0007629395,107078.0
TON,Tonga,East Asia & Pacific,Upper middle income,2014,4058.81584447473,65800.0030517578,106609.0
TON,Tonga,East Asia & Pacific,Upper middle income,2015,4123.90347238813,72599.9984741211,106095.0
TON,Tonga,East Asia & Pacific,Upper middle income,2016,4419.8147470039,86699.9969482422,105524.0
TON,Tonga,East Asia & Pacific,Upper middle income,2017,4568.62484962494,86599.9984741211,105356.0
TON,Tonga,East Asia & Pacific,Upper middle income,2018,4583.55968565688,77300.0030517578,105567.0
TON,Tonga,East Asia & Pacific,Upper middle income,2019,4566.07508700721,94000.0,105669.0
TON,Tonga,East Asia & Pacific,Upper middle income,2020,4647.0077529158,,105704.0
TON,Tonga,East Asia & Pacific,Upper middle income,2021,4612.90086913298,,105490.0
TON,Tonga,East Asia & Pacific,Upper middle income,2022,4533.96809820124,,105042.0
TON,Tonga,East Asia & Pacific,Upper middle income,2023,4680.30010664357,,104597.0
TON,Tonga,East Asia & Pacific,Upper middle income,2024,4779.92399898557,,104175.0
TTO,Trinidad and Tobago,Latin America & Caribbean,High income,1980,8608.64103141529,,1121744.0
TTO,Trinidad and Tobago,Latin America & Caribbean,High income,1981,8896.49691094672,,1135132.0
TTO,Trinidad and Tobago,Latin America & Caribbean,High income,1982,9131.57369955301,,1147927.0
TTO,Trinidad and Tobago,Latin America & Caribbean,High income,1983,8102.01202981345,,1160534.0
TTO,Trinidad and Tobago,Latin America & Caribbean,High income,1984,7555.02398178157,,1172984.0
TTO,Trinidad and Tobago,Latin America & Caribbean,High income,1985,7156.0601298809,,1187366.0
TTO,Trinidad and Tobago,Latin America & Caribbean,High income,1986,6830.7477176866,,1203124.0
TTO,Trinidad and Tobago,Latin America & Caribbean,High income,1987,6442.887063726,,1217364.0
TTO,Trinidad and Tobago,Latin America & Caribbean,High income,1988,6126.40553612494,,1230069.0
TTO,Trinidad and Tobago,Latin America & Caribbean,High income,1989,6019.13660888101,,1241600.0
TTO,Trinidad and Tobago,Latin America & Caribbean,High income,1990,6058.21521640153,,1252208.0
TTO,Trinidad and Tobago,Latin America & Caribbean,High income,1991,6197.46242847246,,1262171.0
TTO,Trinidad and Tobago,Latin America & Caribbean,High income,1992,6771.98415842128,,1271674.0
TTO,Trinidad and Tobago,Latin America & Caribbean,High income,1993,6680.48480038241,,1280466.0
TTO,Trinidad and Tobago,Latin America & Caribbean,High income,1994,6876.49857217898,,1288341.0
TTO,Trinidad and Tobago,Latin America & Caribbean,High income,1995,7100.85381245723,282000.0,1295169.0
TTO,Trinidad and Tobago,Latin America & Caribbean,High income,1996,7573.78560828675,317000.0,1300928.0
TTO,Trinidad and Tobago,Latin America & Caribbean,High income,1997,8112.94285878867,360000.0,1305836.0
TTO,Trinidad and Tobago,Latin America & Caribbean,High income,1998,8742.6993105224,377000.0,1310225.0
TTO,Trinidad and Tobago,Latin America & Caribbean,High income,1999,9412.08108378445,421000.0,1314708.0
TTO,Trinidad and Tobago,Latin America & Caribbean,High income,2000,10023.0206669207,503000.0,1319774.0
TTO,Trinidad and Tobago,Latin America & Caribbean,High income,2001,10395.2041042218,468000.0,1325567.0
TTO,Trinidad and Tobago,Latin America & Caribbean,High income,2002,11165.960015838,451000.0,1332011.0
TTO,Trinidad and Tobago,Latin America & Caribbean,High income,2003,12714.5004334846,474000.0,1338709.0
TTO,Trinidad and Tobago,Latin America & Caribbean,High income,2004,13657.2534995604,501000.0,1345380.0
TTO,Trinidad and Tobago,Latin America & Caribbean,High income,2005,15075.4179709902,529000.0,1294494.0
TTO,Trinidad and Tobago,Latin America & Caribbean,High income,2006,17021.2241679562,534000.0,1297944.0
TTO,Trinidad and Tobago,Latin America & Caribbean,High income,2007,17758.6995224652,531000.0,1303188.0
TTO,Trinidad and Tobago,Latin America & Caribbean,High income,2008,18285.2735441992,482000.0,1308587.0
TTO,Trinidad and Tobago,Latin America & Caribbean,High income,2009,17461.9640940055,534000.0,1310106.0
TTO,Trinidad and Tobago,Latin America & Caribbean,High income,2010,17938.0949459463,490000.0,1317714.0
TTO,Trinidad and Tobago,Latin America & Caribbean,High income,2011,17746.509252615,491000.0,1328019.0
TTO,Trinidad and Tobago,Latin America & Caribbean,High income,2012,18835.6674122954,504000.0,1335194.0
TTO,Trinidad and Tobago,Latin America & Caribbean,High income,2013,19392.1974593783,467000.0,1340557.0
TTO,Trinidad and Tobago,Latin America & Caribbean,High income,2014,20032.5402001718,455000.0,1345343.0
TTO,Trinidad and Tobago,Latin America & Caribbean,High income,2015,19887.2327716498,519000.0,1349667.0
TTO,Trinidad and Tobago,Latin America & Caribbean,High income,2016,18331.034459758,492000.0,1353895.0
TTO,Trinidad and Tobago,Latin America & Caribbean,High income,2017,17402.6155328454,465000.0,1356633.0
TTO,Trinidad and Tobago,Latin America & Caribbean,High income,2018,17205.615135339,501000.0,1359193.0
TTO,Trinidad and Tobago,Latin America & Caribbean,High income,2019,17225.361633712,480000.0,1363985.0
TTO,Trinidad and Tobago,Latin America & Caribbean,High income,2020,15679.9611486825,141000.0,1366725.0
TTO,Trinidad and Tobago,Latin America & Caribbean,High income,2021,15558.0940536829,,1367558.0
TTO,Trinidad and Tobago,Latin America & Caribbean,High income,2022,15712.230497272,,1365805.0
TTO,Trinidad and Tobago,Latin America & Caribbean,High income,2023,15922.7668349788,,1367510.0
TTO,Trinidad and Tobago,Latin America & Caribbean,High income,2024,16312.4849555716,,1368333.0
TUN,Tunisia,"Middle East, North Africa, Afghanistan & Pakistan",Lower middle income,1980,1877.33460917719,,6606195.0
TUN,Tunisia,"Middle East, North Africa, Afghanistan & Pakistan",Lower middle income,1981,1936.27493963202,,6758284.0
TUN,Tunisia,"Middle East, North Africa, Afghanistan & Pakistan",Lower middle income,1982,1884.78227052679,,6908642.0
TUN,Tunisia,"Middle East, North Africa, Afghanistan & Pakistan",Lower middle income,1983,1932.42391419246,,7053800.0
TUN,Tunisia,"Middle East, North Africa, Afghanistan & Pakistan",Lower middle income,1984,1996.46327787975,,7220044.0
TUN,Tunisia,"Middle East, North Africa, Afghanistan & Pakistan",Lower middle income,1985,2055.19144815615,,7409903.0
TUN,Tunisia,"Middle East, North Africa, Afghanistan & Pakistan",Lower middle income,1986,1974.71267916921,,7600301.0
TUN,Tunisia,"Middle East, North Africa, Afghanistan & Pakistan",Lower middle income,1987,2055.73899547611,,7789987.0
TUN,Tunisia,"Middle East, North Africa, Afghanistan & Pakistan",Lower middle income,1988,2009.63775948264,,7974440.0
TUN,Tunisia,"Middle East, North Africa, Afghanistan & Pakistan",Lower middle income,1989,2000.28670492904,,8151660.0
TUN,Tunisia,"Middle East, North Africa, Afghanistan & Pakistan",Lower middle income,1990,2114.47034536085,,8324509.0
TUN,Tunisia,"Middle East, North Africa, Afghanistan & Pakistan",Lower middle income,1991,2151.20851677353,,8501827.0
TUN,Tunisia,"Middle East, North Africa, Afghanistan & Pakistan",Lower middle income,1992,2270.86449442765,,8682512.0
TUN,Tunisia,"Middle East, North Africa, Afghanistan & Pakistan",Lower middle income,1993,2274.64182637585,,8857910.0
TUN,Tunisia,"Middle East, North Africa, Afghanistan & Pakistan",Lower middle income,1994,2305.16127524434,,9018448.0
TUN,Tunisia,"Middle East, North Africa, Afghanistan & Pakistan",Lower middle income,1995,2322.59207185194,4120000.0,9161258.0
TUN,Tunisia,"Middle East, North Africa, Afghanistan & Pakistan",Lower middle income,1996,2452.90929820496,3885000.0,9294432.0
TUN,Tunisia,"Middle East, North Africa, Afghanistan & Pakistan",Lower middle income,1997,2551.55055160864,4263000.0,9421270.0
TUN,Tunisia,"Middle East, North Africa, Afghanistan & Pakistan",Lower middle income,1998,2639.87498120997,4718000.0,9541667.0
TUN,Tunisia,"Middle East, North Africa, Afghanistan & Pakistan",Lower middle income,1999,2766.57007135231,4832000.0,9655963.0
TUN,Tunisia,"Middle East, North Africa, Afghanistan & Pakistan",Lower middle income,2000,2864.54703666618,5058000.0,9764935.0
TUN,Tunisia,"Middle East, North Africa, Afghanistan & Pakistan",Lower middle income,2001,2941.73893592906,5387000.0,9869677.0
TUN,Tunisia,"Middle East, North Africa, Afghanistan & Pakistan",Lower middle income,2002,2950.20410959054,5064000.0,9971515.0
TUN,Tunisia,"Middle East, North Africa, Afghanistan & Pakistan",Lower middle income,2003,3058.22895827842,5114000.0,10071632.0
TUN,Tunisia,"Middle East, North Africa, Afghanistan & Pakistan",Lower middle income,2004,3218.72320748457,5998000.0,10166163.0
TUN,Tunisia,"Middle East, North Africa, Afghanistan & Pakistan",Lower middle income,2005,3301.93817216029,6378000.0,10255472.0
TUN,Tunisia,"Middle East, North Africa, Afghanistan & Pakistan",Lower middle income,2006,3444.5513526091,6550000.0,10346410.0
TUN,Tunisia,"Middle East, North Africa, Afghanistan & Pakistan",Lower middle income,2007,3642.11977444786,6762000.0,10441702.0
TUN,Tunisia,"Middle East, North Africa, Afghanistan & Pakistan",Lower middle income,2008,3760.11828478704,7050000.0,10542635.0
TUN,Tunisia,"Middle East, North Africa, Afghanistan & Pakistan",Lower middle income,2009,3835.25011939301,7797000.0,10650681.0
TUN,Tunisia,"Middle East, North Africa, Afghanistan & Pakistan",Lower middle income,2010,3906.90625867605,7828000.0,10765980.0
TUN,Tunisia,"Middle East, North Africa, Afghanistan & Pakistan",Lower middle income,2011,3784.7412903401,5746000.0,10886035.0
TUN,Tunisia,"Middle East, North Africa, Afghanistan & Pakistan",Lower middle income,2012,3900.04620132702,6999000.0,11009647.0
TUN,Tunisia,"Middle East, North Africa, Afghanistan & Pakistan",Lower middle income,2013,3947.58763533174,7352000.0,11141361.0
TUN,Tunisia,"Middle East, North Africa, Afghanistan & Pakistan",Lower middle income,2014,4021.59954703591,7163000.0,11274288.0
TUN,Tunisia,"Middle East, North Africa, Afghanistan & Pakistan",Lower middle income,2015,4014.94773686432,5359000.0,11402264.0
TUN,Tunisia,"Middle East, North Africa, Afghanistan & Pakistan",Lower middle income,2016,4015.28893802703,5724000.0,11528674.0
TUN,Tunisia,"Middle East, North Africa, Afghanistan & Pakistan",Lower middle income,2017,4062.80606534519,7052000.0,11650498.0
TUN,Tunisia,"Middle East, North Africa, Afghanistan & Pakistan",Lower middle income,2018,4127.97005697994,8299000.0,11765514.0
TUN,Tunisia,"Middle East, North Africa, Afghanistan & Pakistan",Lower middle income,2019,4153.27978615515,9429000.0,11875081.0
TUN,Tunisia,"Middle East, North Africa, Afghanistan & Pakistan",Lower middle income,2020,3749.26841452928,2012000.0,11974057.0
TUN,Tunisia,"Middle East, North Africa, Afghanistan & Pakistan",Lower middle income,2021,3902.53322990199,,12048622.0
TUN,Tunisia,"Middle East, North Africa, Afghanistan & Pakistan",Lower middle income,2022,3986.54558325666,,12119334.0
TUN,Tunisia,"Middle East, North Africa, Afghanistan & Pakistan",Lower middle income,2023,3967.33387634534,,12200431.0
TUN,Tunisia,"Middle East, North Africa, Afghanistan & Pakistan",Lower middle income,2024,4006.20588267443,,12277109.0
TUR,Turkiye,Europe & Central Asia,Upper middle income,1980,3842.04482389031,,45408815.0
TUR,Turkiye,Europe & Central Asia,Upper middle income,1981,3949.28850759335,,46321190.0
TUR,Turkiye,Europe & Central Asia,Upper middle income,1982,4003.50315441713,,47322096.0
TUR,Turkiye,Europe & Central Asia,Upper middle income,1983,4104.90632975913,,48447410.0
TUR,Turkiye,Europe & Central Asia,Upper middle income,1984,4280.87525403423,,49574069.0
TUR,Turkiye,Europe & Central Asia,Upper middle income,1985,4364.45011849922,,50687115.0
TUR,Turkiye,Europe & Central Asia,Upper middle income,1986,4572.10668339085,,51777772.0
TUR,Turkiye,Europe & Central Asia,Upper middle income,1987,4904.82484018353,,52843670.0
TUR,Turkiye,Europe & Central Asia,Upper middle income,1988,4919.41900099648,,53909626.0
TUR,Turkiye,Europe & Central Asia,Upper middle income,1989,4837.93436492876,,54976723.0
TUR,Turkiye,Europe & Central Asia,Upper middle income,1990,5188.18244439241,,56015628.0
TUR,Turkiye,Europe & Central Asia,Upper middle income,1991,5134.41760877172,,57009887.0
TUR,Turkiye,Europe & Central Asia,Upper middle income,1992,5301.80855982172,,57990118.0
TUR,Turkiye,Europe & Central Asia,Upper middle income,1993,5609.85056730997,,58999167.0
TUR,Turkiye,Europe & Central Asia,Upper middle income,1994,5255.80339736897,,60033836.0
TUR,Turkiye,Europe & Central Asia,Upper middle income,1995,5577.82539654281,7727000.0,61024503.0
TUR,Turkiye,Europe & Central Asia,Upper middle income,1996,5887.67309798528,8614000.0,61951134.0
TUR,Turkiye,Europe & Central Asia,Upper middle income,1997,6230.18622126407,9689000.0,62852966.0
TUR,Turkiye,Europe & Central Asia,Upper middle income,1998,6261.28870069222,9753000.0,63734383.0
TUR,Turkiye,Europe & Central Asia,Upper middle income,1999,5989.55700860592,7487000.0,64591923.0
TUR,Turkiye,Europe & Central Asia,Upper middle income,2000,6326.25746472488,10428000.0,65425961.0
TUR,Turkiye,Europe & Central Asia,Upper middle income,2001,5906.92348536699,11619000.0,66245128.0
TUR,Turkiye,Europe & Central Asia,Upper middle income,2002,6211.70542960394,13256000.0,67048795.0
TUR,Turkiye,Europe & Central Asia,Upper middle income,2003,6496.07277294612,14030000.0,67831730.0
TUR,Turkiye,Europe & Central Asia,Upper middle income,2004,7061.62219794984,17517000.0,68592617.0
TUR,Turkiye,Europe & Central Asia,Upper middle income,2005,7623.14640948457,21125000.0,69329557.0
TUR,Turkiye,Europe & Central Asia,Upper middle income,2006,8078.5153787571,19820000.0,70045349.0
TUR,Turkiye,Europe & Central Asia,Upper middle income,2007,8477.53328393352,27215000.0,70158112.0
TUR,Turkiye,Europe & Central Asia,Upper middle income,2008,8447.93976396947,31138000.0,71051678.0
TUR,Turkiye,Europe & Central Asia,Upper middle income,2009,7925.30110421185,31760000.0,72039206.0
TUR,Turkiye,Europe & Central Asia,Upper middle income,2010,8472.57809050119,32997000.0,73142150.0
TUR,Turkiye,Europe & Central Asia,Upper middle income,2011,9265.85910238578,36769000.0,74223629.0
TUR,Turkiye,Europe & Central Asia,Upper middle income,2012,9588.32066531438,37715000.0,75175827.0
TUR,Turkiye,Europe & Central Asia,Upper middle income,2013,10269.4489140773,39861000.0,76147624.0
TUR,Turkiye,Europe & Central Asia,Upper middle income,2014,10597.9801881716,41627000.0,77181884.0
TUR,Turkiye,Europe & Central Asia,Upper middle income,2015,11064.6494504662,41114000.0,78218479.0
TUR,Turkiye,Europe & Central Asia,Upper middle income,2016,11279.6169531569,30907000.0,79277962.0
TUR,Turkiye,Europe & Central Asia,Upper middle income,2017,12005.6459824832,37970000.0,80312698.0
TUR,Turkiye,Europe & Central Asia,Upper middle income,2018,12255.0082146169,46113000.0,81407204.0
TUR,Turkiye,Europe & Central Asia,Upper middle income,2019,12238.2950220128,51747000.0,82579440.0
TUR,Turkiye,Europe & Central Asia,Upper middle income,2020,12338.643833135,15971000.0,83384680.0
TUR,Turkiye,Europe & Central Asia,Upper middle income,2021,13670.938029516,,84147318.0
TUR,Turkiye,Europe & Central Asia,Upper middle income,2022,14273.5747654873,,84979913.0
TUR,Turkiye,Europe & Central Asia,Upper middle income,2023,14932.8851363122,,85325965.0
TUR,Turkiye,Europe & Central Asia,Upper middle income,2024,15395.0278894893,,85518661.0
TUV,Tuvalu,East Asia & Pacific,Upper middle income,1980,1587.53909533798,,7366.0
TUV,Tuvalu,East Asia & Pacific,Upper middle income,1981,1594.19180255234,,7526.0
TUV,Tuvalu,East Asia & Pacific,Upper middle income,1982,1314.86612028407,,7664.0
TUV,Tuvalu,East Asia & Pacific,Upper middle income,1983,1409.86206623115,,7789.0
TUV,Tuvalu,East Asia & Pacific,Upper middle income,1984,1493.386306332,,7902.0
TUV,Tuvalu,East Asia & Pacific,Upper middle income,1985,1439.74443073506,,8046.0
TUV,Tuvalu,East Asia & Pacific,Upper middle income,1986,1728.18899905873,,8217.0
TUV,Tuvalu,East Asia & Pacific,Upper middle income,1987,1904.32131104939,,8371.0
TUV,Tuvalu,East Asia & Pacific,Upper middle income,1988,2232.77958574761,,8518.0
TUV,Tuvalu,East Asia & Pacific,Upper middle income,1989,2152.89409441584,,8662.0
TUV,Tuvalu,East Asia & Pacific,Upper middle income,1990,2445.52642936988,,8798.0
TUV,Tuvalu,East Asia & Pacific,Upper middle income,1991,2496.89560711865,,8928.0
TUV,Tuvalu,East Asia & Pacific,Upper middle income,1992,2535.29195812982,,9038.0
TUV,Tuvalu,East Asia & Pacific,Upper middle income,1993,2614.06109903264,,9126.0
TUV,Tuvalu,East Asia & Pacific,Upper middle income,1994,2857.51231666669,,9207.0
TUV,Tuvalu,East Asia & Pacific,Upper middle income,1995,2693.15612225087,899.999976158142,9280.0
TUV,Tuvalu,East Asia & Pacific,Upper middle income,1996,2515.79896868216,1000.0,9342.0
TUV,Tuvalu,East Asia & Pacific,Upper middle income,1997,2750.38612782493,1000.0,9400.0
TUV,Tuvalu,East Asia & Pacific,Upper middle income,1998,3159.58561799858,1000.0,9451.0
TUV,Tuvalu,East Asia & Pacific,Upper middle income,1999,3095.43517251256,1100.00002384186,9496.0
TUV,Tuvalu,East Asia & Pacific,Upper middle income,2000,3051.37894204891,1100.00002384186,9544.0
TUV,Tuvalu,East Asia & Pacific,Upper middle income,2001,3059.14305159403,1100.00002384186,9586.0
TUV,Tuvalu,East Asia & Pacific,Upper middle income,2002,3300.84183236169,1299.99995231628,9623.0
TUV,Tuvalu,East Asia & Pacific,Upper middle income,2003,3133.78208016242,1399.99997615814,9695.0
TUV,Tuvalu,East Asia & Pacific,Upper middle income,2004,3036.7117312686,1299.99995231628,9816.0
TUV,Tuvalu,East Asia & Pacific,Upper middle income,2005,2886.47360709377,1100.00002384186,9940.0
TUV,Tuvalu,East Asia & Pacific,Upper middle income,2006,2890.2979042629,1100.00002384186,10056.0
TUV,Tuvalu,East Asia & Pacific,Upper middle income,2007,3051.64998981595,1100.00002384186,10182.0
TUV,Tuvalu,East Asia & Pacific,Upper middle income,2008,3208.62150790145,1700.00004768372,10321.0
TUV,Tuvalu,East Asia & Pacific,Upper middle income,2009,2987.77161613649,1600.00002384186,10461.0
TUV,Tuvalu,East Asia & Pacific,Upper middle income,2010,2872.02011343345,1700.00004768372,10614.0
TUV,Tuvalu,East Asia & Pacific,Upper middle income,2011,3040.4474312404,1200.00004768372,10780.0
TUV,Tuvalu,East Asia & Pacific,Upper middle income,2012,2912.10912265748,1100.00002384186,10934.0
TUV,Tuvalu,East Asia & Pacific,Upper middle income,2013,3004.5049231989,1299.99995231628,11001.0
TUV,Tuvalu,East Asia & Pacific,Upper middle income,2014,3059.3244224989,1399.99997615814,10984.0
TUV,Tuvalu,East Asia & Pacific,Upper middle income,2015,3352.66722400181,2400.00009536743,10963.0
TUV,Tuvalu,East Asia & Pacific,Upper middle income,2016,3523.41345550387,2500.0,10930.0
TUV,Tuvalu,East Asia & Pacific,Upper middle income,2017,3658.98029250415,2500.0,10869.0
TUV,Tuvalu,East Asia & Pacific,Upper middle income,2018,3750.43562817208,3200.00004768372,10751.0
TUV,Tuvalu,East Asia & Pacific,Upper middle income,2019,4323.09703196938,3599.99990463257,10581.0
TUV,Tuvalu,East Asia & Pacific,Upper middle income,2020,4265.46279289261,,10399.0
TUV,Tuvalu,East Asia & Pacific,Upper middle income,2021,4351.24068896314,,10194.0
TUV,Tuvalu,East Asia & Pacific,Upper middle income,2022,3953.66795349958,,9992.0
TUV,Tuvalu,East Asia & Pacific,Upper middle income,2023,4165.7693870564,,9816.0
TUV,Tuvalu,East Asia & Pacific,Upper middle income,2024,4382.8876648687,,9646.0
TZA,Tanzania,Sub-Saharan Africa,Lower middle income,1980,536.933166503906,,19189769.0
TZA,Tanzania,Sub-Saharan Africa,Lower middle income,1981,515.711853027344,,19784703.0
TZA,Tanzania,Sub-Saharan Africa,Lower middle income,1982,498.374603271484,,20398571.0
TZA,Tanzania,Sub-Saharan Africa,Lower middle income,1983,480.399017333984,,21079874.0
TZA,Tanzania,Sub-Saharan Africa,Lower middle income,1984,486.725524902344,,21779066.0
TZA,Tanzania,Sub-Saharan Africa,Lower middle income,1985,476.979888916016,,22501693.0
TZA,Tanzania,Sub-Saharan Africa,Lower middle income,1986,486.831359863281,,23258959.0
TZA,Tanzania,Sub-Saharan Africa,Lower middle income,1987,493.825897216797,,24030378.0
TZA,Tanzania,Sub-Saharan Africa,Lower middle income,1988,513.868591308594,,24769686.0
TZA,Tanzania,Sub-Saharan Africa,Lower middle income,1989,519.22265625,,25438759.0
TZA,Tanzania,Sub-Saharan Africa,Lower middle income,1990,541.544799804688,,26110207.0
TZA,Tanzania,Sub-Saharan Africa,Lower middle income,1991,538.966979980469,,26780436.0
TZA,Tanzania,Sub-Saharan Africa,Lower middle income,1992,528.781555175781,,27457588.0
TZA,Tanzania,Sub-Saharan Africa,Lower middle income,1993,518.66259765625,,28332692.0
TZA,Tanzania,Sub-Saharan Africa,Lower middle income,1994,506.972503662109,,29442356.0
TZA,Tanzania,Sub-Saharan Africa,Lower middle income,1995,508.840423583984,295000.0,30383497.0
TZA,Tanzania,Sub-Saharan Africa,Lower middle income,1996,522.333251953125,326000.0,30945762.0
TZA,Tanzania,Sub-Saharan Africa,Lower middle income,1997,529.954223632813,360000.0,31578089.0
TZA,Tanzania,Sub-Saharan Africa,Lower middle income,1998,535.363159179688,482000.0,32420458.0
TZA,Tanzania,Sub-Saharan Africa,Lower middle income,1999,546.605529785156,627000.0,33300330.0
TZA,Tanzania,Sub-Saharan Africa,Lower middle income,2000,555.348083496094,501000.0,34260139.0
TZA,Tanzania,Sub-Saharan Africa,Lower middle income,2001,573.400146484375,525000.0,35198299.0
TZA,Tanzania,Sub-Saharan Africa,Lower middle income,2002,598.421569824219,575000.0,36121304.0
TZA,Tanzania,Sub-Saharan Africa,Lower middle income,2003,621.720703125,576000.0,37089555.0
TZA,Tanzania,Sub-Saharan Africa,Lower middle income,2004,650.516540527344,583000.0,38109668.0
TZA,Tanzania,Sub-Saharan Africa,Lower middle income,2005,680.051208496094,613000.0,39182076.0
TZA,Tanzania,Sub-Saharan Africa,Lower middle income,2006,704.502746582031,644000.0,40294902.0
TZA,Tanzania,Sub-Saharan Africa,Lower middle income,2007,731.52001953125,719000.0,41435512.0
TZA,Tanzania,Sub-Saharan Africa,Lower middle income,2008,752.540466308594,770000.0,42570728.0
TZA,Tanzania,Sub-Saharan Africa,Lower middle income,2009,772.929565429688,714000.0,43633982.0
TZA,Tanzania,Sub-Saharan Africa,Lower middle income,2010,801.29931640625,783000.0,44758488.0
TZA,Tanzania,Sub-Saharan Africa,Lower middle income,2011,838.999267578125,868000.0,46029367.0
TZA,Tanzania,Sub-Saharan Africa,Lower middle income,2012,851.910705566406,1077000.0,47374260.0
TZA,Tanzania,Sub-Saharan Africa,Lower middle income,2013,882.8115234375,1096000.0,48824128.0
TZA,Tanzania,Sub-Saharan Africa,Lower middle income,2014,913.811218261719,1140000.0,50351512.0
TZA,Tanzania,Sub-Saharan Africa,Lower middle income,2015,939.127319335938,1137000.0,52020962.0
TZA,Tanzania,Sub-Saharan Africa,Lower middle income,2016,970.156127929688,1284000.0,53824013.0
TZA,Tanzania,Sub-Saharan Africa,Lower middle income,2017,1001.55895996094,1327000.0,55652890.0
TZA,Tanzania,Sub-Saharan Africa,Lower middle income,2018,1024.01525878906,1506000.0,57437145.0
TZA,Tanzania,Sub-Saharan Africa,Lower middle income,2019,1051.7666015625,1527000.0,59174891.0
TZA,Tanzania,Sub-Saharan Africa,Lower middle income,2020,1041.25964355469,,60972798.0
TZA,Tanzania,Sub-Saharan Africa,Lower middle income,2021,1054.31726074219,,62830412.0
TZA,Tanzania,Sub-Saharan Africa,Lower middle income,2022,1070.58532714844,,64711821.0
TZA,Tanzania,Sub-Saharan Africa,Lower middle income,2023,1092.86413574219,,66617606.0
TZA,Tanzania,Sub-Saharan Africa,Lower middle income,2024,1120.77416992188,,68560157.0
UGA,Uganda,Sub-Saharan Africa,Low income,1980,,,13275741.0
UGA,Uganda,Sub-Saharan Africa,Low income,1981,,,13556452.0
UGA,Uganda,Sub-Saharan Africa,Low income,1982,359.206285547545,,13873631.0
UGA,Uganda,Sub-Saharan Africa,Low income,1983,370.539961015941,,14221881.0
UGA,Uganda,Sub-Saharan Africa,Low income,1984,359.510382451245,,14607677.0
UGA,Uganda,Sub-Saharan Africa,Low income,1985,337.997945432752,,15023681.0
UGA,Uganda,Sub-Saharan Africa,Low income,1986,329.57852173859,,15467579.0
UGA,Uganda,Sub-Saharan Africa,Low income,1987,332.185941474188,,15954170.0
UGA,Uganda,Sub-Saharan Africa,Low income,1988,348.37383295348,,16470483.0
UGA,Uganda,Sub-Saharan Africa,Low income,1989,358.769886121704,,17010698.0
UGA,Uganda,Sub-Saharan Africa,Low income,1990,369.839286985576,,17569897.0
UGA,Uganda,Sub-Saharan Africa,Low income,1991,377.780503685951,,18155901.0
UGA,Uganda,Sub-Saharan Africa,Low income,1992,377.609612721367,,18785032.0
UGA,Uganda,Sub-Saharan Africa,Low income,1993,395.163949168597,,19445161.0
UGA,Uganda,Sub-Saharan Africa,Low income,1994,406.592301920177,,20108801.0
UGA,Uganda,Sub-Saharan Africa,Low income,1995,441.226201168263,160000.0,20665667.0
UGA,Uganda,Sub-Saharan Africa,Low income,1996,468.427898950193,174000.0,21231550.0
UGA,Uganda,Sub-Saharan Africa,Low income,1997,478.250663988847,175000.0,21856046.0
UGA,Uganda,Sub-Saharan Africa,Low income,1998,487.008977266219,195000.0,22515806.0
UGA,Uganda,Sub-Saharan Africa,Low income,1999,509.455395054388,189000.0,23257281.0
UGA,Uganda,Sub-Saharan Africa,Low income,2000,509.19755319016,193000.0,24000150.0
UGA,Uganda,Sub-Saharan Africa,Low income,2001,519.456547890884,205000.0,24745676.0
UGA,Uganda,Sub-Saharan Africa,Low income,2002,547.405338919875,254000.0,25532870.0
UGA,Uganda,Sub-Saharan Africa,Low income,2003,564.720539196569,305000.0,26352124.0
UGA,Uganda,Sub-Saharan Africa,Low income,2004,585.339489080616,512000.0,27154515.0
UGA,Uganda,Sub-Saharan Africa,Low income,2005,604.404813057618,468000.0,27963289.0
UGA,Uganda,Sub-Saharan Africa,Low income,2006,650.270540867444,539000.0,28794003.0
UGA,Uganda,Sub-Saharan Africa,Low income,2007,684.542241787248,642000.0,29653430.0
UGA,Uganda,Sub-Saharan Africa,Low income,2008,722.565167003452,844000.0,30539553.0
UGA,Uganda,Sub-Saharan Africa,Low income,2009,749.342865535423,807000.0,31451151.0
UGA,Uganda,Sub-Saharan Africa,Low income,2010,768.624091660131,946000.0,32390802.0
UGA,Uganda,Sub-Saharan Africa,Low income,2011,816.516366587228,1151000.0,33354543.0
UGA,Uganda,Sub-Saharan Africa,Low income,2012,823.580468285493,1197000.0,34337438.0
UGA,Uganda,Sub-Saharan Africa,Low income,2013,828.988669729986,1206000.0,35337042.0
UGA,Uganda,Sub-Saharan Africa,Low income,2014,845.978664791099,1266000.0,36395539.0
UGA,Uganda,Sub-Saharan Africa,Low income,2015,862.934610355811,1303000.0,37531446.0
UGA,Uganda,Sub-Saharan Africa,Low income,2016,874.648370639216,1323000.0,38799152.0
UGA,Uganda,Sub-Saharan Africa,Low income,2017,871.093880017151,1402000.0,40177388.0
UGA,Uganda,Sub-Saharan Africa,Low income,2018,895.07512785438,1506000.0,41565831.0
UGA,Uganda,Sub-Saharan Africa,Low income,2019,920.939101515671,1543000.0,42999637.0
UGA,Uganda,Sub-Saharan Africa,Low income,2020,917.0350317644,473000.0,44457152.0
UGA,Uganda,Sub-Saharan Africa,Low income,2021,919.401675217265,,45910930.0
UGA,Uganda,Sub-Saharan Africa,Low income,2022,933.094056370423,,47312719.0
UGA,Uganda,Sub-Saharan Africa,Low income,2023,955.745797275462,,48656601.0
UGA,Uganda,Sub-Saharan Africa,Low income,2024,986.090145363924,,50015092.0
UKR,Ukraine,Europe & Central Asia,Upper middle income,1980,,,49955152.0
UKR,Ukraine,Europe & Central Asia,Upper middle income,1981,,,50189281.0
UKR,Ukraine,Europe & Central Asia,Upper middle income,1982,,,50402724.0
UKR,Ukraine,Europe & Central Asia,Upper middle income,1983,,,50637029.0
UKR,Ukraine,Europe & Central Asia,Upper middle income,1984,,,50887599.0
UKR,Ukraine,Europe & Central Asia,Upper middle income,1985,,,51108770.0
UKR,Ukraine,Europe & Central Asia,Upper middle income,1986,,,51318745.0
UKR,Ukraine,Europe & Central Asia,Upper middle income,1987,3141.6796875,,51515732.0
UKR,Ukraine,Europe & Central Asia,Upper middle income,1988,3209.2822265625,,51724853.0
UKR,Ukraine,Europe & Central Asia,Upper middle income,1989,3321.19091796875,,51917817.0
UKR,Ukraine,Europe & Central Asia,Upper middle income,1990,3102.310546875,,52054092.0
UKR,Ukraine,Europe & Central Asia,Upper middle income,1991,2826.06469726563,,52170961.0
UKR,Ukraine,Europe & Central Asia,Upper middle income,1992,2538.85278320313,,52323671.0
UKR,Ukraine,Europe & Central Asia,Upper middle income,1993,2177.23486328125,,52350126.0
UKR,Ukraine,Europe & Central Asia,Upper middle income,1994,1687.48449707031,,52075998.0
UKR,Ukraine,Europe & Central Asia,Upper middle income,1995,1493.38208007813,6127000.0,51665539.0
UKR,Ukraine,Europe & Central Asia,Upper middle income,1996,1355.57336425781,6750000.0,51226109.0
UKR,Ukraine,Europe & Central Asia,Upper middle income,1997,1326.27795410156,14743000.0,50786885.0
UKR,Ukraine,Europe & Central Asia,Upper middle income,1998,1311.59362792969,12003000.0,50379731.0
UKR,Ukraine,Europe & Central Asia,Upper middle income,1999,1319.533203125,10990000.0,49976446.0
UKR,Ukraine,Europe & Central Asia,Upper middle income,2000,1409.22265625,11691000.0,49556660.0
UKR,Ukraine,Europe & Central Asia,Upper middle income,2001,1547.2783203125,11877000.0,49106855.0
UKR,Ukraine,Europe & Central Asia,Upper middle income,2002,1644.28125,12793000.0,48677281.0
UKR,Ukraine,Europe & Central Asia,Upper middle income,2003,1814.25854492188,15161000.0,48315136.0
UKR,Ukraine,Europe & Central Asia,Upper middle income,2004,2042.44494628906,18583000.0,47979507.0
UKR,Ukraine,Europe & Central Asia,Upper middle income,2005,2122.6015625,20489000.0,47585556.0
UKR,Ukraine,Europe & Central Asia,Upper middle income,2006,2298.13232421875,21714000.0,47278694.0
UKR,Ukraine,Europe & Central Asia,Upper middle income,2007,2498.35205078125,26162000.0,47062798.0
UKR,Ukraine,Europe & Central Asia,Upper middle income,2008,2567.69409179688,28827000.0,46819175.0
UKR,Ukraine,Europe & Central Asia,Upper middle income,2009,2188.17016601563,24033000.0,46623731.0
UKR,Ukraine,Europe & Central Asia,Upper middle income,2010,2285.93383789063,24114000.0,46456003.0
UKR,Ukraine,Europe & Central Asia,Upper middle income,2011,2418.12084960938,24535000.0,46307853.0
UKR,Ukraine,Europe & Central Asia,Upper middle income,2012,2426.92944335938,25061000.0,46210056.0
UKR,Ukraine,Europe & Central Asia,Upper middle income,2013,2432.41625976563,26025000.0,46126770.0
UKR,Ukraine,Europe & Central Asia,Upper middle income,2014,2308.6435546875,13227000.0,45972380.0
UKR,Ukraine,Europe & Central Asia,Upper middle income,2015,2094.47387695313,13025000.0,45784896.0
UKR,Ukraine,Europe & Central Asia,Upper middle income,2016,2156.0830078125,13734000.0,45616832.0
UKR,Ukraine,Europe & Central Asia,Upper middle income,2017,2217.7529296875,14579000.0,45436041.0
UKR,Ukraine,Europe & Central Asia,Upper middle income,2018,2308.6669921875,14342000.0,45208907.0
UKR,Ukraine,Europe & Central Asia,Upper middle income,2019,2398.07836914063,13710000.0,44957458.0
UKR,Ukraine,Europe & Central Asia,Upper middle income,2020,2324.107421875,3382000.0,44680014.0
UKR,Ukraine,Europe & Central Asia,Upper middle income,2021,2426.6123046875,,44298640.0
UKR,Ukraine,Europe & Central Asia,Upper middle income,2022,1874.66296386719,,41048766.0
UKR,Ukraine,Europe & Central Asia,Upper middle income,2023,2164.26123046875,,37732836.0
UKR,Ukraine,Europe & Central Asia,Upper middle income,2024,2226.05810546875,,37860221.0
URY,Uruguay,Latin America & Caribbean,High income,1980,8772.55429720278,,2951953.0
URY,Uruguay,Latin America & Caribbean,High income,1981,8875.41372143275,,2963246.0
URY,Uruguay,Latin America & Caribbean,High income,1982,7976.3987522595,,2975492.0
URY,Uruguay,Latin America & Caribbean,High income,1983,7125.0572968269,,2988778.0
URY,Uruguay,Latin America & Caribbean,High income,1984,7011.48236418771,,3002488.0
URY,Uruguay,Latin America & Caribbean,High income,1985,7080.00108604848,,3017037.0
URY,Uruguay,Latin America & Caribbean,High income,1986,7663.58167679033,,3032845.0
URY,Uruguay,Latin America & Caribbean,High income,1987,8229.87299178332,,3049896.0
URY,Uruguay,Latin America & Caribbean,High income,1988,8302.57484462415,,3067961.0
URY,Uruguay,Latin America & Caribbean,High income,1989,8344.46966462033,,3086255.0
URY,Uruguay,Latin America & Caribbean,High income,1990,8320.3559048693,,3104403.0
URY,Uruguay,Latin America & Caribbean,High income,1991,8565.26927800028,,3122354.0
URY,Uruguay,Latin America & Caribbean,High income,1992,9193.55122074713,,3139702.0
URY,Uruguay,Latin America & Caribbean,High income,1993,9388.10939080161,,3156345.0
URY,Uruguay,Latin America & Caribbean,High income,1994,10019.3479243955,,3172834.0
URY,Uruguay,Latin America & Caribbean,High income,1995,9822.89680356996,2177000.0,3189440.0
URY,Uruguay,Latin America & Caribbean,High income,1996,10316.2027570949,2258000.0,3206324.0
URY,Uruguay,Latin America & Caribbean,High income,1997,11138.8676127212,2463000.0,3223345.0
URY,Uruguay,Latin America & Caribbean,High income,1998,11584.9491858277,2324000.0,3239280.0
URY,Uruguay,Latin America & Caribbean,High income,1999,11357.0866859804,2273000.0,3254015.0
URY,Uruguay,Latin America & Caribbean,High income,2000,11096.3309569487,2236000.0,3266206.0
URY,Uruguay,Latin America & Caribbean,High income,2001,10643.5574019273,2136000.0,3274251.0
URY,Uruguay,Latin America & Caribbean,High income,2002,9806.7713064359,1354000.0,3278867.0
URY,Uruguay,Latin America & Caribbean,High income,2003,9878.75684344081,1508000.0,3281186.0
URY,Uruguay,Latin America & Caribbean,High income,2004,10366.9067382871,1871000.0,3283148.0
URY,Uruguay,Latin America & Caribbean,High income,2005,11131.3984890038,1917000.0,3285771.0
URY,Uruguay,Latin America & Caribbean,High income,2006,11574.470540231,1824000.0,3289506.0
URY,Uruguay,Latin America & Caribbean,High income,2007,12310.482735502,1815000.0,3295153.0
URY,Uruguay,Latin America & Caribbean,High income,2008,13165.83628166,2255000.0,3302177.0
URY,Uruguay,Latin America & Caribbean,High income,2009,13691.71420689,2303000.0,3310091.0
URY,Uruguay,Latin America & Caribbean,High income,2010,14722.3780081191,2708000.0,3318580.0
URY,Uruguay,Latin America & Caribbean,High income,2011,15443.9961926395,3244000.0,3326825.0
URY,Uruguay,Latin America & Caribbean,High income,2012,15949.3176985435,3155000.0,3335401.0
URY,Uruguay,Latin America & Caribbean,High income,2013,16639.4054750651,3242000.0,3345337.0
URY,Uruguay,Latin America & Caribbean,High income,2014,17122.0364563225,3195000.0,3356334.0
URY,Uruguay,Latin America & Caribbean,High income,2015,17125.9016800298,3286000.0,3368017.0
URY,Uruguay,Latin America & Caribbean,High income,2016,17357.2349992841,3632000.0,3379283.0
URY,Uruguay,Latin America & Caribbean,High income,2017,17611.6036800874,4219000.0,3388438.0
URY,Uruguay,Latin America & Caribbean,High income,2018,17608.94412947,3954000.0,3394534.0
URY,Uruguay,Latin America & Caribbean,High income,2019,17758.4384273402,3480000.0,3397206.0
URY,Uruguay,Latin America & Caribbean,High income,2020,16443.363490131,,3398968.0
URY,Uruguay,Latin America & Caribbean,High income,2021,17416.0052308469,,3396695.0
URY,Uruguay,Latin America & Caribbean,High income,2022,18249.2912168828,,3390913.0
URY,Uruguay,Latin America & Caribbean,High income,2023,18403.6753125157,,3388081.0
URY,Uruguay,Latin America & Caribbean,High income,2024,19024.1204266155,,3386588.0
USA,United States,North America,High income,1980,31081.6216322106,,227225000.0
USA,United States,North America,High income,1981,31559.1293376105,,229466000.0
USA,United States,North America,High income,1982,30696.0834382608,,231664000.0
USA,United States,North America,High income,1983,31810.9216076638,,233792000.0
USA,United States,North America,High income,1984,33818.823551545,,235825000.0
USA,United States,North America,High income,1985,34918.1302039172,,237924000.0
USA,United States,North America,High income,1986,35794.8877746784,,240133000.0
USA,United States,North America,High income,1987,36701.9453874612,,242289000.0
USA,United States,North America,High income,1988,37889.3773459827,,244499000.0
USA,United States,North America,High income,1989,38911.5418959959,,246819000.0
USA,United States,North America,High income,1990,39200.0658091762,,249623000.0
USA,United States,North America,High income,1991,38637.8398179104,,252981000.0
USA,United States,North America,High income,1992,39447.9472850606,,256514000.0
USA,United States,North America,High income,1993,40002.4762253198,,259919000.0
USA,United States,North America,High income,1994,41106.9881833481,,263126000.0
USA,United States,North America,High income,1995,41710.8207256668,79732000.0,266278000.0
USA,United States,North America,High income,1996,42783.8165724095,82756000.0,269394000.0
USA,United States,North America,High income,1997,44151.6860410035,82525000.0,272657000.0
USA,United States,North America,High income,1998,45596.4306879224,74767000.0,275854000.0
USA,United States,North America,High income,1999,47234.2455290381,75796000.0,279040000.0
USA,United States,North America,High income,2000,48616.2546282435,78343000.0,282162411.0
USA,United States,North America,High income,2001,48597.4246124122,70975000.0,284968955.0
USA,United States,North America,High income,2002,48967.3661217576,64434000.0,287625193.0
USA,United States,North America,High income,2003,49905.5233080788,62082000.0,290107933.0
USA,United States,North America,High income,2004,51348.3473386025,67606000.0,292805298.0
USA,United States,North America,High income,2005,52649.5713060461,71484000.0,295516599.0
USA,United States,North America,High income,2006,53596.315236412,183178000.0,298379912.0
USA,United States,North America,High income,2007,54152.8292673551,175299000.0,301231207.0
USA,United States,North America,High income,2008,53703.962897927,175703000.0,304093966.0
USA,United States,North America,High income,2009,51863.6183416558,160508000.0,306771529.0
USA,United States,North America,High income,2010,52812.6829869279,162275000.0,309378227.0
USA,United States,North America,High income,2011,53215.5362314388,147271421.875,311839461.0
USA,United States,North America,High income,2012,54000.8410778217,171629890.625,314339099.0
USA,United States,North America,High income,2013,54728.860179812,179309906.25,316726282.0
USA,United States,North America,High income,2014,55665.2411187802,178311359.375,319257560.0
USA,United States,North America,High income,2015,56849.4697923159,176864531.25,321815121.0
USA,United States,North America,High income,2016,57430.8499298804,175261484.375,324353340.0
USA,United States,North America,High income,2017,58435.9707535619,174291750.0,326608609.0
USA,United States,North America,High income,2018,59817.6556798612,169324921.875,328529577.0
USA,United States,North America,High income,2019,61047.9648238812,165478000.0,330226227.0
USA,United States,North America,High income,2020,59533.609024416,45037000.0,331578104.0
USA,United States,North America,High income,2021,63096.7856149746,,332100166.0
USA,United States,North America,High income,2022,64322.2332819139,,333996304.0
USA,United States,North America,High income,2023,65667.281580468,,336755052.0
USA,United States,North America,High income,2024,66856.5131698371,,340003797.0
UZB,Uzbekistan,Europe & Central Asia,Lower middle income,1980,,,15619936.0
UZB,Uzbekistan,Europe & Central Asia,Lower middle income,1981,,,16035032.0
UZB,Uzbekistan,Europe & Central Asia,Lower middle income,1982,,,16462736.0
UZB,Uzbekistan,Europe & Central Asia,Lower middle income,1983,,,16908400.0
UZB,Uzbekistan,Europe & Central Asia,Lower middle income,1984,,,17378846.0
UZB,Uzbekistan,Europe & Central Asia,Lower middle income,1985,,,17875339.0
UZB,Uzbekistan,Europe & Central Asia,Lower middle income,1986,,,18395621.0
UZB,Uzbekistan,Europe & Central Asia,Lower middle income,1987,1632.60918153926,,18930070.0
UZB,Uzbekistan,Europe & Central Asia,Lower middle income,1988,1733.22868026946,,19460630.0
UZB,Uzbekistan,Europe & Central Asia,Lower middle income,1989,1740.60611634042,,19977183.0
UZB,Uzbekistan,Europe & Central Asia,Lower middle income,1990,1726.30546724627,,20464956.0
UZB,Uzbekistan,Europe & Central Asia,Lower middle income,1991,1677.00705207512,,20962910.0
UZB,Uzbekistan,Europe & Central Asia,Lower middle income,1992,1452.98873488236,,21485090.0
UZB,Uzbekistan,Europe & Central Asia,Lower middle income,1993,1387.10439786651,,21987955.0
UZB,Uzbekistan,Europe & Central Asia,Lower middle income,1994,1287.14935182537,,22463291.0
UZB,Uzbekistan,Europe & Central Asia,Lower middle income,1995,1250.27933587957,92000.0,22917589.0
UZB,Uzbekistan,Europe & Central Asia,Lower middle income,1996,1247.8810920149,173000.0,23351981.0
UZB,Uzbekistan,Europe & Central Asia,Lower middle income,1997,1290.28380529458,960000.0,23758960.0
UZB,Uzbekistan,Europe & Central Asia,Lower middle income,1998,1324.80194060935,811000.0,24134929.0
UZB,Uzbekistan,Europe & Central Asia,Lower middle income,1999,1362.51315204654,487000.0,24476008.0
UZB,Uzbekistan,Europe & Central Asia,Lower middle income,2000,1397.01202350998,302000.0,24787054.0
UZB,Uzbekistan,Europe & Central Asia,Lower middle income,2001,1437.5947280451,345000.0,25090283.0
UZB,Uzbekistan,Europe & Central Asia,Lower middle income,2002,1476.49258739973,332000.0,25399980.0
UZB,Uzbekistan,Europe & Central Asia,Lower middle income,2003,1520.35493285443,231000.0,25711259.0
UZB,Uzbekistan,Europe & Central Asia,Lower middle income,2004,1613.64273882937,262000.0,26029350.0
UZB,Uzbekistan,Europe & Central Asia,Lower middle income,2005,1704.33893207214,242000.0,26356975.0
UZB,Uzbekistan,Europe & Central Asia,Lower middle income,2006,1807.87328626177,560000.0,26699043.0
UZB,Uzbekistan,Europe & Central Asia,Lower middle income,2007,1951.57878907892,903000.0,27076008.0
UZB,Uzbekistan,Europe & Central Asia,Lower middle income,2008,2095.38214534409,1069000.0,27494774.0
UZB,Uzbekistan,Europe & Central Asia,Lower middle income,2009,2228.0552685669,1215000.0,27939328.0
UZB,Uzbekistan,Europe & Central Asia,Lower middle income,2010,2359.64199067641,975000.0,28385506.0
UZB,Uzbekistan,Europe & Central Asia,Lower middle income,2011,2512.68783806993,1393000.0,28823196.0
UZB,Uzbekistan,Europe & Central Asia,Lower middle income,2012,2657.09909084172,1895000.0,29261903.0
UZB,Uzbekistan,Europe & Central Asia,Lower middle income,2013,2823.00205379328,1969000.0,29724065.0
UZB,Uzbekistan,Europe & Central Asia,Lower middle income,2014,2990.56339751192,1862000.0,30222994.0
UZB,Uzbekistan,Europe & Central Asia,Lower middle income,2015,3172.89899391083,1918000.0,30749346.0
UZB,Uzbekistan,Europe & Central Asia,Lower middle income,2016,3327.90932206401,2027000.0,31284568.0
UZB,Uzbekistan,Europe & Central Asia,Lower middle income,2017,3425.78819696408,2690000.0,31819178.0
UZB,Uzbekistan,Europe & Central Asia,Lower middle income,2018,3559.85436594803,5346000.0,32373490.0
UZB,Uzbekistan,Europe & Central Asia,Lower middle income,2019,3733.50435754861,6749000.0,32964701.0
UZB,Uzbekistan,Europe & Central Asia,Lower middle income,2020,3723.82133264406,,33586372.0
UZB,Uzbekistan,Europe & Central Asia,Lower middle income,2021,3951.99657327359,,34243696.0
UZB,Uzbekistan,Europe & Central Asia,Lower middle income,2022,4109.08421031655,,34938955.0
UZB,Uzbekistan,Europe & Central Asia,Lower middle income,2023,4281.20542121225,,35652307.0
UZB,Uzbekistan,Europe & Central Asia,Lower middle income,2024,4477.90745486742,,36361859.0
VCT,St. Vincent and the Grenadines,Latin America & Caribbean,Upper middle income,1980,2514.62240573852,,104213.0
VCT,St. Vincent and the Grenadines,Latin America & Caribbean,Upper middle income,1981,2609.11340911199,,105073.0
VCT,St. Vincent and the Grenadines,Latin America & Caribbean,Upper middle income,1982,2702.87100530067,,105969.0
VCT,St. Vincent and the Grenadines,Latin America & Caribbean,Upper middle income,1983,2739.02396317327,,106838.0
VCT,St. Vincent and the Grenadines,Latin America & Caribbean,Upper middle income,1984,2896.40873406993,,107687.0
VCT,St. Vincent and the Grenadines,Latin America & Caribbean,Upper middle income,1985,3052.17492262736,,108506.0
VCT,St. Vincent and the Grenadines,Latin America & Caribbean,Upper middle income,1986,3200.23126773368,,109281.0
VCT,St. Vincent and the Grenadines,Latin America & Caribbean,Upper middle income,1987,3193.20991401073,,110001.0
VCT,St. Vincent and the Grenadines,Latin America & Caribbean,Upper middle income,1988,3621.01730321683,,110658.0
VCT,St. Vincent and the Grenadines,Latin America & Caribbean,Upper middle income,1989,3651.65305261403,,111272.0
VCT,St. Vincent and the Grenadines,Latin America & Caribbean,Upper middle income,1990,3784.79942946706,,111812.0
VCT,St. Vincent and the Grenadines,Latin America & Caribbean,Upper middle income,1991,3813.79398874435,,112222.0
VCT,St. Vincent and the Grenadines,Latin America & Caribbean,Upper middle income,1992,4046.68638456042,,112509.0
VCT,St. Vincent and the Grenadines,Latin America & Caribbean,Upper middle income,1993,4210.24289444354,,112735.0
VCT,St. Vincent and the Grenadines,Latin America & Caribbean,Upper middle income,1994,4150.97674020379,,112918.0
VCT,St. Vincent and the Grenadines,Latin America & Caribbean,Upper middle income,1995,4468.26394261096,218000.0,113047.0
VCT,St. Vincent and the Grenadines,Latin America & Caribbean,Upper middle income,1996,4522.93058114134,216000.0,113119.0
VCT,St. Vincent and the Grenadines,Latin America & Caribbean,Upper middle income,1997,4680.55582185707,200000.0,113141.0
VCT,St. Vincent and the Grenadines,Latin America & Caribbean,Upper middle income,1998,4870.32086653059,202000.0,113180.0
VCT,St. Vincent and the Grenadines,Latin America & Caribbean,Upper middle income,1999,4994.11436770598,223000.0,113366.0
VCT,St. Vincent and the Grenadines,Latin America & Caribbean,Upper middle income,2000,5067.96739467376,256000.0,113545.0
VCT,St. Vincent and the Grenadines,Latin America & Caribbean,Upper middle income,2001,5158.56617678847,254000.0,113501.0
VCT,St. Vincent and the Grenadines,Latin America & Caribbean,Upper middle income,2002,5441.52648867536,247000.0,113347.0
VCT,St. Vincent and the Grenadines,Latin America & Caribbean,Upper middle income,2003,5816.20788359407,242000.0,113141.0
VCT,St. Vincent and the Grenadines,Latin America & Caribbean,Upper middle income,2004,6071.94945269221,262000.0,112835.0
VCT,St. Vincent and the Grenadines,Latin America & Caribbean,Upper middle income,2005,6244.35953746008,256000.0,112450.0
VCT,St. Vincent and the Grenadines,Latin America & Caribbean,Upper middle income,2006,6707.27875985734,306000.0,112014.0
VCT,St. Vincent and the Grenadines,Latin America & Caribbean,Upper middle income,2007,6960.17151500732,328000.0,111531.0
VCT,St. Vincent and the Grenadines,Latin America & Caribbean,Upper middle income,2008,7019.9950843874,250000.0,111028.0
VCT,St. Vincent and the Grenadines,Latin America & Caribbean,Upper middle income,2009,6955.82358345268,271000.0,110508.0
VCT,St. Vincent and the Grenadines,Latin America & Caribbean,Upper middle income,2010,6678.04200697308,231000.0,109959.0
VCT,St. Vincent and the Grenadines,Latin America & Caribbean,Upper middle income,2011,6674.58198966102,208000.0,109349.0
VCT,St. Vincent and the Grenadines,Latin America & Caribbean,Upper middle income,2012,6790.68325958275,200000.0,108736.0
VCT,St. Vincent and the Grenadines,Latin America & Caribbean,Upper middle income,2013,6996.57386151332,200000.0,108135.0
VCT,St. Vincent and the Grenadines,Latin America & Caribbean,Upper middle income,2014,7116.22071347207,205000.0,107535.0
VCT,St. Vincent and the Grenadines,Latin America & Caribbean,Upper middle income,2015,7353.73556054184,207000.0,106960.0
VCT,St. Vincent and the Grenadines,Latin America & Caribbean,Upper middle income,2016,7702.8942635647,227000.0,106349.0
VCT,St. Vincent and the Grenadines,Latin America & Caribbean,Upper middle income,2017,7872.92690537077,303000.0,105663.0
VCT,St. Vincent and the Grenadines,Latin America & Caribbean,Upper middle income,2018,8179.99598957084,356000.0,104926.0
VCT,St. Vincent and the Grenadines,Latin America & Caribbean,Upper middle income,2019,8294.67434486665,392000.0,104167.0
VCT,St. Vincent and the Grenadines,Latin America & Caribbean,Upper middle income,2020,7989.74651933597,,103526.0
VCT,St. Vincent and the Grenadines,Latin America & Caribbean,Upper middle income,2021,8211.33588012942,,102841.0
VCT,St. Vincent and the Grenadines,Latin America & Caribbean,Upper middle income,2022,8532.7381341339,,102046.0
VCT,St. Vincent and the Grenadines,Latin America & Caribbean,Upper middle income,2023,9051.35208011007,,101323.0
VCT,St. Vincent and the Grenadines,Latin America & Caribbean,Upper middle income,2024,9485.18771201686,,100616.0
VEN,"Venezuela, RB",Latin America & Caribbean,Lower middle income,1980,4638.42050983556,,15258218.0
VEN,"Venezuela, RB",Latin America & Caribbean,Lower middle income,1981,4454.62233557454,,15687297.0
VEN,"Venezuela, RB",Latin America & Caribbean,Lower middle income,1982,4445.33179135954,,16121874.0
VEN,"Venezuela, RB",Latin America & Caribbean,Lower middle income,1983,3909.2596213442,,16562205.0
VEN,"Venezuela, RB",Latin America & Caribbean,Lower middle income,1984,4003.49960197112,,17008841.0
VEN,"Venezuela, RB",Latin America & Caribbean,Lower middle income,1985,3925.30258570776,,17461434.0
VEN,"Venezuela, RB",Latin America & Caribbean,Lower middle income,1986,4060.77175121478,,17923536.0
VEN,"Venezuela, RB",Latin America & Caribbean,Lower middle income,1987,4150.89606462834,,18394963.0
VEN,"Venezuela, RB",Latin America & Caribbean,Lower middle income,1988,4306.46260516457,,18871020.0
VEN,"Venezuela, RB",Latin America & Caribbean,Lower middle income,1989,3611.62173337683,,19348921.0
VEN,"Venezuela, RB",Latin America & Caribbean,Lower middle income,1990,3761.00501781068,,19827010.0
VEN,"Venezuela, RB",Latin America & Caribbean,Lower middle income,1991,4024.34298644958,,20304896.0
VEN,"Venezuela, RB",Latin America & Caribbean,Lower middle income,1992,4168.51186162522,,20780948.0
VEN,"Venezuela, RB",Latin America & Caribbean,Lower middle income,1993,4086.137450399,,21254520.0
VEN,"Venezuela, RB",Latin America & Caribbean,Lower middle income,1994,3905.12306758015,,21725188.0
VEN,"Venezuela, RB",Latin America & Caribbean,Lower middle income,1995,3973.55920518961,879000.0,22193821.0
VEN,"Venezuela, RB",Latin America & Caribbean,Lower middle income,1996,3881.59743994053,960000.0,22662113.0
VEN,"Venezuela, RB",Latin America & Caribbean,Lower middle income,1997,4044.09570748455,933000.0,23131685.0
VEN,"Venezuela, RB",Latin America & Caribbean,Lower middle income,1998,3982.54013627533,813000.0,23601337.0
VEN,"Venezuela, RB",Latin America & Caribbean,Lower middle income,1999,3673.62857141093,702000.0,24066593.0
VEN,"Venezuela, RB",Latin America & Caribbean,Lower middle income,2000,3732.15152475602,602000.0,24526708.0
VEN,"Venezuela, RB",Latin America & Caribbean,Lower middle income,2001,3789.56578237406,792000.0,24979922.0
VEN,"Venezuela, RB",Latin America & Caribbean,Lower middle income,2002,3396.89746362025,590000.0,25435671.0
VEN,"Venezuela, RB",Latin America & Caribbean,Lower middle income,2003,3078.26141026099,435000.0,25892703.0
VEN,"Venezuela, RB",Latin America & Caribbean,Lower middle income,2004,3576.82370624267,618000.0,26340838.0
VEN,"Venezuela, RB",Latin America & Caribbean,Lower middle income,2005,3875.81409628464,846000.0,26785804.0
VEN,"Venezuela, RB",Latin America & Caribbean,Lower middle income,2006,4190.56607050126,883000.0,27224686.0
VEN,"Venezuela, RB",Latin America & Caribbean,Lower middle income,2007,4489.56571662594,898000.0,27649363.0
VEN,"Venezuela, RB",Latin America & Caribbean,Lower middle income,2008,4655.65136715099,702000.0,28053696.0
VEN,"Venezuela, RB",Latin America & Caribbean,Lower middle income,2009,4451.37446074164,567000.0,28438298.0
VEN,"Venezuela, RB",Latin America & Caribbean,Lower middle income,2010,4323.73301534677,535000.0,28813101.0
VEN,"Venezuela, RB",Latin America & Caribbean,Lower middle income,2011,4444.55159079494,625000.0,29185212.0
VEN,"Venezuela, RB",Latin America & Caribbean,Lower middle income,2012,4638.41209800487,1061000.0,29553826.0
VEN,"Venezuela, RB",Latin America & Caribbean,Lower middle income,2013,4642.55149314778,1085000.0,29912198.0
VEN,"Venezuela, RB",Latin America & Caribbean,Lower middle income,2014,4412.9795921313,967000.0,30254079.0
VEN,"Venezuela, RB",Latin America & Caribbean,Lower middle income,2015,4096.61989137473,882000.0,30573972.0
VEN,"Venezuela, RB",Latin America & Caribbean,Lower middle income,2016,3374.43091608185,681000.0,30765720.0
VEN,"Venezuela, RB",Latin America & Caribbean,Lower middle income,2017,2863.33227846365,429000.0,30565323.0
VEN,"Venezuela, RB",Latin America & Caribbean,Lower middle income,2018,2359.38238345005,,29807592.0
VEN,"Venezuela, RB",Latin America & Caribbean,Lower middle income,2019,1759.05547364548,,28938098.0
VEN,"Venezuela, RB",Latin America & Caribbean,Lower middle income,2020,1255.86457068119,,28444077.0
VEN,"Venezuela, RB",Latin America & Caribbean,Lower middle income,2021,1272.94397516527,,28237826.0
VEN,"Venezuela, RB",Latin America & Caribbean,Lower middle income,2022,1376.93801227125,,28213017.0
VEN,"Venezuela, RB",Latin America & Caribbean,Lower middle income,2023,1427.88655943805,,28300854.0
VEN,"Venezuela, RB",Latin America & Caribbean,Lower middle income,2024,1501.22207949327,,28405543.0
VGB,British Virgin Islands,Latin America & Caribbean,High income,1980,,,11130.0
VGB,British Virgin Islands,Latin America & Caribbean,High income,1981,,,11479.0
VGB,British Virgin Islands,Latin America & Caribbean,High income,1982,,,11921.0
VGB,British Virgin Islands,Latin America & Caribbean,High income,1983,,,12370.0
VGB,British Virgin Islands,Latin America & Caribbean,High income,1984,,,12820.0
VGB,British Virgin Islands,Latin America & Caribbean,High income,1985,,,13269.0
VGB,British Virgin Islands,Latin America & Caribbean,High income,1986,,,13726.0
VGB,British Virgin Islands,Latin America & Caribbean,High income,1987,,,14194.0
VGB,British Virgin Islands,Latin America & Caribbean,High income,1988,,,14680.0
VGB,British Virgin Islands,Latin America & Caribbean,High income,1989,,,15180.0
VGB,British Virgin Islands,Latin America & Caribbean,High income,1990,,,15704.0
VGB,British Virgin Islands,Latin America & Caribbean,High income,1991,,,16187.0
VGB,British Virgin Islands,Latin America & Caribbean,High income,1992,,,16593.0
VGB,British Virgin Islands,Latin America & Caribbean,High income,1993,,,16989.0
VGB,British Virgin Islands,Latin America & Caribbean,High income,1994,,,17406.0
VGB,British Virgin Islands,Latin America & Caribbean,High income,1995,,219000.0,17840.0
VGB,British Virgin Islands,Latin America & Caribbean,High income,1996,,244000.0,18287.0
VGB,British Virgin Islands,Latin America & Caribbean,High income,1997,,244000.0,18756.0
VGB,British Virgin Islands,Latin America & Caribbean,High income,1998,,279000.0,19238.0
VGB,British Virgin Islands,Latin America & Caribbean,High income,1999,,284000.0,19730.0
VGB,British Virgin Islands,Latin America & Caribbean,High income,2000,,272000.0,20241.0
VGB,British Virgin Islands,Latin America & Caribbean,High income,2001,,296000.0,20796.0
VGB,British Virgin Islands,Latin America & Caribbean,High income,2002,,282000.0,21430.0
VGB,British Virgin Islands,Latin America & Caribbean,High income,2003,,278000.0,22134.0
VGB,British Virgin Islands,Latin America & Caribbean,High income,2004,,304000.0,22881.0
VGB,British Virgin Islands,Latin America & Caribbean,High income,2005,,337000.0,23665.0
VGB,British Virgin Islands,Latin America & Caribbean,High income,2006,,356000.0,24493.0
VGB,British Virgin Islands,Latin America & Caribbean,High income,2007,,358000.0,25366.0
VGB,British Virgin Islands,Latin America & Caribbean,High income,2008,,346000.0,26288.0
VGB,British Virgin Islands,Latin America & Caribbean,High income,2009,,309000.0,27218.0
VGB,British Virgin Islands,Latin America & Caribbean,High income,2010,,330000.0,27675.0
VGB,British Virgin Islands,Latin America & Caribbean,High income,2011,,338000.0,28710.0
VGB,British Virgin Islands,Latin America & Caribbean,High income,2012,,351000.0,30345.0
VGB,British Virgin Islands,Latin America & Caribbean,High income,2013,,366000.0,31703.0
VGB,British Virgin Islands,Latin America & Caribbean,High income,2014,,386000.0,32962.0
VGB,British Virgin Islands,Latin America & Caribbean,High income,2015,,393000.0,34498.0
VGB,British Virgin Islands,Latin America & Caribbean,High income,2016,,408000.0,33878.0
VGB,British Virgin Islands,Latin America & Caribbean,High income,2017,,335000.0,32699.0
VGB,British Virgin Islands,Latin America & Caribbean,High income,2018,,192000.0,34657.0
VGB,British Virgin Islands,Latin America & Caribbean,High income,2019,,302399.993896484,36395.0
VGB,British Virgin Islands,Latin America & Caribbean,High income,2020,,83000.0,37135.0
VGB,British Virgin Islands,Latin America & Caribbean,High income,2021,,,37809.0
VGB,British Virgin Islands,Latin America & Caribbean,High income,2022,,,38319.0
VGB,British Virgin Islands,Latin America & Caribbean,High income,2023,,,38985.0
VGB,British Virgin Islands,Latin America & Caribbean,High income,2024,,,39471.0
VIR,Virgin Islands (U.S.),Latin America & Caribbean,High income,1980,,,99636.0
VIR,Virgin Islands (U.S.),Latin America & Caribbean,High income,1981,,,99853.0
VIR,Virgin Islands (U.S.),Latin America & Caribbean,High income,1982,,,100068.0
VIR,Virgin Islands (U.S.),Latin America & Caribbean,High income,1983,,,100348.0
VIR,Virgin Islands (U.S.),Latin America & Caribbean,High income,1984,,,100600.0
VIR,Virgin Islands (U.S.),Latin America & Caribbean,High income,1985,,,100760.0
VIR,Virgin Islands (U.S.),Latin America & Caribbean,High income,1986,,,100842.0
VIR,Virgin Islands (U.S.),Latin America & Caribbean,High income,1987,,,100901.0
VIR,Virgin Islands (U.S.),Latin America & Caribbean,High income,1988,,,100952.0
VIR,Virgin Islands (U.S.),Latin America & Caribbean,High income,1989,,,101041.0
VIR,Virgin Islands (U.S.),Latin America & Caribbean,High income,1990,,,103963.0
VIR,Virgin Islands (U.S.),Latin America & Caribbean,High income,1991,,,104807.0
VIR,Virgin Islands (U.S.),Latin America & Caribbean,High income,1992,,,105712.0
VIR,Virgin Islands (U.S.),Latin America & Caribbean,High income,1993,,,106578.0
VIR,Virgin Islands (U.S.),Latin America & Caribbean,High income,1994,,,107318.0
VIR,Virgin Islands (U.S.),Latin America & Caribbean,High income,1995,,1741000.0,107818.0
VIR,Virgin Islands (U.S.),Latin America & Caribbean,High income,1996,,1779000.0,108095.0
VIR,Virgin Islands (U.S.),Latin America & Caribbean,High income,1997,,2128000.0,108357.0
VIR,Virgin Islands (U.S.),Latin America & Caribbean,High income,1998,,2139000.0,108537.0
VIR,Virgin Islands (U.S.),Latin America & Caribbean,High income,1999,,1964000.0,108599.0
VIR,Virgin Islands (U.S.),Latin America & Caribbean,High income,2000,,2396000.0,108642.0
VIR,Virgin Islands (U.S.),Latin America & Caribbean,High income,2001,,2497000.0,108549.0
VIR,Virgin Islands (U.S.),Latin America & Caribbean,High income,2002,43205.7246740388,2337000.0,108509.0
VIR,Virgin Islands (U.S.),Latin America & Caribbean,High income,2003,43036.1815136022,2395000.0,108505.0
VIR,Virgin Islands (U.S.),Latin America & Caribbean,High income,2004,44466.2872190216,2620000.0,108466.0
VIR,Virgin Islands (U.S.),Latin America & Caribbean,High income,2005,46021.5905731819,2602000.0,108453.0
VIR,Virgin Islands (U.S.),Latin America & Caribbean,High income,2006,47671.567182812,2571000.0,108369.0
VIR,Virgin Islands (U.S.),Latin America & Caribbean,High income,2007,49598.1259079427,2606000.0,108337.0
VIR,Virgin Islands (U.S.),Latin America & Caribbean,High income,2008,50174.7528938473,2435000.0,108397.0
VIR,Virgin Islands (U.S.),Latin America & Caribbean,High income,2009,46862.8076001874,2245000.0,108404.0
VIR,Virgin Islands (U.S.),Latin America & Caribbean,High income,2010,47162.7375570431,2531000.0,108357.0
VIR,Virgin Islands (U.S.),Latin America & Caribbean,High income,2011,43320.176769501,2686000.0,108290.0
VIR,Virgin Islands (U.S.),Latin America & Caribbean,High income,2012,36938.1682086351,2640000.0,108188.0
VIR,Virgin Islands (U.S.),Latin America & Caribbean,High income,2013,34663.6460602129,2702000.0,108041.0
VIR,Virgin Islands (U.S.),Latin America & Caribbean,High income,2014,34098.7109972738,2814000.0,107882.0
VIR,Virgin Islands (U.S.),Latin America & Caribbean,High income,2015,34007.3529411765,2643000.0,107712.0
VIR,Virgin Islands (U.S.),Latin America & Caribbean,High income,2016,34614.7482633247,2574000.0,107516.0
VIR,Virgin Islands (U.S.),Latin America & Caribbean,High income,2017,34435.4944455756,1954000.0,107281.0
VIR,Virgin Islands (U.S.),Latin America & Caribbean,High income,2018,35174.1019944986,1922000.0,107001.0
VIR,Virgin Islands (U.S.),Latin America & Caribbean,High income,2019,36309.7438446842,2074000.0,106669.0
VIR,Virgin Islands (U.S.),Latin America & Caribbean,High income,2020,35850.7433148653,8612000.0,106290.0
VIR,Virgin Islands (U.S.),Latin America & Caribbean,High income,2021,37313.0484931531,,105870.0
VIR,Virgin Islands (U.S.),Latin America & Caribbean,High income,2022,36983.431060272,,105413.0
VIR,Virgin Islands (U.S.),Latin America & Caribbean,High income,2023,,,104917.0
VIR,Virgin Islands (U.S.),Latin America & Caribbean,High income,2024,,,104377.0
VNM,Viet Nam,East Asia & Pacific,Upper middle income,1980,,,52490101.0
VNM,Viet Nam,East Asia & Pacific,Upper middle income,1981,,,53738141.0
VNM,Viet Nam,East Asia & Pacific,Upper middle income,1982,,,55011289.0
VNM,Viet Nam,East Asia & Pacific,Upper middle income,1983,,,56337921.0
VNM,Viet Nam,East Asia & Pacific,Upper middle income,1984,595.491333343053,,57706067.0
VNM,Viet Nam,East Asia & Pacific,Upper middle income,1985,603.977495797078,,59060622.0
VNM,Viet Nam,East Asia & Pacific,Upper middle income,1986,607.58999788783,,60347048.0
VNM,Viet Nam,East Asia & Pacific,Upper middle income,1987,616.715148033271,,61584651.0
VNM,Viet Nam,East Asia & Pacific,Upper middle income,1988,635.398203948006,,62843228.0
VNM,Viet Nam,East Asia & Pacific,Upper middle income,1989,668.323172497837,,64147348.0
VNM,Viet Nam,East Asia & Pacific,Upper middle income,1990,687.860316254161,,65504552.0
VNM,Viet Nam,East Asia & Pacific,Upper middle income,1991,713.747210806804,,66891775.0
VNM,Viet Nam,East Asia & Pacific,Upper middle income,1992,759.910853953724,,68260337.0
VNM,Viet Nam,East Asia & Pacific,Upper middle income,1993,805.606443630458,,69586384.0
VNM,Viet Nam,East Asia & Pacific,Upper middle income,1994,861.122422555836,,70854391.0
VNM,Viet Nam,East Asia & Pacific,Upper middle income,1995,927.625512005765,1351000.0,72049940.0
VNM,Viet Nam,East Asia & Pacific,Upper middle income,1996,998.924907248853,1607000.0,73156447.0
VNM,Viet Nam,East Asia & Pacific,Upper middle income,1997,1064.77802859908,1716000.0,74226889.0
VNM,Viet Nam,East Asia & Pacific,Upper middle income,1998,1110.1126773248,1520000.0,75299660.0
VNM,Viet Nam,East Asia & Pacific,Upper middle income,1999,1148.04465210832,1782000.0,76287452.0
VNM,Viet Nam,East Asia & Pacific,Upper middle income,2000,1212.19657794381,2140000.0,77154011.0
VNM,Viet Nam,East Asia & Pacific,Upper middle income,2001,1273.8052690094,2330000.0,77969361.0
VNM,Viet Nam,East Asia & Pacific,Upper middle income,2002,1340.51670460271,2628000.0,78772224.0
VNM,Viet Nam,East Asia & Pacific,Upper middle income,2003,1418.74337471509,2429000.0,79563777.0
VNM,Viet Nam,East Asia & Pacific,Upper middle income,2004,1510.94449049599,2928000.0,80338971.0
VNM,Viet Nam,East Asia & Pacific,Upper middle income,2005,1609.96268313651,3477000.0,81088313.0
VNM,Viet Nam,East Asia & Pacific,Upper middle income,2006,1699.67620343393,3583000.0,82167897.0
VNM,Viet Nam,East Asia & Pacific,Upper middle income,2007,1788.9485028957,4229000.0,83633375.0
VNM,Viet Nam,East Asia & Pacific,Upper middle income,2008,1856.00519883979,4236000.0,85175788.0
VNM,Viet Nam,East Asia & Pacific,Upper middle income,2009,1927.13427057454,3747000.0,86460018.0
VNM,Viet Nam,East Asia & Pacific,Upper middle income,2010,2027.58184375924,5050000.0,87455152.0
VNM,Viet Nam,East Asia & Pacific,Upper middle income,2011,2132.90453762087,6014000.0,88468314.0
VNM,Viet Nam,East Asia & Pacific,Upper middle income,2012,2224.11404253256,6848000.0,89510356.0
VNM,Viet Nam,East Asia & Pacific,Upper middle income,2013,2320.08431444934,7572000.0,90573104.0
VNM,Viet Nam,East Asia & Pacific,Upper middle income,2014,2439.28655744423,7874000.0,91679578.0
VNM,Viet Nam,East Asia & Pacific,Upper middle income,2015,2577.56885340113,7944000.0,92823254.0
VNM,Viet Nam,East Asia & Pacific,Upper middle income,2016,2715.57887431272,10013000.0,94000117.0
VNM,Viet Nam,East Asia & Pacific,Upper middle income,2017,2868.13680013379,12922000.0,95176977.0
VNM,Viet Nam,East Asia & Pacific,Upper middle income,2018,3048.28327602145,15498000.0,96237319.0
VNM,Viet Nam,East Asia & Pacific,Upper middle income,2019,3241.07648966529,18009000.0,97173776.0
VNM,Viet Nam,East Asia & Pacific,Upper middle income,2020,3303.16949807493,3837000.0,98079191.0
VNM,Viet Nam,East Asia & Pacific,Upper middle income,2021,3358.21734764714,,98935098.0
VNM,Viet Nam,East Asia & Pacific,Upper middle income,2022,3617.66311280437,,99680655.0
VNM,Viet Nam,East Asia & Pacific,Upper middle income,2023,3772.36029116103,,100352192.0
VNM,Viet Nam,East Asia & Pacific,Upper middle income,2024,4012.50779921084,,100987686.0
VUT,Vanuatu,East Asia & Pacific,Lower middle income,1980,2895.87344923446,,115660.0
VUT,Vanuatu,East Asia & Pacific,Lower middle income,1981,2956.47411625043,,118249.0
VUT,Vanuatu,East Asia & Pacific,Lower middle income,1982,2945.60896664167,,121035.0
VUT,Vanuatu,East Asia & Pacific,Lower middle income,1983,2961.75555335141,,123998.0
VUT,Vanuatu,East Asia & Pacific,Lower middle income,1984,3165.91343131171,,127109.0
VUT,Vanuatu,East Asia & Pacific,Lower middle income,1985,3117.97526578841,,130356.0
VUT,Vanuatu,East Asia & Pacific,Lower middle income,1986,3034.96283476477,,133720.0
VUT,Vanuatu,East Asia & Pacific,Lower middle income,1987,2872.65282872819,,137187.0
VUT,Vanuatu,East Asia & Pacific,Lower middle income,1988,2752.41645883526,,140756.0
VUT,Vanuatu,East Asia & Pacific,Lower middle income,1989,2724.19008987511,,144393.0
VUT,Vanuatu,East Asia & Pacific,Lower middle income,1990,2967.38199450714,,148063.0
VUT,Vanuatu,East Asia & Pacific,Lower middle income,1991,2985.57198500513,,151793.0
VUT,Vanuatu,East Asia & Pacific,Lower middle income,1992,2987.67246596791,,155608.0
VUT,Vanuatu,East Asia & Pacific,Lower middle income,1993,2936.88740967171,,159463.0
VUT,Vanuatu,East Asia & Pacific,Lower middle income,1994,3128.05786349354,,163314.0
VUT,Vanuatu,East Asia & Pacific,Lower middle income,1995,3087.19404922191,82000.0,167137.0
VUT,Vanuatu,East Asia & Pacific,Lower middle income,1996,3089.28646118538,103000.0,170911.0
VUT,Vanuatu,East Asia & Pacific,Lower middle income,1997,3171.92553062882,81000.0,174626.0
VUT,Vanuatu,East Asia & Pacific,Lower middle income,1998,3142.89632206241,78000.0,178313.0
VUT,Vanuatu,East Asia & Pacific,Lower middle income,1999,3088.79816363894,96000.0,182048.0
VUT,Vanuatu,East Asia & Pacific,Lower middle income,2000,3197.45596137228,106000.0,186281.0
VUT,Vanuatu,East Asia & Pacific,Lower middle income,2001,3012.01602489196,106000.0,191031.0
VUT,Vanuatu,East Asia & Pacific,Lower middle income,2002,2784.99720920365,99000.0,195863.0
VUT,Vanuatu,East Asia & Pacific,Lower middle income,2003,2833.77914920751,102000.0,200746.0
VUT,Vanuatu,East Asia & Pacific,Lower middle income,2004,2875.65032353901,99000.0,205711.0
VUT,Vanuatu,East Asia & Pacific,Lower middle income,2005,2955.66861124127,126000.0,210760.0
VUT,Vanuatu,East Asia & Pacific,Lower middle income,2006,3129.08540327369,154000.0,215923.0
VUT,Vanuatu,East Asia & Pacific,Lower middle income,2007,3141.20026364818,167000.0,221276.0
VUT,Vanuatu,East Asia & Pacific,Lower middle income,2008,3234.97623699324,196600.006103516,226896.0
VUT,Vanuatu,East Asia & Pacific,Lower middle income,2009,3249.66193798709,225500.0,232731.0
VUT,Vanuatu,East Asia & Pacific,Lower middle income,2010,3214.3726213639,237699.996948242,238248.0
VUT,Vanuatu,East Asia & Pacific,Lower middle income,2011,3244.13703026186,248899.993896484,243474.0
VUT,Vanuatu,East Asia & Pacific,Lower middle income,2012,3205.68705963169,321000.0,248883.0
VUT,Vanuatu,East Asia & Pacific,Lower middle income,2013,3149.6849727764,357000.0,254482.0
VUT,Vanuatu,East Asia & Pacific,Lower middle income,2014,3175.63375342175,329000.0,260240.0
VUT,Vanuatu,East Asia & Pacific,Lower middle income,2015,3214.41948587141,287000.0,266101.0
VUT,Vanuatu,East Asia & Pacific,Lower middle income,2016,3257.49719984988,351600.006103516,272087.0
VUT,Vanuatu,East Asia & Pacific,Lower middle income,2017,3316.81034596861,332700.012207031,278507.0
VUT,Vanuatu,East Asia & Pacific,Lower middle income,2018,3319.75630455318,350200.012207031,285259.0
VUT,Vanuatu,East Asia & Pacific,Lower middle income,2019,3349.5593410421,256000.0,291985.0
VUT,Vanuatu,East Asia & Pacific,Lower middle income,2020,3085.16558189305,82400.0015258789,298858.0
VUT,Vanuatu,East Asia & Pacific,Lower middle income,2021,2979.39062838967,,305868.0
VUT,Vanuatu,East Asia & Pacific,Lower middle income,2022,3073.86062658113,,313046.0
VUT,Vanuatu,East Asia & Pacific,Lower middle income,2023,3178.3031116212,,320409.0
VUT,Vanuatu,East Asia & Pacific,Lower middle income,2024,3223.85237984109,,327777.0
WSM,Samoa,East Asia & Pacific,Upper middle income,1980,2642.83412063183,,164322.0
WSM,Samoa,East Asia & Pacific,Upper middle income,1981,2384.5320209018,,165678.0
WSM,Samoa,East Asia & Pacific,Upper middle income,1982,2350.19488924474,,166484.0
WSM,Samoa,East Asia & Pacific,Upper middle income,1983,2357.06875047975,,166714.0
WSM,Samoa,East Asia & Pacific,Upper middle income,1984,2386.24368254951,,166796.0
WSM,Samoa,East Asia & Pacific,Upper middle income,1985,2478.98471196715,,166849.0
WSM,Samoa,East Asia & Pacific,Upper middle income,1986,2612.12337560311,,167061.0
WSM,Samoa,East Asia & Pacific,Upper middle income,1987,2615.34940653937,,167661.0
WSM,Samoa,East Asia & Pacific,Upper middle income,1988,2567.13985910386,,168346.0
WSM,Samoa,East Asia & Pacific,Upper middle income,1989,2655.65474358004,,168768.0
WSM,Samoa,East Asia & Pacific,Upper middle income,1990,2534.12204893501,,169042.0
WSM,Samoa,East Asia & Pacific,Upper middle income,1991,2471.07143007975,,169368.0
WSM,Samoa,East Asia & Pacific,Upper middle income,1992,2452.18685335209,,170331.0
WSM,Samoa,East Asia & Pacific,Upper middle income,1993,2531.28193070432,,171774.0
WSM,Samoa,East Asia & Pacific,Upper middle income,1994,2447.20260205264,,173159.0
WSM,Samoa,East Asia & Pacific,Upper middle income,1995,2589.40524057852,,174571.0
WSM,Samoa,East Asia & Pacific,Upper middle income,1996,2751.65426684601,,176071.0
WSM,Samoa,East Asia & Pacific,Upper middle income,1997,2746.33660844689,,177547.0
WSM,Samoa,East Asia & Pacific,Upper middle income,1998,2785.31171323751,,178905.0
WSM,Samoa,East Asia & Pacific,Upper middle income,1999,2824.55330392791,,180275.0
WSM,Samoa,East Asia & Pacific,Upper middle income,2000,2945.37217923198,,181685.0
WSM,Samoa,East Asia & Pacific,Upper middle income,2001,3137.46403765812,,183166.0
WSM,Samoa,East Asia & Pacific,Upper middle income,2002,3291.3424477268,,184471.0
WSM,Samoa,East Asia & Pacific,Upper middle income,2003,3444.99857743289,,185430.0
WSM,Samoa,East Asia & Pacific,Upper middle income,2004,3535.73813824914,,186249.0
WSM,Samoa,East Asia & Pacific,Upper middle income,2005,3755.78242822467,,186978.0
WSM,Samoa,East Asia & Pacific,Upper middle income,2006,3820.92239453139,116000.0,187709.0
WSM,Samoa,East Asia & Pacific,Upper middle income,2007,3818.25503804332,122000.0,188753.0
WSM,Samoa,East Asia & Pacific,Upper middle income,2008,3925.8743329936,122000.0,190107.0
WSM,Samoa,East Asia & Pacific,Upper middle income,2009,3875.94291686166,129000.0,191513.0
WSM,Samoa,East Asia & Pacific,Upper middle income,2010,4081.15535978003,130000.0,193023.0
WSM,Samoa,East Asia & Pacific,Upper middle income,2011,4201.45663738908,128000.0,194713.0
WSM,Samoa,East Asia & Pacific,Upper middle income,2012,4007.91092846814,135000.0,196498.0
WSM,Samoa,East Asia & Pacific,Upper middle income,2013,3976.39289268132,125000.0,198268.0
WSM,Samoa,East Asia & Pacific,Upper middle income,2014,3967.23730470679,132000.0,200037.0
WSM,Samoa,East Asia & Pacific,Upper middle income,2015,4084.36083819933,139000.0,201782.0
WSM,Samoa,East Asia & Pacific,Upper middle income,2016,4373.23792440391,146000.0,203499.0
WSM,Samoa,East Asia & Pacific,Upper middle income,2017,4393.37316255965,158000.0,205415.0
WSM,Samoa,East Asia & Pacific,Upper middle income,2018,4321.00518344962,172000.0,207582.0
WSM,Samoa,East Asia & Pacific,Upper middle income,2019,4466.08075482035,181000.0,209780.0
WSM,Samoa,East Asia & Pacific,Upper middle income,2020,4283.06392492734,23899.9996185303,211944.0
WSM,Samoa,East Asia & Pacific,Upper middle income,2021,4032.1373106241,,213779.0
WSM,Samoa,East Asia & Pacific,Upper middle income,2022,4095.15875576978,,215261.0
WSM,Samoa,East Asia & Pacific,Upper middle income,2023,4688.46305366113,,216663.0
WSM,Samoa,East Asia & Pacific,Upper middle income,2024,4880.54418032056,,218019.0
XKX,Kosovo,Europe & Central Asia,Upper middle income,1980,,,1604818.0
XKX,Kosovo,Europe & Central Asia,Upper middle income,1981,,,1646565.0
XKX,Kosovo,Europe & Central Asia,Upper middle income,1982,,,1683166.0
XKX,Kosovo,Europe & Central Asia,Upper middle income,1983,,,1719245.0
XKX,Kosovo,Europe & Central Asia,Upper middle income,1984,,,1756818.0
XKX,Kosovo,Europe & Central Asia,Upper middle income,1985,,,1796018.0
XKX,Kosovo,Europe & Central Asia,Upper middle income,1986,,,1836972.0
XKX,Kosovo,Europe & Central Asia,Upper middle income,1987,,,1880590.0
XKX,Kosovo,Europe & Central Asia,Upper middle income,1988,,,1917882.0
XKX,Kosovo,Europe & Central Asia,Upper middle income,1989,,,1946339.0
XKX,Kosovo,Europe & Central Asia,Upper middle income,1990,,,1973790.0
XKX,Kosovo,Europe & Central Asia,Upper middle income,1991,,,2005362.0
XKX,Kosovo,Europe & Central Asia,Upper middle income,1992,,,2039723.0
XKX,Kosovo,Europe & Central Asia,Upper middle income,1993,,,2072664.0
XKX,Kosovo,Europe & Central Asia,Upper middle income,1994,,,2105256.0
XKX,Kosovo,Europe & Central Asia,Upper middle income,1995,,,2137514.0
XKX,Kosovo,Europe & Central Asia,Upper middle income,1996,,,2168753.0
XKX,Kosovo,Europe & Central Asia,Upper middle income,1997,,,2197284.0
XKX,Kosovo,Europe & Central Asia,Upper middle income,1998,,,2078964.0
XKX,Kosovo,Europe & Central Asia,Upper middle income,1999,,,1871524.0
XKX,Kosovo,Europe & Central Asia,Upper middle income,2000,,,1802493.0
XKX,Kosovo,Europe & Central Asia,Upper middle income,2001,,,1820009.0
XKX,Kosovo,Europe & Central Asia,Upper middle income,2002,,,1829462.0
XKX,Kosovo,Europe & Central Asia,Upper middle income,2003,,,1826434.0
XKX,Kosovo,Europe & Central Asia,Upper middle income,2004,,,1822773.0
XKX,Kosovo,Europe & Central Asia,Upper middle income,2005,,,1818354.0
XKX,Kosovo,Europe & Central Asia,Upper middle income,2006,,,1813079.0
XKX,Kosovo,Europe & Central Asia,Upper middle income,2007,,,1807094.0
XKX,Kosovo,Europe & Central Asia,Upper middle income,2008,2543.5980687089,,1800858.0
XKX,Kosovo,Europe & Central Asia,Upper middle income,2009,2680.85995592712,,1794681.0
XKX,Kosovo,Europe & Central Asia,Upper middle income,2010,2822.63227046091,,1788743.0
XKX,Kosovo,Europe & Central Asia,Upper middle income,2011,2995.64811314457,,1791949.0
XKX,Kosovo,Europe & Central Asia,Upper middle income,2012,3021.35000691677,,1807126.0
XKX,Kosovo,Europe & Central Asia,Upper middle income,2013,3163.4704088827,,1818119.0
XKX,Kosovo,Europe & Central Asia,Upper middle income,2014,3279.02345017707,,1812788.0
XKX,Kosovo,Europe & Central Asia,Upper middle income,2015,3520.62685324451,,1788274.0
XKX,Kosovo,Europe & Central Asia,Upper middle income,2016,3739.17386677497,,1777568.0
XKX,Kosovo,Europe & Central Asia,Upper middle income,2017,3890.17624537261,,1791019.0
XKX,Kosovo,Europe & Central Asia,Upper middle income,2018,4009.11952439378,,1797086.0
XKX,Kosovo,Europe & Central Asia,Upper middle income,2019,4219.06495675744,,1788891.0
XKX,Kosovo,Europe & Central Asia,Upper middle income,2020,3990.94425586648,,1790151.0
XKX,Kosovo,Europe & Central Asia,Upper middle income,2021,4429.87389440857,,1786079.0
XKX,Kosovo,Europe & Central Asia,Upper middle income,2022,4666.38918595784,,1768096.0
XKX,Kosovo,Europe & Central Asia,Upper middle income,2023,5102.74674921908,,1682668.0
XKX,Kosovo,Europe & Central Asia,Upper middle income,2024,5631.67958854422,,1594353.0
YEM,"Yemen, Rep.","Middle East, North Africa, Afghanistan & Pakistan",Low income,1980,,,9543358.0
YEM,"Yemen, Rep.","Middle East, North Africa, Afghanistan & Pakistan",Low income,1981,,,9882362.0
YEM,"Yemen, Rep.","Middle East, North Africa, Afghanistan & Pakistan",Low income,1982,,,10241006.0
YEM,"Yemen, Rep.","Middle East, North Africa, Afghanistan & Pakistan",Low income,1983,,,10621499.0
YEM,"Yemen, Rep.","Middle East, North Africa, Afghanistan & Pakistan",Low income,1984,,,11025597.0
YEM,"Yemen, Rep.","Middle East, North Africa, Afghanistan & Pakistan",Low income,1985,,,11453825.0
YEM,"Yemen, Rep.","Middle East, North Africa, Afghanistan & Pakistan",Low income,1986,,,11901040.0
YEM,"Yemen, Rep.","Middle East, North Africa, Afghanistan & Pakistan",Low income,1987,,,12369912.0
YEM,"Yemen, Rep.","Middle East, North Africa, Afghanistan & Pakistan",Low income,1988,,,12859708.0
YEM,"Yemen, Rep.","Middle East, North Africa, Afghanistan & Pakistan",Low income,1989,,,13364174.0
YEM,"Yemen, Rep.","Middle East, North Africa, Afghanistan & Pakistan",Low income,1990,1722.22439411789,,13887862.0
YEM,"Yemen, Rep.","Middle East, North Africa, Afghanistan & Pakistan",Low income,1991,1761.81146099568,,14430201.0
YEM,"Yemen, Rep.","Middle East, North Africa, Afghanistan & Pakistan",Low income,1992,1835.28111559428,,14989494.0
YEM,"Yemen, Rep.","Middle East, North Africa, Afghanistan & Pakistan",Low income,1993,1838.28268593285,,15563914.0
YEM,"Yemen, Rep.","Middle East, North Africa, Afghanistan & Pakistan",Low income,1994,1890.75509687978,,16149147.0
YEM,"Yemen, Rep.","Middle East, North Africa, Afghanistan & Pakistan",Low income,1995,1927.42298079078,,16740058.0
YEM,"Yemen, Rep.","Middle East, North Africa, Afghanistan & Pakistan",Low income,1996,1949.99754744654,,17313177.0
YEM,"Yemen, Rep.","Middle East, North Africa, Afghanistan & Pakistan",Low income,1997,1987.6265785116,,17873936.0
YEM,"Yemen, Rep.","Middle East, North Africa, Afghanistan & Pakistan",Low income,1998,2041.67107777046,,18446013.0
YEM,"Yemen, Rep.","Middle East, North Africa, Afghanistan & Pakistan",Low income,1999,2053.79786274001,,19029420.0
YEM,"Yemen, Rep.","Middle East, North Africa, Afghanistan & Pakistan",Low income,2000,2114.67265566851,,19624141.0
YEM,"Yemen, Rep.","Middle East, North Africa, Afghanistan & Pakistan",Low income,2001,2129.77268762778,,20226147.0
YEM,"Yemen, Rep.","Middle East, North Africa, Afghanistan & Pakistan",Low income,2002,2148.88860494788,,20835086.0
YEM,"Yemen, Rep.","Middle East, North Africa, Afghanistan & Pakistan",Low income,2003,2164.86083019467,,21456379.0
YEM,"Yemen, Rep.","Middle East, North Africa, Afghanistan & Pakistan",Low income,2004,2185.78999159086,,22095167.0
YEM,"Yemen, Rep.","Middle East, North Africa, Afghanistan & Pakistan",Low income,2005,2237.63762643152,,22790085.0
YEM,"Yemen, Rep.","Middle East, North Africa, Afghanistan & Pakistan",Low income,2006,2234.74266863312,,23543083.0
YEM,"Yemen, Rep.","Middle East, North Africa, Afghanistan & Pakistan",Low income,2007,2235.75075901067,,24318082.0
YEM,"Yemen, Rep.","Middle East, North Africa, Afghanistan & Pakistan",Low income,2008,2244.04491655237,,25111941.0
YEM,"Yemen, Rep.","Middle East, North Africa, Afghanistan & Pakistan",Low income,2009,2257.46902086832,,25927724.0
YEM,"Yemen, Rep.","Middle East, North Africa, Afghanistan & Pakistan",Low income,2010,2356.19960422096,1035000.0,26754387.0
YEM,"Yemen, Rep.","Middle East, North Africa, Afghanistan & Pakistan",Low income,2011,1994.83663337222,1175000.0,27582897.0
YEM,"Yemen, Rep.","Middle East, North Africa, Afghanistan & Pakistan",Low income,2012,1981.45800046603,1282000.0,28433647.0
YEM,"Yemen, Rep.","Middle East, North Africa, Afghanistan & Pakistan",Low income,2013,2014.7289059487,1323000.0,29312952.0
YEM,"Yemen, Rep.","Middle East, North Africa, Afghanistan & Pakistan",Low income,2014,1950.1625450589,1218000.0,30226309.0
YEM,"Yemen, Rep.","Middle East, North Africa, Afghanistan & Pakistan",Low income,2015,1362.1738120601,398000.0,31159379.0
YEM,"Yemen, Rep.","Middle East, North Africa, Afghanistan & Pakistan",Low income,2016,1197.95865971172,,32109010.0
YEM,"Yemen, Rep.","Middle East, North Africa, Afghanistan & Pakistan",Low income,2017,1103.45634849842,,33090921.0
YEM,"Yemen, Rep.","Middle East, North Africa, Afghanistan & Pakistan",Low income,2018,1079.32938366255,,34085182.0
YEM,"Yemen, Rep.","Middle East, North Africa, Afghanistan & Pakistan",Low income,2019,,,35111408.0
YEM,"Yemen, Rep.","Middle East, North Africa, Afghanistan & Pakistan",Low income,2020,,,36134863.0
YEM,"Yemen, Rep.","Middle East, North Africa, Afghanistan & Pakistan",Low income,2021,,,37140230.0
YEM,"Yemen, Rep.","Middle East, North Africa, Afghanistan & Pakistan",Low income,2022,,,38222876.0
YEM,"Yemen, Rep.","Middle East, North Africa, Afghanistan & Pakistan",Low income,2023,,,39390799.0
YEM,"Yemen, Rep.","Middle East, North Africa, Afghanistan & Pakistan",Low income,2024,,,40583164.0
ZAF,South Africa,Sub-Saharan Africa,Upper middle income,1980,5399.54067871187,,29518857.0
ZAF,South Africa,Sub-Saharan Africa,Upper middle income,1981,5498.59203384975,,30541044.0
ZAF,South Africa,Sub-Saharan Africa,Upper middle income,1982,5291.38261097586,,31615339.0
ZAF,South Africa,Sub-Saharan Africa,Upper middle income,1983,5015.37142372166,,32739304.0
ZAF,South Africa,Sub-Saharan Africa,Upper middle income,1984,5091.71936365917,,33892788.0
ZAF,South Africa,Sub-Saharan Africa,Upper middle income,1985,4865.05694085787,,35042093.0
ZAF,South Africa,Sub-Saharan Africa,Upper middle income,1986,4712.81869464239,,36180515.0
ZAF,South Africa,Sub-Saharan Africa,Upper middle income,1987,4664.13011613961,,37326190.0
ZAF,South Africa,Sub-Saharan Africa,Upper middle income,1988,4714.22284174624,,38480649.0
ZAF,South Africa,Sub-Saharan Africa,Upper middle income,1989,4687.291051902,,39628575.0
ZAF,South Africa,Sub-Saharan Africa,Upper middle income,1990,4544.23023212165,,40746268.0
ZAF,South Africa,Sub-Saharan Africa,Upper middle income,1991,4396.36069450543,,41687898.0
ZAF,South Africa,Sub-Saharan Africa,Upper middle income,1992,4225.814328485,,42443509.0
ZAF,South Africa,Sub-Saharan Africa,Upper middle income,1993,4193.59826135345,,43297156.0
ZAF,South Africa,Sub-Saharan Africa,Upper middle income,1994,4258.26184733408,,44004139.0
ZAF,South Africa,Sub-Saharan Africa,Upper middle income,1995,4337.29729686998,4684000.0,44541554.0
ZAF,South Africa,Sub-Saharan Africa,Upper middle income,1996,4465.50649854807,5186000.0,45123018.0
ZAF,South Africa,Sub-Saharan Africa,Upper middle income,1997,4527.04992403877,5170000.0,45666838.0
ZAF,South Africa,Sub-Saharan Africa,Upper middle income,1998,4494.85711232358,5898000.0,46223880.0
ZAF,South Africa,Sub-Saharan Africa,Upper middle income,1999,4552.85007973031,6026000.0,46730335.0
ZAF,South Africa,Sub-Saharan Africa,Upper middle income,2000,4700.87555500704,6001000.0,47159719.0
ZAF,South Africa,Sub-Saharan Africa,Upper middle income,2001,4786.482450463,5908000.0,47566800.0
ZAF,South Africa,Sub-Saharan Africa,Upper middle income,2002,4916.81498068625,6550000.0,48019415.0
ZAF,South Africa,Sub-Saharan Africa,Upper middle income,2003,5011.62223150169,6640000.0,48500348.0
ZAF,South Africa,Sub-Saharan Africa,Upper middle income,2004,5187.35683424034,6815000.0,48991421.0
ZAF,South Africa,Sub-Saharan Africa,Upper middle income,2005,5406.07581377638,7518000.0,49490033.0
ZAF,South Africa,Sub-Saharan Africa,Upper middle income,2006,5650.9883176549,8509000.0,49998277.0
ZAF,South Africa,Sub-Saharan Africa,Upper middle income,2007,5891.42069421698,9208000.0,50528584.0
ZAF,South Africa,Sub-Saharan Africa,Upper middle income,2008,6009.71963138635,9729000.0,51114599.0
ZAF,South Africa,Sub-Saharan Africa,Upper middle income,2009,5847.05811084505,9532000.0,51728516.0
ZAF,South Africa,Sub-Saharan Africa,Upper middle income,2010,5953.94506512821,11303000.0,52344051.0
ZAF,South Africa,Sub-Saharan Africa,Upper middle income,2011,6067.12482726885,12097000.0,52995205.0
ZAF,South Africa,Sub-Saharan Africa,Upper middle income,2012,6121.55783860713,13069000.0,53782567.0
ZAF,South Africa,Sub-Saharan Africa,Upper middle income,2013,6170.87670863373,14318000.0,54678791.0
ZAF,South Africa,Sub-Saharan Africa,Upper middle income,2014,6155.00589462516,14530000.0,55594838.0
ZAF,South Africa,Sub-Saharan Africa,Upper middle income,2015,6112.27382485974,13952000.0,56723537.0
ZAF,South Africa,Sub-Saharan Africa,Upper middle income,2016,6095.295060428,15121000.0,57259551.0
ZAF,South Africa,Sub-Saharan Africa,Upper middle income,2017,6125.6920507497,14975000.0,57635162.0
ZAF,South Africa,Sub-Saharan Africa,Upper middle income,2018,6117.2701406047,15004000.0,58613001.0
ZAF,South Africa,Sub-Saharan Africa,Upper middle income,2019,6032.82972598668,14797000.0,59587885.0
ZAF,South Africa,Sub-Saharan Africa,Upper middle income,2020,5569.58483319272,3886600.09765625,60562381.0
ZAF,South Africa,Sub-Saharan Africa,Upper middle income,2021,5750.90937479584,,61502603.0
ZAF,South Africa,Sub-Saharan Africa,Upper middle income,2022,5786.86505344736,,62378410.0
ZAF,South Africa,Sub-Saharan Africa,Upper middle income,2023,5756.55049453121,,63212384.0
ZAF,South Africa,Sub-Saharan Africa,Upper middle income,2024,5715.47531469148,,64007187.0
ZMB,Zambia,Sub-Saharan Africa,Lower middle income,1980,1062.93600223771,,5802833.0
ZMB,Zambia,Sub-Saharan Africa,Lower middle income,1981,1094.46195855082,,5983289.0
ZMB,Zambia,Sub-Saharan Africa,Lower middle income,1982,1030.04718157436,,6178637.0
ZMB,Zambia,Sub-Saharan Africa,Lower middle income,1983,977.759709968015,,6381038.0
ZMB,Zambia,Sub-Saharan Africa,Lower middle income,1984,944.930593972368,,6580490.0
ZMB,Zambia,Sub-Saharan Africa,Lower middle income,1985,931.808263595704,,6780953.0
ZMB,Zambia,Sub-Saharan Africa,Lower middle income,1986,910.944542362099,,6986471.0
ZMB,Zambia,Sub-Saharan Africa,Lower middle income,1987,908.680042753164,,7191282.0
ZMB,Zambia,Sub-Saharan Africa,Lower middle income,1988,939.599679398111,,7391440.0
ZMB,Zambia,Sub-Saharan Africa,Lower middle income,1989,905.747380200891,,7589216.0
ZMB,Zambia,Sub-Saharan Africa,Lower middle income,1990,878.589205998477,,7786169.0
ZMB,Zambia,Sub-Saharan Africa,Lower middle income,1991,856.761723583768,,7981650.0
ZMB,Zambia,Sub-Saharan Africa,Lower middle income,1992,821.850104215064,,8176680.0
ZMB,Zambia,Sub-Saharan Africa,Lower middle income,1993,857.039669609389,,8373921.0
ZMB,Zambia,Sub-Saharan Africa,Lower middle income,1994,764.639411345433,,8576269.0
ZMB,Zambia,Sub-Saharan Africa,Lower middle income,1995,768.035201563368,163000.0,8785763.0
ZMB,Zambia,Sub-Saharan Africa,Lower middle income,1996,796.018059633101,264000.0,9004053.0
ZMB,Zambia,Sub-Saharan Africa,Lower middle income,1997,805.53240180321,341000.0,9237063.0
ZMB,Zambia,Sub-Saharan Africa,Lower middle income,1998,781.663383813883,362000.0,9482408.0
ZMB,Zambia,Sub-Saharan Africa,Lower middle income,1999,796.377985981253,404000.0,9740005.0
ZMB,Zambia,Sub-Saharan Africa,Lower middle income,2000,804.48463418783,457000.0,10017631.0
ZMB,Zambia,Sub-Saharan Africa,Lower middle income,2001,822.020935308251,492000.0,10325185.0
ZMB,Zambia,Sub-Saharan Africa,Lower middle income,2002,833.021177549004,565000.0,10647949.0
ZMB,Zambia,Sub-Saharan Africa,Lower middle income,2003,863.650190656785,413000.0,10983595.0
ZMB,Zambia,Sub-Saharan Africa,Lower middle income,2004,895.475258534826,515000.0,11338198.0
ZMB,Zambia,Sub-Saharan Africa,Lower middle income,2005,929.079255855905,669000.0,11718819.0
ZMB,Zambia,Sub-Saharan Africa,Lower middle income,2006,968.563565019492,757000.0,12129553.0
ZMB,Zambia,Sub-Saharan Africa,Lower middle income,2007,1013.08567432637,897000.0,12565085.0
ZMB,Zambia,Sub-Saharan Africa,Lower middle income,2008,1053.58612301068,812000.0,13021324.0
ZMB,Zambia,Sub-Saharan Africa,Lower middle income,2009,1110.71918102486,710000.0,13490389.0
ZMB,Zambia,Sub-Saharan Africa,Lower middle income,2010,1183.41712409199,815000.0,13965594.0
ZMB,Zambia,Sub-Saharan Africa,Lower middle income,2011,1208.46424569634,920000.0,14437796.0
ZMB,Zambia,Sub-Saharan Africa,Lower middle income,2012,1258.78938578996,859000.0,14913629.0
ZMB,Zambia,Sub-Saharan Africa,Lower middle income,2013,1280.77012176778,915000.0,15398997.0
ZMB,Zambia,Sub-Saharan Africa,Lower middle income,2014,1299.01241762504,947000.0,15895315.0
ZMB,Zambia,Sub-Saharan Africa,Lower middle income,2015,1295.87788680068,932000.0,16399089.0
ZMB,Zambia,Sub-Saharan Africa,Lower middle income,2016,1303.57513869133,956000.0,16914423.0
ZMB,Zambia,Sub-Saharan Africa,Lower middle income,2017,1308.76829240086,1009000.0,17441320.0
ZMB,Zambia,Sub-Saharan Africa,Lower middle income,2018,1321.25045711573,1072000.0,17973569.0
ZMB,Zambia,Sub-Saharan Africa,Lower middle income,2019,1301.18132976178,1266000.0,18513839.0
ZMB,Zambia,Sub-Saharan Africa,Lower middle income,2020,1228.73500113195,502000.0,19059395.0
ZMB,Zambia,Sub-Saharan Africa,Lower middle income,2021,1269.10821808895,,19603607.0
ZMB,Zambia,Sub-Saharan Africa,Lower middle income,2022,1298.8480495593,,20152938.0
ZMB,Zambia,Sub-Saharan Africa,Lower middle income,2023,1330.85998216751,,20723965.0
ZMB,Zambia,Sub-Saharan Africa,Lower middle income,2024,1343.38966380353,,21314956.0
ZWE,Zimbabwe,Sub-Saharan Africa,Lower middle income,1980,1547.24303557325,,7041303.0
ZWE,Zimbabwe,Sub-Saharan Africa,Lower middle income,1981,1634.85792339379,,7498635.0
ZWE,Zimbabwe,Sub-Saharan Africa,Lower middle income,1982,1613.8207054948,,7796496.0
ZWE,Zimbabwe,Sub-Saharan Africa,Lower middle income,1983,1578.2877877611,,8098404.0
ZWE,Zimbabwe,Sub-Saharan Africa,Lower middle income,1984,1494.11174302875,,8391488.0
ZWE,Zimbabwe,Sub-Saharan Africa,Lower middle income,1985,1543.54602241645,,8686813.0
ZWE,Zimbabwe,Sub-Saharan Africa,Lower middle income,1986,1524.05510786515,,8982578.0
ZWE,Zimbabwe,Sub-Saharan Africa,Lower middle income,1987,1491.43889200127,,9284644.0
ZWE,Zimbabwe,Sub-Saharan Africa,Lower middle income,1988,1554.121523425,,9583094.0
ZWE,Zimbabwe,Sub-Saharan Africa,Lower middle income,1989,1588.24428841402,,9864798.0
ZWE,Zimbabwe,Sub-Saharan Africa,Lower middle income,1990,1653.56521361694,,10137281.0
ZWE,Zimbabwe,Sub-Saharan Africa,Lower middle income,1991,1700.16751573044,,10404816.0
ZWE,Zimbabwe,Sub-Saharan Africa,Lower middle income,1992,1503.8338876162,,10702700.0
ZWE,Zimbabwe,Sub-Saharan Africa,Lower middle income,1993,1497.59397309998,,10860288.0
ZWE,Zimbabwe,Sub-Saharan Africa,Lower middle income,1994,1633.9654774338,,10873148.0
ZWE,Zimbabwe,Sub-Saharan Africa,Lower middle income,1995,1621.41919547814,1416000.0,10974599.0
ZWE,Zimbabwe,Sub-Saharan Africa,Lower middle income,1996,1759.94136824269,1597000.0,11158360.0
ZWE,Zimbabwe,Sub-Saharan Africa,Lower middle income,1997,1773.50690066801,1336000.0,11369827.0
ZWE,Zimbabwe,Sub-Saharan Africa,Lower middle income,1998,1789.35135307089,2090000.0,11594297.0
ZWE,Zimbabwe,Sub-Saharan Africa,Lower middle income,1999,1746.22663873399,2250000.0,11783458.0
ZWE,Zimbabwe,Sub-Saharan Africa,Lower middle income,2000,1677.34896793251,1967000.0,11892055.0
ZWE,Zimbabwe,Sub-Saharan Africa,Lower middle income,2001,1690.14666163116,2217000.0,11971901.0
ZWE,Zimbabwe,Sub-Saharan Africa,Lower middle income,2002,1525.07935706564,2041000.0,12087653.0
ZWE,Zimbabwe,Sub-Saharan Africa,Lower middle income,2003,1250.91948331231,2256000.0,12232323.0
ZWE,Zimbabwe,Sub-Saharan Africa,Lower middle income,2004,1165.54447081543,1854000.0,12365896.0
ZWE,Zimbabwe,Sub-Saharan Africa,Lower middle income,2005,1088.63148420699,1559000.0,12483432.0
ZWE,Zimbabwe,Sub-Saharan Africa,Lower middle income,2006,1038.22375658033,2287000.0,12636445.0
ZWE,Zimbabwe,Sub-Saharan Africa,Lower middle income,2007,987.200362596937,2506000.0,12804058.0
ZWE,Zimbabwe,Sub-Saharan Africa,Lower middle income,2008,803.044944654991,1956000.0,12959149.0
ZWE,Zimbabwe,Sub-Saharan Africa,Lower middle income,2009,896.915532877845,2017000.0,13142790.0
ZWE,Zimbabwe,Sub-Saharan Africa,Lower middle income,2010,1056.20884563889,2239000.0,13356548.0
ZWE,Zimbabwe,Sub-Saharan Africa,Lower middle income,2011,1184.93421020563,2423000.0,13595424.0
ZWE,Zimbabwe,Sub-Saharan Africa,Lower middle income,2012,1360.15230034275,1794000.0,13817887.0
ZWE,Zimbabwe,Sub-Saharan Africa,Lower middle income,2013,1367.81831689463,1833000.0,14013808.0
ZWE,Zimbabwe,Sub-Saharan Africa,Lower middle income,2014,1381.25404125871,1880000.0,14207359.0
ZWE,Zimbabwe,Sub-Saharan Africa,Lower middle income,2015,1387.12632595026,2057000.0,14399013.0
ZWE,Zimbabwe,Sub-Saharan Africa,Lower middle income,2016,1378.34256192374,2168000.0,14600294.0
ZWE,Zimbabwe,Sub-Saharan Africa,Lower middle income,2017,1422.91948946927,2423000.0,14812482.0
ZWE,Zimbabwe,Sub-Saharan Africa,Lower middle income,2018,1472.14603844842,2580000.0,15034452.0
ZWE,Zimbabwe,Sub-Saharan Africa,Lower middle income,2019,1357.53087818754,2294000.0,15271368.0
ZWE,Zimbabwe,Sub-Saharan Africa,Lower middle income,2020,1230.81933361016,639000.0,15526888.0
ZWE,Zimbabwe,Sub-Saharan Africa,Lower middle income,2021,1312.20001358807,,15797210.0
ZWE,Zimbabwe,Sub-Saharan Africa,Lower middle income,2022,1369.19761495571,,16069056.0
ZWE,Zimbabwe,Sub-Saharan Africa,Lower middle income,2023,1418.47184628799,,16340822.0
ZWE,Zimbabwe,Sub-Saharan Africa,Lower middle income,2024,1416.80065463874,,16634373.0
